:020000040800F2
:10000000D063012071020008ED360008BB2A000809
:100010005D3500083D0B0008794400080000000031
:10002000000000000000000000000000B101000816
:10003000DD0C0008000000000D0200086D3C000807
:100040008B0200088B0200088B0200088B0200085C
:100050008B0200088B0200088B0200088B0200084C
:100060008B0200088B0200088B0200088B0200083C
:100070008B0200088B0200088B0200088B0200082C
:100080008B0200088B0200088B02000800000000B1
:100090000000000000000000000000008B020008CB
:1000A0008B0200088B0200088B0200088B020008FC
:1000B0008B020008293D0008353D00088B0200082E
:1000C0008B0200088B0200088B0200088B020008DC
:1000D0008B020008614400086D4400080000000025
:1000E0008B0200088B0200088B0200080000000051
:1000F0000000000000000000000000008B0200086B
:10010000000000008B0200088B0200088B02000830
:1001100000000000000000000000000000000000DF
:100120008B0200088B020008210C00088B020008DB
:100130008B0200080000000000000000000000002A
:100140000000000000000000000000008B0200081A
:100150008B0200088B0200082D0C00088B0200089F
:100160008B0200088B020008000000000000000065
:10017000000000000000000000000000000000007F
:10018000000000008B0200080000000000000000DA
:100190008B0200088B020008DFF810D000F04CFC46
:1001A00000480047E94A0208AFF30080D06301200D
:1001B0002C4B19680868B0E8F04F80F30988BFF34A
:1001C0006F8F4FF0000080F311887047000000002F
:1001D00008480068006880F308884FF0000080F34A
:1001E000148862B661B6BFF34F8FBFF36F8F00DF25
:1001F00000BF00BF08ED00E0DFF80C00016841F42B
:1002000070010160704700BF88ED00E0EFF30980E6
:10021000BFF36F8F134B1A681EF0100F08BF20ED4D
:10022000108A20E9F04F106009B44FF0500080F3BD
:100230001188BFF34F8FBFF36F8F2AF043FD4FF04C
:10024000000080F3118809BC19680868B0E8F04F15
:100250001EF0100F08BFB0EC108A80F30988BFF3BE
:100260006F8F704778020020EFF305807047000021
:100270000648804706480047FEE7FEE7FEE7FEE740
:10028000FEE7FEE7FEE7FEE7FEE7FEE7193D0008B2
:10029000990100082DE9F05F0546002092469B4633
:1002A00088460646814640241BE02846414647468C
:1002B000224600F0F2FA53465A46C01A914110D332
:1002C00011461846224600F0D9FA2D1A67EB0108AC
:1002D0004F4622460120002100F0D0FA17EB00091A
:1002E0004E41201EA4F10104DFDC484631462A4677
:1002F0004346BDE8F09F10B5431A934209D28318D4
:10030000881803E010F8011D03F8011D521EF9D2F0
:1003100010BD40EA01039B0703D009E008C9121F82
:1003200008C0042AFAD203E011F8013B00F8013BAF
:10033000521EF9D210BDD2B201E000F8012B491EC5
:10034000FBD270470022F6E710B513460A46044672
:100350001946FFF7F0FF204610BD30B505462A4686
:100360000B4612F8010B13F8014B08B1A042F8D06C
:100370001CB1002802D06D1CF1E7284630BD421C9C
:1003800010F8011B0029FBD1801A704710B500221C
:1003900000E0521C835C8C5CA34201D1002BF8D19D
:1003A000D8B2E1B2401A10BD30B504460020034671
:1003B00000E05B1C934203D2E05CCD5C401BF8D0B4
:1003C00030BD034611F8012B00F8012B002AF9D1AA
:1003D000184670472DE9FE4F804681EA0300C00FA2
:1003E0000C46009021F0004123F00045B8EB0200DC
:1003F000A94105D24046214690461C460B4602467E
:1004000023F00040104347D0270DC7F30A00C3F381
:100410000A510290401A019040286BDAC3F313008E
:1004200040F4801B0098924620B10023D2EB030ACF
:1004300063EB0B0B01985946C0F14002504600F0A7
:100440001DFA06460D4650465946019A00F035FA07
:1004500010EB08006141002487EA115284EAE77337
:100460001A4340D0009A62B3019A012A4FEA075218
:1004700015DC001B61EB02014FF0004202EA07525B
:10048000CDE90042001C41F5801132462B4600F0B8
:100490006CFA03B0BDE8F08F40462146F9E7001B37
:1004A00061EB0201001C41F5801300185B4120182C
:1004B000A2F5001747EB030140EAD570B6196D416C
:1004C00011E06D084FEA360645EAC0754FEA07525B
:1004D000001B61EB0201001C41F5801149084FEA45
:1004E00030000019514132462B4603B0BDE8F04FB1
:1004F00000F02CBA0098012240000023D0EB020249
:1005000063EBE073009821464FEAE074B8EB00001B
:1005100061EB0401E9E783F000435BE781F0004110
:1005200058E72DE9FE4F81EA030404F0004421F06E
:10053000004100944FF0000B23F0004350EA010407
:100540005ED052EA03045BD0C3F30A54C1F30A55E8
:100550002C44A4F2F3340194A0FB0254C1F3130120
:1005600041F48011C3F3130343F4801301FB0244ED
:1005700000FB034E840A970A44EA815447EA8357F2
:10058000A4FB076802958D0A05FB07854FEA932CAB
:1005900004FB0C542705029D4FEA065847EA16371C
:1005A000B5EB08056EEB070C870E920E47EA811734
:1005B00042EA8312A7FB0201B6EB0B0164EB0004D5
:1005C0002B0D43EA0C335E1844EB1C50DA465146BF
:1005D000E7FB0201C5F313044FEA0B3343EA14535C
:1005E0004FEA0432019C43EA0603A4F10C0402948E
:1005F000009CCDE900B400F0B8F903B0BDE8F08F7D
:1006000000200146F9E72DE9F04D81EA030404F0EA
:10061000004B21F0004514464FF0000A23F0004142
:1006200050EA050220D054EA01021DD0C5F30A5752
:100630000246C5F31303C1F31300C1F30A5640F495
:10064000801543F48013A7EB0608101BD64608F26A
:10065000FD3873EB050002D308F1010801E09218A0
:100660005B41B8F1000F03DA00200146BDE8F08DD0
:1006700000204FF48011064684460EE0171B73EBF2
:10068000050705D3121B63EB050306434CEA010C77
:1006900049084FEA300092185B4150EA0107EDD15A
:1006A00052EA030012D082EA040083EA05010843FB
:1006B00005D0101BAB4106D20122002306E0002228
:1006C0004FF0004302E06FF0010253101AEB0600F6
:1006D0004CEB085110EB0A0041EB0B01BDE8F04D6B
:1006E00000F034B90EB5C10F80EAE0700844CA07C3
:1006F000002140F233438DE80E000A460B4600F01D
:1007000034F903B000BD0EB540F23341029100212F
:10071000CDE900110A460B4600F027F903B000BDF1
:1007200070B5C1F30A5201F000450024C1F3130172
:1007300040F2FF3341F480119A4201DA002070BD8B
:1007400040F233439A42A2F2334203DC524200F0B9
:10075000A4F800E090402C43F1D0404270BDC1F3BA
:100760000A5210B5C1F3130140F2FF3341F4801176
:100770009A4201DA002010BD40F233439A42A2F2BD
:10078000334203DC524200F088F810BD904010BDA7
:1007900000F0004230F000400AD0C10D01F5607158
:1007A000C0F3160042EA0151C208400711437047E6
:1007B000002001467047000030B5041E71F10004AE
:1007C00004DB4FF00044404264EB0101141E73F15E
:1007D000000405DB1C464FF00043524263EB040368
:1007E0008B4208BF824230BD30B5041E71F1000457
:1007F00004DB4FF00044404264EB0101141E73F12E
:10080000000405DB1C464FF00043524263EB040337
:10081000994208BF904230BD01F0004330B421F04E
:10082000004150EA010206D00A0DA2F56072C1F340
:100830001301002A02DC30BC00207047440F44EA58
:10084000C104C100E01830BC00EBC25000F047B852
:1008500030B50B46014600202022012409E021FA90
:1008600002F59D4205D303FA02F5491B04FA02F58D
:100870002844151EA2F10102F1DC30BD202A04DB60
:10088000203A00FA02F1002070479140C2F12003A3
:1008900020FA03F3194390407047202A04DB203AE2
:1008A00021FA02F00021704721FA02F3D040C2F190
:1008B00020029140084319467047202A06DBCB17D7
:1008C000203A41FA02F043EAE07306E041FA02F30B
:1008D000D040C2F1200291400843194670470029D8
:1008E000A8BF7047401C490008BF20F001007047B6
:1008F00010B4B0FA80FC00FA0CF050EA010404BF16
:1009000010BC704749B1CCF1200421FA04F411FA6B
:100910000CF118BF012121430843A3EB0C01CB1DAF
:100920004FEA00614FEA102042BF002010BC704720
:1009300000EBC35010440029A4BF10BC7047401CFA
:10094000490008BF20F0010010BC704710B5141E0C
:1009500073F1000408DA401C41F1000192185B4178
:100960001A4301D120F0010010BD2DE9F04D92464F
:100970009B4611B1B1FA81F202E0B0FA80F2203266
:100980009046FFF77BFF04460F4640EA0A0041EA23
:100990000B0153465A46084313D0114653EA01004F
:1009A00019D0C8F140025046FFF777FF05460E46C2
:1009B000504659464246FFF761FF084305D00120E3
:1009C00004E020463946BDE8F08D0020054346EAA4
:1009D000E0762C4337430A986305E40AA0EB08004D
:1009E0000022FD0A44EA47540A3002D5002001469D
:1009F000E9E7010510196941DDE908450019694178
:100A0000BDE8F04DA2E7C1F30A52C1F3130140F271
:100A1000FF3341F480119A4202DA00200146704708
:100A200040F233439A42A2F2334202DC5242FFF7D1
:100A300034BFFFF723BF0000064C074D06E0E06817
:100A400040F0010394E8070098471034AC42F6D315
:100A5000FFF7A6FBF41E0308141F030870B58C18DB
:100A600010F8015B15F0070301D110F8013B2A11C2
:100A700006D110F8012B03E010F8016B01F8016BAF
:100A80005B1EF9D12B0705D40023521E0DD401F8AB
:100A9000013BFAE710F8013BCB1A921C03E013F874
:100AA000015B01F8015B521EF9D5A142D8D30020A9
:100AB00070BD000008B502F057FA00241C4D42F248
:100AC0001076671E304629F0B9FF3946A8682AF02B
:100AD000C9FC02F00DFE287818B302F07FFB4FF43A
:100AE0007A7302226946002025F038F8022806DBD6
:100AF0009DF80000D02802D19DF8010080B1641C4F
:100B0000E4B2032C0DD300202870012208210948EB
:100B100000F044FD00224FF40041074800F03EFD84
:100B2000002400231A461946A8682AF0EFFAC9E7FC
:100B3000140000200004024000000240FEE7000014
:100B400070B50346AAB14FF6FF704AF201040CE0FB
:100B500013F8012B50400022C50702D084EA500050
:100B600000E04008521C082AF6DB491EC9B2EFD249
:100B700070BD094DFF20024605F5807606E000BFF6
:100B800013F8014B4440285D5040325D491EC9B204
:100B9000F6D240EA022070BD1818030807484178D1
:100BA0000078081A8030C11700EB516121F07F01F5
:100BB000401AC0F18000C0B2704700005C02002003
:100BC0002DE9F0410C468046FFF7E8FFA04202D233
:100BD0000020BDE8F081104D104968780219802A84
:100BE00008D2084422464146FFF785FB6878204436
:100BF00068700FE0C0F18002D7B208443A4641461F
:100C0000FFF779FBE61B08EB070132460348FFF7C5
:100C100072FB6E702046DCE75C0200207C14012031
:100C2000014800F047BA0000A0040020014800F08D
:100C300041BA00000005002001681823CAB2103A2A
:100C4000B2FBF3F2054B6FF30901032A9B5CC3650A
:100C500000D9091D816508467047000070BB020875
:100C600010B5014600208B698A6A4FF0C07453B1F9
:100C7000B3F5005F15D072B1012A0CD0022A0AD058
:100C8000032A09D104E01AB1012A06D0022A03D1AD
:100C9000C96AC90100D5012010BDC96AA142FAD0B4
:100CA00010BD002AF7D0012AF2D0022AF3D0032A7D
:100CB000F3D010BD30B50468256825F48025256083
:100CC000046863608368402B036803D09960006800
:100CD000C26030BD9A600068C16030BD70470000DE
:100CE0002DE9F047ADF5027D17468946044680A8F8
:100CF00002F006FD0028FAD12046FFF740FB82B241
:100D00004FF47A7321461F4801F086FE002400F05C
:100D10004BFC0546A0464FF4FF7A6E4613E000BF39
:100D200000F042FC05469DF800020A2815D00D2867
:100D300004D0544502D83055641CA4B280A802F0F7
:100D4000DFFC0028ECD100F02FFC401BB842F5D3AB
:100D500002200DF5027DBDE8F08706F80480B9F1A8
:100D6000000006D001466846FFF7F7FA08B10020F8
:100D7000EFE705A16846FFF7F0FA08B10120E8E7C0
:100D80000024DBE7100400204552524F52000000BF
:100D90000A4601A1FFF7A4BF4F4B00002DE9F84F11
:100DA00089468346FFF7EBFA04000AD023F00AFFD6
:100DB00082462146FFF7C6FA002500F0F5FB0746FC
:100DC0002BE00120BDE8F88F684602F099FC20B3C3
:100DD00095FBF4F004FB10519DF800206D1C0AF8FF
:100DE0000120A54219DB281B90FBF4F104FB110044
:100DF000261AA4EB0608002E05DD5044324659465B
:100E0000FFF7D2FA48B9B8F1000F10DD0BEB06017D
:100E100042465046FFF7C8FA48B100F0C5FBC11B77
:100E20004945D1D350460FF0BDFF0020CAE75046D8
:100E30000FF0B8FFC5E772B6FEE70000094810B52D
:100E4000017859B1C1680022052909DAD0E90134D5
:100E50009C4205D2491CC160012010BD002010BD7C
:100E6000C260FBE7640200202DE9F0410F4E4FF411
:100E70008005A0B00E4F2C464FF40008756080220C
:100E80002146684602F088FC0098B84203D18034BD
:100E900074604445F3D37068404500D37560012009
:100EA000B560307020B0BDE8F08100006402002021
:100EB000EFBEADDE10B50F48A0B00178002916D006
:100EC0008468803CB4F5800F11D3802221466846A7
:100ED00002F062FC08490098884208D1801700900F
:100EE00002F0E2FD80222146684602F083FC20B039
:100EF00010BD000064020020EFBEADDE2DE9F04120
:100F00001D4C0646A0B02078884648B120460025F2
:100F10002169AF1E4068052907DB2561A06008E054
:100F20004FF0FF3020B0BDE8F081A168814202D3CC
:100F300025613846F6E78022684602F02DFC0F490D
:100F40000098884202D06068A060F1E7BDF80820F0
:100F500030460DF10A01FFF7CEF9BDF8080035540F
:100F6000BDF80810A8F80010A0688030A0602069C3
:100F7000401C20610020D5E764020020EFBEADDEFA
:100F800070B51C4C0646A0B020780D4628B1742DD3
:100F900006D96FF0010020B070BD4FF0FF30FAE7C6
:100FA000FF2280216846FFF7C6F91348009000F041
:100FB000FBFA0190ADF808502A4631460DF10A00BF
:100FC000FFF799F96068B0F5000F04D34FF4800083
:100FD000606002F0EFFC6068010501D102F0EAFCFC
:100FE00080226846616802F005FC606880306060BD
:100FF0000020D0E764020020EFBEADDE2DE9F04115
:101000000446876D00F0D0FA064694F835000025B6
:10101000022806D08020606584F834500120BDE8A5
:10102000F0812068016821F01601016020684169A3
:1010300021F080014161206C08B9A06C20B12068CA
:10104000016821F0080101602068016821F00101B8
:1010500001600CE000F0A8FA801B052807D92020C9
:101060006065032084F8350084F83450D7E72068A1
:101070000068C007EED194F85C103F208840B8604B
:10108000012084F8350084F834500020C7E790F838
:101090003510022903D080214165012070470521C8
:1010A00080F835100068016821F00101016000201E
:1010B000704700002DE9F84304464FF00009CDF8D1
:1010C000009063484FF41651A56D0068B0FBF1F72E
:1010D0002E6894F85C10082000FA01F131420FD01C
:1010E00021680A6852070BD50A6822F004020A60D8
:1010F00094F85C108840A860606D40F00100606565
:1011000094F85C104FF0010808FA01F0304208D062
:1011100021684969090604D5A860606D40F00200A5
:10112000606594F85C1004208840304208D0216843
:101130000968890704D5A860606D40F00400606507
:1011400094F85C1010208840304218D0216809685B
:10115000090714D5A86020680168490304D5006810
:10116000000308D5A16C07E00168C90503D4016834
:1011700021F008010160216C09B12046884794F8EC
:101180005C1020208840304231D021680968C906AF
:101190002DD5A86094F8350005282068016806D090
:1011A000490347D5006800031DD4616C1CE021F0A1
:1011B000160101602068416921F080014161206CC5
:1011C00008B9A06C20B12068016821F00801016015
:1011D00094F85C103F208840A86084F8358084F83B
:1011E0003490216D1FE0E16B09B120468847606DA6
:1011F00000282BD0606DC00714D0052084F835007E
:101200002068016821F0010101600098401C0090F5
:10121000B84203D820680068C007F6D184F835804A
:1012200084F83490E16C002910D001B02046BDE86C
:10123000F04308470168C905D5D4016821F01001C1
:10124000016084F8358084F83490CCE7BDE8F883F9
:10125000100000202DE9F041044600F0A5F90646F3
:101260005CB1022084F83500002584F834502068F1
:10127000016821F0010101600DE00120BDE8F0816D
:1012800000F092F9801B052805D920206065032015
:1012900084F83500F2E720680068C007F0D12268C2
:1012A000116820480140D4E901031843D4E903360A
:1012B0003343184363691843A3691843E369184328
:1012C000236A18430843616A042903D1D4E90B1344
:1012D00019430843106020684069666A20F00701DE
:1012E00030460E43012704280CD1A06A0643E06A69
:1012F00040B12046FFF7B4FC20B14020606584F87F
:101300003570BAE7206846612046FFF795FC94F8EF
:101310005C203F2191408160656584F83570002034
:10132000ACE700003F8010F02DE9F0410446866DE7
:1013300090F83400002501280DD0012084F83400F5
:1013400094F835700020012F07D084F8340002256E
:101350002846BDE8F0810220FBE7022784F83570BB
:1013600060652046FFF7A6FC94F85C103F2088409B
:10137000B0602068016841F016010160206C20B166
:101380002068016841F0080101602068016841F0AF
:1013900001010160DCE7000070B5044600F004F9CB
:1013A0000546601C02D004480078044400F0FCF8B4
:1013B000401BA042FAD370BD040000202DE9F84F75
:1013C000DFF8B8A10022012403254FF00F090AF12C
:1013D000040BAAF1040E00BF0B6804FA02F63340B6
:1013E000B34273D10F7907F00307012F01D0022F09
:1013F00016D187684FEA420805FA08FC27EA0C076D
:10140000D1F80CC00CFA08FC4CEA070CC0F808C074
:101410004768B7430E79C6F3001696403E434660D0
:101420000E79F643B6070DD0C768560005FA06FCDC
:1014300027EA0C07D1F808C00CFA06FC4CEA070CA6
:10144000C0F80CC00E7906F00306022E10D1D608A3
:1014500000EB8608D8F8206057074FEAD76C09FAE6
:101460000CF7BE430F6907FA0CF73743C8F8207032
:1014700006684FEA420C05FA0CF7BE430F7907F0F5
:10148000030707FA0CF7374307604E6816F4403F2E
:101490006DD03B4E376847F480473760366822F09E
:1014A000030706F480460096364E07EB060CDCF880
:1014B000086897073F0F09FA07F826EA0806DFF8D9
:1014C000C880404503D14FF000081EE04FE0DFF830
:1014D000BC80404502D14FF0010816E0DFF8B08033
:1014E000404502D14FF002080FE0DFF8A8804045E8
:1014F00002D14FF0030808E0DFF89C80404502D19C
:101500004FF0040801E04FF0070808FA07F848EA2E
:101510000608CCF80888DAF800605746D1F804C00D
:101520009E435FEACC2C00D51E433E60DBF8006092
:101530005F46D1F804C09E435FEA8C2C00D51E4361
:101540003E60DEF800607746D1F804C09E435FEA53
:101550008C3C00D51E433E60084F083F3E68D1F8E2
:1015600004C09E435FEACC3C00D51E433E60521C43
:10157000102AFFF431AFBDE8F88F0000083C0140AD
:1015800044380240003001400000024000040240A4
:1015900000080240000C0240001002400AB18161C4
:1015A00070470904FBE700000148806870470000AD
:1015B000040000200248816802781144816070476D
:1015C000040000200B4810B5016841F4007101606F
:1015D000016841F480610160016841F4807101603B
:1015E000032000F09FF80F2000F006F800F050F8FC
:1015F000002010BD003C024030B505461F4887B0B2
:101600000024016841F004010160006806A900F0AF
:101610000400009001A800F031F90498A8B100F08E
:101620004DF940001649174AB0FBF1F11648491E22
:10163000026040F2E732C0E90324C0E9011484618A
:1016400000F0E6FD040003D015E000F037F9E9E70B
:101650000D4800F029FE04000DD11E2000F034F8E2
:10166000102D07D2002229461E2000F03BF8074823
:10167000056000E0012407B0204630BD403802403C
:1016800040420F00000800406005002008000020D4
:101690000C4882B0016841F480410160006800F4A8
:1016A000804000900748001F016841F080510160B0
:1016B0000068002200F0805000900F21901E02B0C0
:1016C00000F010B844380240002809DB00F01F0287
:1016D000012191404009800000F1E020C0F8001194
:1016E00070470000F0B40E4B1B680C46C3F3022396
:1016F000C3F10705042D00D90425191D072901D2BE
:10170000002300E0DB1E012606FA05F1491E2140F8
:1017100099409E40761E16403143F0BC02F0D2BE86
:101720000CED00E0064900F0070208684FF6FF03E1
:10173000184040EA0220034A104308607047000046
:101740000CED00E00000FA052DE9F0470E4605001B
:1017500065D0DFF81481D8F80000F7B200F0070078
:10176000B04207D288F80070D8F8000000F00700F7
:10177000B04254D128683D4C810712D5400703D5AB
:10178000206840F4E05020602878000703D52068E6
:1017900040F4604020602068A96820F0F000084311
:1017A00020602878C0072DD03049686808390128A2
:1017B00012D0022813D0032811D009688907002904
:1017C0002DDA216821F0030101432160FFF7ECFECF
:1017D000814641F2883A0EE009688903EFE709681B
:1017E0008901ECE7FFF7E0FEA0EB0901514502D9C2
:1017F0000320BDE8F0872068696800F00C00B0EBBA
:10180000810FEFD1D8F80010404601F00701B14236
:1018100007D90770006800F00700B04201D001202E
:10182000E7E72878400705D52068E96820F4E0500C
:10183000084320602878000706D52068296920F42D
:10184000604040EAC100206000F058F82168084A72
:10185000C1F30311515CC84006490860064800689E
:10186000FFF7CAFE0020C4E7003C024008380240EF
:1018700078BB020810000020080000200F22026040
:101880000C4A136803F003034360136803F0F0038A
:101890008360136803F4E053C36012684FF4E053AD
:1018A00003EAD20202610448006800F00700086001
:1018B0007047000008380240003C024004480549D7
:1018C00000680968044AC1F38221515CC84070472E
:1018D000100000200838024088BB0208044805496F
:1018E00000680968044AC1F34231515CC84070473E
:1018F000100000200838024088BB0208154810B5C7
:10190000006810F00C02144813D01449042A0FD0B8
:10191000082A0ED10F4C241F2268236802F03F02D0
:101920005B0207D52068C0F38810A0FB010106E028
:10193000084610BD2168C1F38811A1FB00010023F6
:10194000FEF7A8FC2168C1F30141491C4900B0FB26
:10195000F1F010BD083802400024F40040787D0109
:101960002DE9F84F04006ED02078DFF84C93C007C3
:10197000A9F104054AD009F104000168C1F381010D
:10198000012908D00068C0F3810002280AD1D9F8E3
:101990000000400206D52868800337D5606800281B
:1019A000E1D033E06068B0F5803F10D0B0F5A02FF3
:1019B000286810D020F480302860286820F4802027
:1019C00028606068A8B1FFF7EFFD06460DE02868C3
:1019D00040F48030F4E740F480202860F7E700BF4F
:1019E000FFF7E2FD801B642873D828688003F7D5D1
:1019F0000CE0FFF7D9FD064605E000BFFFF7D4FD78
:101A0000801B6428F0D828688003F7D42078DFF89A
:101A1000AC8280074FF0000A3ED5A748001D016840
:101A200011F00C0F08D00068C0F3810002280BD120
:101A3000D9F80000400207D42868800716D5E0686E
:101A4000012800D112E033E1E068B8B10120C8F804
:101A50000000FFF7A9FD064605E000BFFFF7A4FD63
:101A6000801B0228C0D828688007F7D5286821691C
:101A700020F0F80040EAC10028600DE0C8F800A09E
:101A8000FFF792FD064604E0FFF78EFD801B02285B
:101A90001FD828688007F7D42078000722D5864F02
:101AA00087486169703771B101210160FFF77CFDE2
:101AB000064604E0FFF778FD801B022809D8386845
:101AC0008007F7D50EE0C0F800A0FFF76DFD0646D1
:101AD00005E082E0FFF768FD801B02287DD83868AA
:101AE0008007F7D42078400768D5DFF8CCB100270D
:101AF0000BF13C0BDBF80000C0000BD4DBF800104E
:101B000041F08051CBF80010DBF80000012700F015
:101B1000805000906B4E3068C00510D4306840F49F
:101B200080703060FFF740FD009005E0FFF73CFD5E
:101B30000099401A022850D83068C005F6D55E4E8C
:101B4000A0686C3601280FD00528306810D020F02E
:101B500001003060306820F004003060A068B8B147
:101B6000FFF722FD00900FE0306840F00100F4E73D
:101B700040F004003060F7E7FFF716FD0099411AC6
:101B800041F28830814266D830688007F4D50EE093
:101B9000FFF70AFD009007E0FFF706FD0099411AE4
:101BA00041F28830814256D830688007F4D42FB192
:101BB000DBF8001021F08051CBF80010A069C8B309
:101BC0003D49091D0968C1F3810102294AD0022853
:101BD000504607D0C8F8600000E03CE0FFF7E4FCA6
:101BE00004463BE04746C8F86000FFF7DDFC0646C8
:101BF00005E000BFFFF7D8FC801B02282BD828681F
:101C00008001F7D4D4E907010843A16A2E4A4908A4
:101C100002EB0141626A41EA8211084394F82C10F8
:101C200040EA0161C9F8001001203866FFF7BCFCEA
:101C3000044606E03EE000BFFFF7B6FC001B0228AA
:101C400009D828688001F7D534E000BFFFF7ACFC65
:101C5000001B022802D90320BDE8F88F2868800104
:101C6000F4D427E00128F7D0D9F80000E26900F4A5
:101C7000800191421CD1226A00F03F01914217D1AC
:101C800047F6C071626A0140B1EB821F10D1A26AAF
:101C90004FF0FF3300F4403103EB5202B1EB024F3F
:101CA00006D194F82C1000F07060B0EB016F01D0F9
:101CB0000120D1E70020CFE704380240000047426E
:101CC000800E4742007000400000FFFF70B5040026
:101CD00009D0606A002540B125616561A56294F86C
:101CE000510040B10CE0012070BD6068B0F5827F0A
:101CF000F4D0E561F2E784F85050204600F044F853
:101D0000022084F851002068016821F04001016040
:101D1000A088218900F4827001F404410843A1895C
:101D200001F400610843217C01F002010843217D98
:101D300001F001010843218B01F400710843217F68
:101D400001F03801084394F8201001F080010843A5
:101D5000218D01F40051084321680860A069042125
:101D600001EA104094F8241001F0100108432168A2
:101D700048602068C16921F40061C1616565012086
:101D800084F85100002070BD70B586B0044614215F
:101D90006846FEF7D7FA234E226800212248022324
:101DA00003240525B2421AD11F4A1432166846F49C
:101DB00080561660126802F480520592026842F062
:101DC00001020260006802AA00F00100059082E8AA
:101DD0003200E020CDE90003694614481DE0144EAE
:101DE000B2421CD1104A1032166846F48046166082
:101DF000126802F480420592026842F00202026018
:101E0000006802AA00F00200059082E832004FF458
:101E10006040CDE9000369460648FFF7CFFA06B0F7
:101E200070BD000000300140303802400000024028
:101E300000380040000402402DE9F84F984616464D
:101E40008A460446FFF7B0FB814694F8510001280A
:101E50001ED1BAF1000F73D0002E71D094F850004B
:101E6000012815D0012784F85070032084F8510010
:101E700000256565C4F830A0A686E686A563A5871B
:101E8000E58765642564A068B0F5004F03D00CE0D9
:101E90000220BDE8F88F2068016821F04001016050
:101EA0002068016841F480410160206801684906AA
:101EB00003D4016841F040010160E068B0F5006FB3
:101EC000606803D048B3012E27D047E008B1012E47
:101ED0001FD1206B21680088C86006E020688168F7
:101EE000890709D5216B0988C160206B801C20639C
:101EF000E08E401EE0860CE0FFF756FBA0EB0901E8
:101F0000414503D3B8F1FF3F03D035E0B8F1000FEE
:101F100032D0E08E0028E1D123E0206B21680078E8
:101F2000087306E02068816889070AD5216B097863
:101F30000173206B401C2063E08E401EE0860DE0A4
:101F40002BE0FFF731FBA0EB0901414503D3B8F1CA
:101F5000FF3F03D010E0B8F1000F0DD0E08E002855
:101F6000E0D14A464146204601F0E0FB08B120207E
:101F70006065A06830B109E084F8517084F8505071
:101F8000032086E72068C1688068009084F851705B
:101F900004F8505F60680028F3D0012079E72DE94C
:101FA000FF4F81B01D46934604464FF001090E9E37
:101FB000FFF7FAFA074694F851006168012806D045
:101FC000B1F5827F3CD1A168C9BB042838D1029801
:101FD000002871D0BBF1000FFBD0002DF9D094F890
:101FE000500001282CD04FF0010A84F850A094F83A
:101FF0005100042802D0052084F851004FF0000859
:10200000C4F85480C4F838B0E587A58702992163E5
:10201000E586A586C4F84080C4F84480206801683D
:10202000490603D4016841F040010160E068B0F561
:10203000006F606808D0F0B3012D49D081E0FFE760
:10204000022005B0BDE8F08F08B1012D39D1206B19
:1020500021680088C860206B801C2063E08E401ED1
:10206000E0862EE02068816889070FD5E18E69B18E
:10207000B9F1010F0AD1216B0988C160206B801C66
:102080002063E08E401EE0864FF0000920688168E2
:10209000C9070CD0E18F51B1C068A16B0880A06B5B
:1020A000801CA063E08F401EE0874FF00109FFF71E
:1020B0007BFAC01B01E00BE067E0B04201D3701C6B
:1020C00050D1E08E0028CDD1E08F0028CAD13EE06B
:1020D000206B216800780873206B401C2063E08E21
:1020E000401EE0862DE02068816889070FD5E18ECB
:1020F00069B1B9F1010F0AD1216B09780173206B25
:10210000401C2063E08E401EE0864FF000092068EE
:102110008168C9070CD0E18F51B1C068A16B08700C
:10212000A06B401CA063E08F401EE0874FF00109C8
:10213000FFF73AFAC01BB04202D3701C01D011E085
:1021400086B1E08E0028CED1E08F0028CBD13A4670
:102150003146204601F0EAFA50B12020606584F84B
:10216000508012E084F851A084F85080032068E782
:10217000A06818B92068C1688068009084F851A0F0
:1021800084F85080606D0028F1D0012059E7704735
:102190007047000070B590F83C20012A2CD0012433
:1021A00080F83C40022280F83D2003685A689D6810
:1021B00022F070060A6832435A60104B02689A4255
:1021C0000ED0B2F1804F0BD00D4B9A4208D00D4B80
:1021D0009A4205D00C4B9A4202D00C4B9A4204D141
:1021E000496825F080031943916080F83D40002143
:1021F00080F83C10084670BD022070BD0000014010
:102200000004004000080040000C00400040014075
:1022100010B5040003D094F83D0010B107E0012090
:1022200010BD002084F83C00204600F01FF802207A
:1022300084F83D00211D206801F082FD012084F812
:10224000460084F83E0084F83F0084F8400084F89B
:10225000410084F8420084F8430084F8440084F884
:10226000450084F83D00002010BD000008B500685E
:102270000B49884212D10B48016841F0020101600C
:102280000068002200F00200009005211D20FFF7E9
:1022900029FABDE808401D20FFF716BA08BD000066
:1022A000000400404038024090F83D10012901D060
:1022B00001207047022180F83D100168CA6842F091
:1022C0000102CA6000680E4988420ED0B0F1804F0A
:1022D0000BD00C49884208D00B49884205D00B49E5
:1022E000884202D00A49884204D1816801F007017E
:1022F000062903D0016841F0010101600020704708
:10230000000001400004004000080040000C0040B4
:102310000040014070B5044690F83C0000250128BB
:1023200017D0012684F83C60022084F83D00206824
:10233000826822F0770222F47F4282600868502887
:1023400038D00DDC20284FD005DC90B3102811D1F7
:102350004AE0022070BD302846D040280AD13BE038
:1023600060282FD070280DD0B0F5805F03D0B0F575
:10237000005F12D0012584F83D60002084F83C0005
:10238000284670BDCB68D1E90121206801F028FD05
:102390002068816841F0770109E0CB68D1E901212B
:1023A000206801F01DFD2068816841F48041816052
:1023B000E1E719E0CA684968206801F023FD50216F
:1023C000206806E0CA684968206801F02CFD602199
:1023D000206801F00FFDCEE7CA684968206801F067
:1023E00011FD40212068F4E7226801461046F0E71D
:1023F00070472DE9F04104460068C66805694FF052
:102400000007A90713D5B10711D5F91E01610120F5
:102410002077206880698007204602D0FFF7E8FF18
:1024200004E000F07EF8204600F07CF8277768078B
:1024300016D5700714D521686FF0040008610220DA
:1024400020772068806910F4407F204602D0FFF793
:10245000CFFF04E000F065F8204600F063F827772E
:10246000280715D5300713D521686FF008000861DB
:10247000042020772068C0698007204602D0FFF73B
:10248000B7FF04E000F04DF8204600F04BF8277746
:10249000E80616D5F00614D521686FF01000086123
:1024A000082020772068C06910F4407F204602D0C1
:1024B000FFF79EFF04E000F034F8204600F032F809
:1024C0002777E80708D0F00706D021686FF00100F1
:1024D0000861204600F028F8280608D5300606D501
:1024E00021686FF0800008612046FFF750FE680603
:1024F00008D5700606D521686FF0400008612046B7
:1025000000F028F8A8060AD5B00608D521686FF0B3
:10251000200008612046BDE8F041FFF739BEBDE864
:10252000F08170477047000010B5044607488442A8
:1025300002D1012021F0DCFD05492068884203D149
:10254000BDE81040FFF736B810BD0000C8030020FA
:1025500000080040704738B5044690F84200202833
:1025600001D0022038BD51B14AB1012020630020C2
:102570006063204601F0AEFE216B012901D00120ED
:1025800038BD21680A684968009121680C3151E81A
:10259000002F42F0100241E80023002BF5D138BD96
:1025A000094A10B590420ED1C9B20848FEF708FB9F
:1025B000142206490448FFF7CEFF05480068016869
:1025C00021F00801016010BD100400200403002068
:1025D000A004002070470000F8B5016804460868B0
:1025E000CA684B6910F00F0F4FF0000559D003F087
:1025F000010602F49077374365D0C10705D0D105B5
:1026000003D5616C41F001016164410705D5D9072B
:1026100003D0616C41F002016164810705D5D907DF
:1026200003D0616C41F004016164010707D502F039
:102630002001314303D0616C41F008016164616C99
:1026400000293AD0800604D5900602D5204601F034
:102650005AFD20684069616CC0F38010090700D4FE
:1026600060B3204601F01AFD20684069400621D57C
:102670002068143050E8001F21F0400140E80012AB
:10268000002AF5D1E06BA8B172490165E06BFEF755
:10269000FEFC002811D0E06B016D01B0BDE8F040F8
:1026A000084783060FD593060DD52046BDE8F840B0
:1026B00001F029BD2046FFF78DFFF8BD2046FFF74A
:1026C00089FF6564F8BD266B2023012E7ED1C606E6
:1026D0007CD5D6067AD508684868009048694FF0DE
:1026E000020640064DD5E26B106840684FF48077D3
:1026F0000004000C3AD0A18D814237D9E085D06921
:10270000B8422DD020680C3050E8001F21F48071B1
:1027100040E80012002AF5D12068143050E8001F6C
:1027200021F0010140E80012002AF5D120681430A0
:1027300050E8001F21F0400140E80012002AF5D1C6
:1027400084F84230256320680C3050E8001F21F0E7
:10275000100140E80012002AF5D1E06BFEF74EFCB4
:102760006663A08DE18D401A81B206E0A18D8142A1
:10277000A8D1D069B842A5D166632046FFF710FF03
:10278000F8BDA08DE18D401A81B2E08D0028F7D010
:102790000029F5D020680C3050E8002F22F4907208
:1027A00040E80027002FF5D12068143050E8002FB2
:1027B00022F0010240E80027002FF5D184F84230D2
:1027C000256320680C3050E8002F00E006E022F07E
:1027D000100240E80023002BF3D1CDE705062BD5EE
:1027E000150629D594F841002128C9D1A068B0F573
:1027F000805F01D12069B0B1206A411C216221684B
:1028000000784860E08C401E0004000CE084B7D1E2
:102810002068C16821F08001C1602068C16841F072
:102820004001C160F8BD206A0088C0F3080048601C
:10283000206A801C2062E5E74006F3D55006F1D5FA
:10284000CA68204622F04002CA6084F8413000F095
:1028500033F9F8BDA13F000870B5040004D094F826
:102860004100002510B106E0012070BD84F8405001
:10287000204600F023F8242084F841002068C16835
:1028800021F40051C160204601F09EFC20680169DE
:1028900021F4904101612068416921F02A014161E0
:1028A0002068C16841F40051C1606564202084F84B
:1028B000410084F842006563002070BD2DE9F047B7
:1028C00086B0054614216846FDF73CFDDFF82CC1B3
:1028D00029684B480226032707234A4A00246145FA
:1028E00062D147491431D1F800C04CF0100CC1F846
:1028F00000C0096801F010010591016841F0010173
:10290000016000680DF1080900F001000590501504
:10291000CDE900060120984689E881016946924682
:102920001046FEF74BFD50460DF1080A4FF4806942
:102930008AE89001CDE900966946FEF73FFD334EE7
:1029400031484FF000673060C6E90174C6E90349B9
:102950007461B461F461346230467462FEF77AFCEB
:1029600008B1FEF768FAEE63B563284E2648603674
:102970007830E6E802074020A6E81102234846F82E
:1029800014496030B461F46134627462FEF762FC31
:1029900008B1FEF750FAAE63002205212520B56389
:1029A000FEF7A0FE252024E0194DA94223D11449A9
:1029B00010310D6845F400350D60096801F40031EF
:1029C0000591016841F0010101600068029400F086
:1029D000010005900C20CDE90006CDE9037369469E
:1029E0001046FEF7EBFC002205212620FEF77AFEBA
:1029F0002620FEF769FE06B0BDE8F0870010014012
:102A0000303802400000024040640240A004002030
:102A100000440040704770472DE9F843044690F8A1
:102A20004100984616460D46202802D00220BDE8F7
:102A3000F88385B17EB100206064212084F84100D4
:102A4000FEF7B2FDA6848146E684A0682027B0F593
:102A5000805F02D003E00120E9E7206910B12E4633
:102A600000250EE000260CE08021204601F082FCCB
:102A7000A8B9C6B116F8010B21684860E08C401E69
:102A8000E084E08C4B464FF00002CDF80080002837
:102A9000EAD14FF04001204601F06CFC40B184F8CF
:102AA00041700320C3E735F8020BC0F30800E3E7E9
:102AB00084F841700020BAE77047FEE770B5974D83
:102AC0004FF40064002221462846FEF767FD64208B
:102AD000FEF762FC012221462846FEF75FFD6420D6
:102AE000FEF75AFCCF2000F069F9002000F04CF905
:102AF000C12000F049F9302000F046F9ED2000F047
:102B00005DF9642000F040F9032000F03DF9122047
:102B100000F03AF9812000F037F9E82000F04EF992
:102B2000852000F031F9002000F02EF97A2000F025
:102B30002BF9CB2000F042F9392000F025F92C20A8
:102B400000F022F9002000F01FF9342000F01CF9F9
:102B5000022000F019F9F72000F030F9202000F0F1
:102B600013F9EA2000F02AF9002000F00DF9002006
:102B700000F00AF9C02000F021F9102000F004F95B
:102B8000C12000F01BF9102000F0FEF8C52000F075
:102B900015F9452000F0F8F8152000F0F5F8C720E9
:102BA00000F00CF9902000F0EFF8362000F006F964
:102BB000682000F0E9F82A2000F000F9002000F079
:102BC000E3F8002000F0E0F8012000F0DDF83F20FD
:102BD00000F0DAF82B2000F0F1F8002000F0D4F833
:102BE000002000F0D1F8002000F0CEF8EF2000F037
:102BF000CBF83A2000F0E2F8552000F0C5F8B120FB
:102C000000F0DCF8002000F0BFF81A2000F0BCF85B
:102C1000B62000F0D3F80A2000F0B6F8A22000F0A9
:102C2000B3F8F22000F0CAF8002000F0ADF826203A
:102C300000F0C4F8012000F0A7F8E02000F0BEF892
:102C40000F2000F0A1F8292000F09EF8242000F0C9
:102C50009BF80C2000F098F80E2000F095F8092061
:102C600000F092F84E2000F08FF8782000F08CF8F9
:102C70003C2000F089F8092000F086F8142000F0CC
:102C800083F8052000F080F8172000F07DF811206F
:102C900000F07AF8002000F077F8E12000F08EF8DC
:102CA000002000F071F8162000F06EF81B2000F0F4
:102CB0006BF8042000F068F8112000F065F8072098
:102CC00000F062F8312000F05FF8332000F05CF88B
:102CD000422000F059F8052000F056F80F2000F0CF
:102CE00053F80B2000F050F8282000F04DF82F206A
:102CF00000F04AF80F2000F047F8112000F05EF8CD
:102D00007820FEF749FB292000F058F82846BDE856
:102D1000704001221102FEF741BC00000000024099
:102D200001B56423012269460148FFF785F808BD13
:102D3000180300202DE9F04107461C4615460E46B3
:102D40002A2000F03BF8380A00F01EF8F8B200F034
:102D50001BF8280A00F018F8E8B200F015F82B204C
:102D600000F02CF8300A00F00FF8F0B200F00CF888
:102D7000200A00F009F8E0B200F006F8BDE8F041E2
:102D80002C2000F01BB8000070B50B4C054600224B
:102D900040212046FEF702FC012280212046FEF75A
:102DA000FDFB2846FFF7BCFF2046BDE8704001222E
:102DB0004021FEF7F3BB00000004024070B50B4C4D
:102DC0000546002240212046FEF7E8FB0022802134
:102DD0002046FEF7E3FB2846FFF7A2FF2046BDE8AA
:102DE000704001224021FEF7D9BB000000040240E0
:102DF00070B5DDE90456FFF79DFF0E4C002240211F
:102E00002046FEF7CBFB012280212046FEF7C6FBC1
:102E10004FF6FF7000EA46024FF0FF33294606489E
:102E2000FFF70AF82046BDE8704001224021FEF776
:102E3000B5BB00000004024018030020ADF5047D7E
:102E400041F2883027F0FAFD3B4F3C4C4FF0FF3801
:102E500040F6B8394146A06828F004FB4A4680A9EC
:102E6000606828F063FA012860D12078F0B300256B
:102E70004FF40046DFF8C8A04FF4487B1AE082A95F
:102E80006846FEF73BF810B122F006FA17E0002280
:102E900010213846FEF782FB012231465046FEF7EC
:102EA0007DFB684600F04AF9FEF704F858466D1CB1
:102EB00027F0C4FDFDF7C2FF08B1052DDFDBDDED16
:102EC000810A9DED800A00F099F90122102138460F
:102ED000FEF764FB002208213846FEF75FFB022361
:102EE000002280A9E06828F011F919E0FFE7819835
:102EF000FDF74EFC05460E468098FDF749FC41EC77
:102F0000100BCDE9005653EC102B0EA102A801F0D6
:102F1000C5FA02A8FDF733FA81B202A8FEF730F82D
:102F200000231A461946A06828F0F0F84FF4FA601A
:102F300027F084FD8EE7000000040240140000200A
:102F4000000002407B2274656D7065726174757259
:102F500065223A252E31662C227368696475223AFF
:102F6000252E31667D00000070B54FF4FA6590B0F3
:102F7000294637A0FDF70CFF41F28834224638A1DC
:102F80003AA0FDF7ADFE224640A142A0FDF7A8FE03
:102F90006423032249A14A48FFF73EFD6E103046E4
:102FA00027F04CFD2A4647A147A0FDF799FEC8200F
:102FB00027F044FD294648A0FDF7EAFE33460C22DF
:102FC00049A13F48FFF728FD29464BA0FDF7E6FE43
:102FD000A81027F033FD00F08BFB302247A1684694
:102FE000FDF789F92346302269463548FFF714FD7D
:102FF0004FF49675284627F021FD40F6B833042299
:103000000FA9002022F0AAFD484904280AD19DF802
:103010003C00202806D19DF83D00022802D19DF8F1
:103020003F0018B10020087010B070BD012008707A
:103030003FA20CAE07CA86E8070023460C220CA963
:103040001F48FFF7E9FC284627F0F8FCECE70000F2
:1030500041542B43574D4F44453D310D0A0000006C
:103060005749464920474F542049500041542B436B
:10307000574A41503D22616161222C223138323061
:1030800038393031373139220D0A0000434F4E4E66
:103090004543540041542B43495053544152543DED
:1030A00022544350222C2262656D66612E636F6D3F
:1030B000222C393530310D0A000000002B2B2B005B
:1030C000100400204F4B000041542B434950434C07
:1030D0004F53450D0A00000041542B4349504D4FBA
:1030E00044453D310D0A000041542B43495053459E
:1030F0004E440D0A000000003E000000102E0006A5
:103100004D514973647003020078002034316633F6
:10311000383736373230616434616538363064624E
:10312000303665333536333161383535140000209B
:10313000820A0001000573746D3332012DE9F043FA
:10314000C1B032278146E8468DF80070012405267B
:10315000FDF715F985B205F1090081B24FEA0800C3
:1031600001F07F02C909002902D000BF42F08002AD
:10317000025504F10104F3D14FF00001015504F1AF
:10318000010413A3065504F1010400EB04021B68BB
:103190001360177104F105042A46015504F1010476
:1031A0004FF00101015504F1010420444946FDF7A7
:1031B000A2F8601982B241F2883369460648FFF7E7
:1031C0002BFC4FF4FA7027F039FC41B0BDE8F083D6
:1031D00073746D33320000001004002008B505A0A0
:1031E0004FF4FA6300680090022269460248FFF734
:1031F00013FC08BDC0000000100400202DE9F041C0
:103200002DED028BC4B0B0EE408A10EE900AFDF7AF
:10321000BFFA04460D4618EE100AFDF7B9FA41EC64
:10322000100B28A153EC102B22A8CDE9004501F08A
:1032300035F932270DF108088DF8087001240526AC
:1032400022A8FDF79CF885B205F1090081B240463D
:1032500001F07F02C909002902D000BF42F08002BC
:10326000025504F10104F3D14FF00001015504F1BE
:1032700001041DA3065504F1010400EB04021B68C0
:103280001360177104F105042A46015504F1010485
:103290004FF00101015504F10104204422A9FDF77A
:1032A0002AF8601982B241F2883302A91048FFF768
:1032B000B3FB642027F0C2FB44B0BDEC028BBDE839
:1032C000F08100007B2274656D70657261747572A7
:1032D00065223A252E31662C227368696475223A7C
:1032E000252E31667D00000073746D3332000000BE
:1032F000100400200D4808B5016841F48001016008
:103300000068002200F48000009005213A20FEF7BA
:10331000E9F93A20FEF7D8F9002205214620FEF708
:10332000E1F9BDE808404620FEF7CEB9303802404A
:1033300010B5044A0021044822F062F903490860EC
:1033400010BD00004CBB0208D53B00080000002067
:103350002DE9F04186B014216846FCF7F3FF2248BE
:103360000024016841F080010160016801F08001E2
:103370000591016841F001010160016801F001015E
:103380000591016841F0020101600068174F00F0EB
:1033900002000590002203213846FEF7FFF80122C3
:1033A00041F2D8413846FEF7F9F8DFF844804FF48F
:1033B0000946002231464046FEF7F0F841F2DB4074
:1033C00000900125CDE90154694638460394FDF784
:1033D000F5FF0096CDE90154694640460394FDF798
:1033E000EDFF06B0BDE8F081303802400004024035
:1033F00000000240104810B50E4901604FF4827180
:10340000416000218160C1604FF400720161C0E938
:1034100005122822C0E90721416281620A21C162A6
:10342000FEF754FC002803D0BDE81040FDF703BDB3
:1034300010BD00000030014018030020104810B5F6
:103440000E4901604FF48271416000218160C160CA
:103450004FF400720161C0E905122822C0E907217A
:10346000416281620A21C162FEF730FC002803D06C
:10347000BDE81040FDF7DFBC10BD00000038004083
:103480007003002010B586B0002417480094019402
:103490000294039404941349059401606321C0E9E4
:1034A000011440F2E731C0E903148461FEF7B0FE75
:1034B00008B1FDF7C0FC4FF48050009069460A48FF
:1034C000FEF728FF08B1FDF7B6FC049404A90648EE
:1034D0000594FEF75FFE002801D0FDF7ACFC06B0B6
:1034E00010BD000000040040C80300200C4810B5C7
:1034F0000A4901604FF4E1314160002181600C22F2
:10350000C160C0E904128161C161FFF7A5F900281B
:1035100003D0BDE81040FDF78EBC10BD0010014087
:10352000100400200C4810B50A4901604FF41651F0
:103530004160002181600C22C160C0E904128161F8
:10354000C161FFF789F9002803D0BDE81040FDF7FD
:1035500072BC10BD0044004058040020FEE700008B
:103560001CB5094C6D464FF47A76291D684600F06B
:103570000DF8022300226946606827F0C7FD304637
:1035800027F05CFAF1E70000140000202DE9F04F6D
:1035900082462DED028B87B08B46012000248DF8EA
:1035A000000003218DF801108DF802408DF8030012
:1035B0008DF8044002208DF8050022460621684659
:1035C000FDF7BEFA8DF80600000A8DF807001421F9
:1035D00002A8FCF7B7FE414D012211462846FDF72F
:1035E000DDFF4FF47A73082269463D48FFF714FA6D
:1035F000012027F023FA002201212846FDF7CEFF03
:10360000FDF7D2FF8046FDF7CFFF354E05460DF1A1
:1036100008094FF448773068016889060AD5406880
:10362000142CC0B206D209F80400641CE4B2FDF701
:10363000BBFF054624B1FDF7B7FF401B322809D870
:10364000FDF7B2FFA0EB0800B84203D8012027F035
:10365000F5F9E0E7A01EC1B2012202A8FDF770FA59
:10366000092C38D19DF80810012934D19DF8091092
:10367000032930D19DF80A1004292CD19DF80F1090
:10368000C2B2914227D19DF81010B1EB102F22D178
:10369000BDF80B00BDF80D1040BA4CBAFDF733F879
:1036A0009FED108B53EC182BFCF7ADFFFDF7B4F832
:1036B000CAF800002046FDF726F853EC182BFCF75B
:1036C000A2FFFDF7A9F8CBF80000012007B0BDEC80
:1036D000028BBDE8F08F0020F8E7000000040240F4
:1036E000580400200000000000002440FEE7000015
:1036F0000248002101704170704700005C02002008
:1037000008490A784B789A4201D100207047064B4D
:103710009A5C02700878401C00F07F00087001205D
:10372000704700005C0200207C140120F8B51546AB
:103730000E460B46009204460122022100F0ECF9ED
:10374000A0B9134813490068B0FBF1F04FF47A7147
:10375000484300906068B0F5827F0DD13346002267
:1037600080212046009500F0D7F970B1606D40F0DF
:10377000200060650320F8BD009830B1401E009025
:1037800020688068C0430006F6D50020F8BD000020
:103790001000002000366E012DE9F041DFF8508066
:1037A00014460D4606464FF48057002239464046DF
:1037B000FDF7F4FE032000F025F9C5F3074000F003
:1037C00021F9C5F3072000F01DF9E8B200F01AF95D
:1037D00004E0FF2000F016F906F8010B641EA4B205
:1037E000F7D239464046BDE8F0410122FDF7D6BE8A
:1037F000000402402DE9F04707460E4611F0FF0095
:10380000C0F10001CDB24FEA122402F0FF094FF4DB
:10381000807A13D0F0B24042C0B206EB00080CB37D
:10382000501B80B2040A00F0FF092A463146384690
:1038300000F06EF83D44464657462AE06CB15546C6
:10384000641EE4B20CD32A463146384600F060F8D4
:1038500006F5807607F58077F2E73146384621E0B5
:103860004A46FAE7A945F8D9A9EB0500C4B22A46A9
:103870003146384600F04CF841467819224611E0AE
:103880003A463146284600F043F805F5807506F5BE
:103890008076641EE4B2F3D2B9F1000006D002468D
:1038A00031462846BDE8F04700F032B8BDE8F08761
:1038B00030B5144887B00024016841F0020101606E
:1038C0000068142100F0020005906846FCF73AFDFC
:1038D0004FF4805501200095CDE9010403940A4C72
:1038E00069462046FDF76AFD012229462046FDF77C
:1038F00055FE06480068016841F04001016007B0CC
:1039000030BD000030380240000402407003002047
:103910002DE9F04114460D46064600F0C5F8DFF8E3
:103920005C804FF48057002239464046FDF736FE52
:10393000022000F067F8C5F3074000F063F8C5F314
:10394000072000F05FF8E8B200F05CF8B4F5807F83
:1039500007D90BA000F092FDFF24307800F052F858
:10396000761C641EA4B2F8D2012239464046FDF707
:1039700015FEBDE8F04100F06FB800000004024001
:103980003C3C2D464C4153482D4552524F522D3E02
:103990003E205350495F464C4153485F5061676534
:1039A000577269746520746F6F206C61726765214E
:1039B0000A00000070B5044600F076F800F04CF8FC
:1039C0000F4E4FF48055002229463046FDF7E6FDA4
:1039D000202000F017F8C4F3074000F013F8C4F3F8
:1039E000072000F00FF8E0B200F00CF801222946A1
:1039F0003046FDF7D3FDBDE8704000F02DB8000063
:103A00000004024070B512494FF480550D60114B0F
:103A10001C6805E00A68561E0E6001D200200CE00A
:103A2000A268D2439207F5D4E0600D601A6808E0FE
:103A30000868431E0B6004D2012000F04BF8C0B2AE
:103A400070BD9068C043C007F2D1D068F7E70000AE
:103A5000600200207003002070B5114E4FF48055B5
:103A6000002229463046FDF799FD0520FFF7CAFFE1
:103A70000C4C2560FF20FFF7C5FF2268511E216016
:103A800004D2BDE87040042000F024B8C007F1D192
:103A900029463046BDE870400122FDF77FBD000099
:103AA000000402406002002070B5094D4FF48054BC
:103AB000002221462846FDF771FD0620FFF7A2FFF0
:103AC00021462846BDE870400122FDF767BD000091
:103AD0000004024010B5014602A000F0CFFC002017
:103AE00010BD00003C3C2D464C4153482D455252E0
:103AF0004F522D3E3E2053504920E7AD89E5BE850B
:103B0000E8B685E697B6216572726F72436F646599
:103B1000203D2025640A00002DE9F8431E46914609
:103B200088460446089DFDF73FFD401B351AFDF70A
:103B30003BFD074626480068C0F3CB3068430AE0E7
:103B4000701C09D0FDF730FDC01BA8420FD275B123
:103B50000098B8B3401E00902068816838EA0100E0
:103B600033D000214945EBD10020BDE8F88320681F
:103B7000416821F0E00141606068B0F5827F0BD1BF
:103B8000A068B0F5004F02D0B0F5806F04D1206876
:103B9000016821F040010160A06AB0F5005F09D121
:103BA0002068016821F4005101602068016841F437
:103BB00000510160012084F85100002084F8500079
:103BC0000320D2E7FFE70025C6E70121CAE700008E
:103BD000100000201CB500242020CDE90004420183
:103BE000234613A1144827F033FD1825CDE90054CE
:103BF0004FF400760023324610A1134827F028FD29
:103C0000CDE900540023324610A1134827F020FDCF
:103C1000CDE900540023324610A1134827F018FDC7
:103C2000002026F031FF012021F0AFFCFBE700006F
:103C300055495461736B0000E943000853656E7386
:103C40006F725461736B0000613500084E657477C4
:103C50006F726B5461736B00B50A00084D51545478
:103C60005461736B000000003D2E000810B54FF04A
:103C7000E020006927F044FD012803D0BDE8104092
:103C800027F08AB910BD000030B593B030216846E6
:103C9000FCF758FB14210CA8FCF754FB1C4800252A
:103CA000016841F080510160006800F0805011907F
:103CB0001848016841F4404101600068022400F4A2
:103CC0004040119001200090000401908001CDE956
:103CD00006400C2008906020CDE9090404200B90D8
:103CE0006846FDF73DFE08B172B6FEE70CA90F204D
:103CF00081E831004FF48050CDE90F0503210CA875
:103D0000FDF722FD002801D072B6FEE713B030BDEA
:103D100040380240007000400248016841F47001E0
:103D20000160704788ED00E00148FEF762BB0000CB
:103D3000C80300200148FEF75CBB000060050020BE
:103D4000F0B502681F4B204C204D214E4FF0804CA7
:103D5000984207D0604505D0A04203D0A84201D0C8
:103D6000B04203D122F070074A683A43984210D01B
:103D700060450ED0A0420CD0A8420AD0B04208D074
:103D8000144CA04205D0144CA04202D0134CA042C7
:103D900003D122F44074CA6822434C6922F08002A5
:103DA00022438C68C4620C688462984201D109691C
:103DB0000163016841F00401016001214161026079
:103DC000F0BD000000000140000400400008004079
:103DD000000C004000400140004401400048014008
:103DE00010B5846842EA032224F47F440A43224344
:103DF000826010BD826822F070020A4342F007011F
:103E00008160704710B5036A046A24F001040462FB
:103E1000846924F0F00444EA021423F00A020A43FD
:103E20008461026210BD10B5036A046A24F01004B4
:103E30000462846923F0A00324F4704444EA02324B
:103E400043EA01118261016210BD0000F0B5054630
:103E500085B00C46B12000F081F80746C12000F083
:103E60007DF8064603463A4624A1684600F016FB54
:103E70006846FCF784FA82B21E2369462348FEF79F
:103E8000CBFD322F26D940F6B830864222D200F040
:103E90005FF8064600F05FF8BE38C0EB801101EB1A
:103EA000002040F2AE6190FBF1F0AA3E06EB061155
:103EB000C1EB062140F2C26291FBF2F1A0F23F1089
:103EC00009B2404200B2C1F1EF010AB2002804DA9F
:103ED000002007E0002005B0F0BDB0F5A07F01DBB9
:103EE00040F23F10002A01DA002202E0F02A00DB53
:103EF000EF22288022800120EDE700007A313D2565
:103F000064207A323D25640D0A0000005804002028
:103F100010B5012291020548FDF740FB0A20FDF78C
:103F20003BFABDE81040D02000F018B80004024071
:103F300001B582B064200090012301AA02A90348C0
:103F4000FEF72DF89DF804000EBD000018030020B8
:103F5000D02000F003B89020AFF3008070B50F4D73
:103F60000446012240212846FDF718FB2E150022A9
:103F700031462846FDF712FB2046FFF7D9FFFF2008
:103F8000FFF7D6FF0402FF20FFF7D2FF0443012210
:103F900031462846FDF702FB200970BD00040240AF
:103FA00010B5806B0021C185FEF714FB10BD70B504
:103FB000846B2068406994F84110C0F3C01000255C
:103FC000212904D118B1E584204600F08EF820683C
:103FD000406994F84210C0F38010222904D118B12E
:103FE000E585204600F05AF8606C40F010006064EF
:103FF0002046FEF7EFFA70BD10B50146806B0968E8
:1040000009684FF00002C9052ED4C28501680C3141
:1040100051E8003F23F4807341E80034002CF5D1CF
:104020000168143151E8003F23F0010341E80034F6
:10403000002CF5D10168143151E8003F23F0400312
:1040400041E80034002CF5D1202180F84210016BAA
:10405000012909D101680C3151E8003F23F0100318
:1040600041E80034002CF5D14263016B012902D0F4
:10407000FEF7D0FC10BD818DFEF792FA10BD10B591
:10408000806B01214163016B012902D0FEF7C3FC63
:1040900010BD818D4908FEF783FA10BD01680C310F
:1040A00051E8002F22F4907241E80023002BF5D153
:1040B0000168143151E8002F22F0010241E8002389
:1040C000002BF5D1016B012909D101680C3151E8B0
:1040D000002F22F0100241E80023002BF5D120210F
:1040E00080F8421000210163704701680C3151E8EB
:1040F000002F22F0C00241E80023002BF5D120213F
:1041000080F84110704708B590F84210222901D07C
:10411000022008BD82684FF480539A4201D10169A0
:1041200021B1816A9A421BD04AB10AE00268816AD1
:104130005268C2F308020A80816A891C08E0026999
:1041400072B10268526802F07F020A70816A491CEB
:104150008162C18D491E0904090CC18503D01BE091
:1041600002685268F1E70168CA6822F02002CA605A
:104170000168CA6822F48072CA6001684A6922F044
:1041800001024A61202180F8421000214163026B44
:10419000012A03D0FEF73EFC002008BD0163016840
:1041A0000C3151E8002F22F0100241E80023002BCF
:1041B000F5D101680A68D20602D50A6849680091FB
:1041C000818DFEF7EDF9E7E770B5044600680169F7
:1041D000E26821F44051114301612169A068E2695C
:1041E00008436169114308432168CA6849F20C63B6
:1041F0009A430243CA6020684169A26921F4407170
:104200001143416131492068884202D030498842D7
:1042100002D1FDF763FB01E0FDF750FBE2690023EB
:10422000192164253226B2F5004F626828D0A0FB20
:104230000101930F9200FCF72DF80146B0FBF5F059
:104240006FF01802504301EB800006EB0010B0FB4A
:10425000F5F000F0F002B1FBF5F002EB0012B1FB5B
:10426000F5F06FF01803584301EB800006EB0010E7
:10427000B0FBF5F000F00F0021681044886070BDBD
:10428000A0FB010192185B41FCF704F80146B0FB6A
:10429000F5F00201B1FBF5F06FF01803584301EBA4
:1042A000800006EBC000B0FBF5F000F0F80002EB78
:1042B0004002B1FBF5F0584301EB800006EBC00073
:1042C000B0FBF5F000F00700D6E700000010014059
:1042D0000014014038B581620446828500201346EF
:1042E0006064222284F84220E56B1F4AEA63E56B92
:1042F0001E4A2A64E56B1E4AEA64E26B10650A46B0
:104300002168E06B091DFDF70FF830B110206064E3
:10431000202084F84200012038BD206801684068F0
:104320000090206948B120680C3050E8001F41F42B
:10433000807140E80012002AF5D12068143050E85E
:10434000001F41F0010140E80012002AF5D1206869
:10435000143050E8001F41F0400140E80012002AEC
:10436000F5D1002038BD0000F93F00087F4000086B
:10437000AF3F00082DE9F843984617460D4604461E
:10438000089E24E0701C22D0FDF70EF9A0EB080077
:10439000B0421AD8CEB12068C168490717D5802D20
:1043A00015D0402D13D00168C94309070FD4016807
:1043B0000025406800902046FFF770FE08206064EA
:1043C00084F840500120BDE8F8830320FBE7206813
:1043D000006835EA000004D00020B842D2D00020A6
:1043E000F1E70120F9E700001CB5FEF767FBFFF7D6
:1043F0008FFD17F063F91DF085FA1DF0A5FA21F085
:1044000045F912F0EBFB27F089F9144D0746FF261A
:104410004FF0FF344FF47A7800226946E86826F0BE
:1044200085FF012803D19DEC020A21F0F7FA2878D4
:10443000B04203D02E78287821F040FB27F06EF9A7
:10444000C11BB1FBF8F0A04202D0044621F05EFB94
:104450001FF0DAFE052026F0F1FADDE71400002057
:104460000148FEF7B9B80000100400200148FEF72B
:10447000B3B8000058040020FEE700000FB4054B5D
:1044800010B503A9044A029802F06EF810BC5DF85A
:1044900014FB0000930D0108F80200200FB4084B34
:1044A00010B504A902AA039802F05EF8044602A916
:1044B000002002F0DCFB204610BC5DF814FB00007D
:1044C0006F6C00080907090E002804DB00F1E020EA
:1044D00080F80014704700F00F0000F1E02080F831
:1044E000141D704702E008C8121F08C1002AFAD143
:1044F00070477047002001E001C1121F002AFBD164
:10450000704770B5044600256FF02F0608E020685C
:10451000411C2160007805EB850106EB410145183F
:104520002068007800F036FC0028F0D1284670BDE5
:104530002DE9FF5F2DED020B2DED0A8B86B0B0EE5D
:10454000408AF0EE608A53EC182B51EC180BDDE931
:104550002058229EFCF730F911D19FEDCD0B51EC84
:10456000180B53EC102BFCF73FF908D39FEDCA0B47
:1045700051EC180B53EC102BFCF71EF911D2CDE9BE
:10458000005812AC029694E80F00B0EE480AF0EE24
:10459000680A00F089FA06B0BDEC0A8B06B0BDE8E7
:1045A000F09F9FEDBF0B51EC180B53EC102BFCF759
:1045B00003F908D24FF0010B51EC180B81F00041C8
:1045C00041EC180B01E04FF0000B70059FEDB6BBFE
:1045D00000D4062518EE900AB54A8DED008BC0F385
:1045E0000A54C0F31300104301909DED000B4FF0EF
:1045F000000A9FEDB01B51EC100B53EC112BA4F2F1
:10460000FF34FBF788FF9FEDAD1B53EC112BFBF73D
:1046100088FF41EC190B2046FCF764F89FEDA91BBD
:1046200053EC112BFBF77DFF9FEDA81B53EC112BD7
:10463000FBF7D0FE53EC192BFBF7CCFEFCF770F820
:104640000446FCF74FF807469FEDA21B009153EC80
:10465000112BFBF766FF9FEDA11B53EC112BFBF712
:10466000B9FEFCF75DF88146FCF73CF89FED9D1B19
:1046700053EC112BFBF755FF41EC190B009941EC62
:10468000107B9FED9A1B51EC100B53EC112BFBF799
:1046900048FF53EC192BFBF73EFF41EC190B53EC91
:1046A000192BFBF73EFF41EC1A0B4FEA095040F281
:1046B000FF3100EB01519FED8F0BCDE900A153ECD1
:1046C000102B51EC1A0BFBF79EFF53EC1B2BFBF747
:1046D00081FE41EC100B51EC1A0B53EC102BFBF745
:1046E00092FF9FED861B53EC112BFBF773FE41EC01
:1046F000100B51EC1A0B53EC102BFBF784FF53EC0F
:10470000192B41EC1A0B9FED7FCB51EC1C0BFBF7E7
:1047100002FF53EC1A2BFBF75DFE41EC1A0B53EC36
:104720001C2B51EC190BFBF7FCFE53EC1A2BFBF77F
:104730006AFF9FED761B53EC112BFBF74BFE9DEDB3
:10474000001B53EC112BFBF7ECFE41EC190B51EC69
:10475000180B8DED009B53EC192BFCF72DF808D2AC
:1047600053EC1B2B51EC190B641EFBF74CFFCDE9EE
:10477000000104F16300C72801D2042700E00527E7
:10478000300520D59FED630B51EC180B53EC102B2B
:10479000FCF72AF813D89FED610B51EC180B53EC82
:1047A000102BFCF709F80AD2A54202DD2D1B6D1E65
:1047B00000E00025002746F480663C4603E015B182
:1047C000700500D56D1EB84502D9A8EB070000E0C2
:1047D00000208146B00702D50FB14FF000094CB15F
:1047E0009DED000B51EC180B53EC102BFBF70BFF5E
:1047F00041EC180BDDF850A0BBF1000F05D051ECD7
:10480000180B81F0004141EC180B26F40060009574
:10481000CDE901900DF1480BB0EE480A9BE80F007E
:10482000F0EE680A00F040F9054617B305F10109FA
:104830002A46B00601D5452000E06520DDE9125189
:10484000159BA84700200A220521CDE902207F1EE2
:10485000CDE90471E00F002C00DA6442CDE900409C
:10486000DDE912014A46159B01F0C2FD0546B0077D
:1048700007D40AE02A46DDE912416D1C2020159B71
:10488000A047A5EB0A014145F4D3284683E6000082
:10489000FFFFFFFFFFFFEF7FFFFFFFFFFFFFEFFFC8
:1048A00000000000000000000000000000002440A4
:1048B0000000F03F000000000000F83F61436F631C
:1048C000A787D23FFB799F501344D33FB3C8608B77
:1048D000288AC63F71A379094F930A40000000005F
:1048E0000000E03FEF39FAFE422EE63F1655B5BB19
:1048F000B16B02400000000000002C4000000000EE
:10490000000018400000000000000040000000000F
:104910000000F03F2D431CEBE2361A3F0000000080
:1049200080842E412DE9FF5F82B00021DDE9043053
:10493000020DDDF840B0034318D044F61050A2F247
:10494000FF3242431514119801281FD0A5EB0B002C
:10495000401C5FEA000A4FF000064E4FDFF8389126
:10496000B046504615D5CAF1000413E01198012451
:104970004AA3012801D16FEA0B010298119AC0E9FC
:104980000031C0E9024206B0BDE8F09FCBF1000063
:10499000DFE704460021404A491842EB0450CDE9C4
:1049A000001012E0E00707D032463B464046494639
:1049B000FBF7B7FD8046894632463B46104619460E
:1049C000FBF7AFFD06460F466410002CEAD1DDE987
:1049D0000401DDE90023BAF1000F06DAFBF7A1FDBF
:1049E00042464B46FBF79DFD05E0FBF70CFE4246B9
:1049F0004B46FBF708FE04460E460022284BFBF709
:104A0000F3FE03D84FF0FF30014607E00022254BAC
:104A100020463146FBF7DEFCFBF7F5FF102409E0EA
:104A2000002C0ADB0A220023FBF734FC039B303204
:104A30001A55641E50EA0102F2D1641C039AC4F1B3
:104A400011031444119A012A03D0012208430DD105
:104A50000AE0084304D000204FF0110B119072E7D8
:104A6000A3EB0B056D1E0DE05B4504DD4FF000026E
:104A700005F1010504E003DA4FF00002A5F101059C
:104A8000002AECD002981199C0E90231C0E9004532
:104A900079E70000000014400000F03F3000000003
:104AA0000000F0430000E03F2DE9FF5F2DED020B19
:104AB0002DED068B8CB0B0EE408AF0EE608ADDE919
:104AC00023759FEDA19B002453EC182B51EC180B80
:104AD000DDF88880FBF770FE02D003209CA10AE07D
:104AE0009FED9C0B51EC180B53EC102BFBF764FE65
:104AF00009D2042099A1CDE90010CDE9027514ACCA
:104B000094E80F001DE19FED970B51EC180B53EC4F
:104B1000102BFBF769FE07D2680702D5042093A18A
:104B2000E9E7032093A1E6E79FED930B51EC180B07
:104B300053EC102BFBF758FE08D39FED910B51EC73
:104B4000180B53EC102BFBF737FE12D2CDF8008078
:104B5000CDE9017514ACB0EE480A94E80F00F0EE10
:104B6000680AFFF7E5FC0CB0BDEC068B06B0BDE8AB
:104B7000F09F4FF0000B53EC192B51EC180BFBF787
:104B80001BFE07D24FF0010B51EC180B81F00041D6
:104B900041EC180B680501D44FF006080DF1100A1E
:104BA000794E9FED7A9BB8F1090F07D930210AF8A9
:104BB0000410641CA8F10108202CF1D351EC180B4F
:104BC000FBF7AEFD8146FBF78DFD53EC182BFBF791
:104BD000A5FC41EC100B06EBC800009090ED001B0B
:104BE00051EC100B53EC112BFBF79BFC41EC1A0B17
:104BF000FBF7B5FD0646FBF786FD53EC1A2BFBF7DA
:104C00008DFC41EC1A0B53EC192BFBF7EDFD13D285
:104C1000761C3046FBF777FD41EC100B009890EDC9
:104C2000001B51EC100B53EC112BFBF7DDFD10D8E2
:104C3000002609F101090CE053EC192B51EC1A0B79
:104C4000FBF7BAFD05D306F00100401E304200D14B
:104C5000761CB8F1000002D00A22514625E04846F1
:104C6000FBF740FD53EC182BFBF758FC41EC180BFD
:104C700053EC192BFBF7B8FD06D953EC192B51EC6B
:104C8000180BFBF7B1FD1FD25FEAC9701CD009F108
:104C9000010919E0B6FBF2F302FB1363B6FBF2F66F
:104CA00030330B55401E641C2EB1202CF2D31BE078
:104CB0000A55641C00E03022202C15D2401EF7D289
:104CC0002E200AF80400641C0A205246202C0BD225
:104CD00099FBF0F300FB13913031115599FBF0F182
:104CE000641C5FEA0109F1D1A80711D4E8070FD0CD
:104CF0002FB105F00C0050EA0B0000D07F1E3020D1
:104D00005146BC4204D2202C13D20855641CF8E74B
:104D1000202C0ED2BBF1000F01D02D2106E0680738
:104D200001D52B2102E0280703D520210AF8041021
:104D3000641CCDF800A00395CDE9014714AE96E8B8
:104D40000F0001F0DAFB0EE7000000000000000099
:104D50006E616E00FFFFFFFFFFFFEFFF666E692DC4
:104D600000000000FFFFFFFFFFFFEF7F666E692B73
:104D700000000000666E69000000000065CDCD41B6
:104D80000000000065CDCDC19015030800000000B3
:104D90000000E03F3038092801D80120704700208A
:104DA0007047000010B54421074800F08DFE002236
:104DB0001E2106481FF0F6F9054CA06002F03AFBF0
:104DC0000020207010BD0000B0520020E9740008DF
:104DD000C40100202DE9F0470E46814617461146D2
:104DE000304600F01CF94FF0FF3A00287DD0002239
:104DF0003946304600F0BFF800284FF0000075D16A
:104E0000B6F90480B6F900305246A8EB0301491CFC
:104E10000AFA81F10FFA81FAB6F906C0B6F9021062
:104E2000ACEB010C0CF1010C02FA8CF2B7F802C0E9
:104E300012B2ACEB010C0FFA8CFCBCF1000F0EDDD2
:104E400063F30F0468F30F0501EB0C0061F31F44DB
:104E500060F31F45C9F800400120C9F80450B7F9B4
:104E600006107388CB1AD21A12B2002A13DDB6F9D3
:104E7000063099420FDA338863F30F04B38861F385
:104E80001F4463F30F05114461F31F4509EBC00193
:104E9000401C0C604D60B7F90220B6F902108A423E
:104EA00000DD1146B7F90630B6F90620934200DA64
:104EB0001A463B88B6F900C0521AA3EB0C031BB28A
:104EC00012B2002B10DD002A0EDD634463F30F05E0
:104ED0008B1863F31F456CF30F0409EBC00361F3F8
:104EE0001F441C605D60401C01E01AE017E0B7F948
:104EF000043036889F1BAAEB070636B2002E0EDD63
:104F000063F30F0461F31F44334463F30F0511444B
:104F100061F31F4509EBC001401C0C604D60BDE80A
:104F2000F0875046FBE770B5B1F90030B2F90040A8
:104F3000A34200DC23460380B1F90250B2F90240DB
:104F4000A54200DD2C464480B1F90460B2F904505A
:104F5000AE4200DA35468580B1F90610B2F9062076
:104F6000914200DB1146C1800120AB4201DC8C4242
:104F700000DD002070BDF8B50D460446B0F9000014
:104F8000B1F900101646884247DBB4F90210B5F9B2
:104F90000220914241DBB4F90410B5F9042091429A
:104FA0003BDCB4F90610B5F90620914235DC96B326
:104FB000ADF800006088ADF8020032466946284628
:104FC00000F099F8002827D0A088ADF8000060888C
:104FD000ADF8020032466946284600F08CF80028F9
:104FE0001AD02088ADF80000E088ADF80200324603
:104FF0006946284600F07FF800280DD0A088ADF85B
:105000000000E088ADF8020032466946284600F00C
:1050100072F8002800D00120F8BD0020F8BDB0F9DA
:105020000020B1F904309A4213DCB0F90420B1F940
:1050300000309A420DDBB0F90220B1F906309A42F5
:1050400007DCB0F90600B1F90210884201DB01204B
:10505000704700207047F8B50D460446B0F90400CB
:10506000B1F900101646884243DBB4F90600B5F9E1
:10507000021088423DDBB4F90000B5F90410884203
:1050800037DCB4F90210B5F90620914231DC76B371
:10509000ADF800006088ADF8020032466946284647
:1050A00000F029F818BBA088ADF800006088ADF8C2
:1050B000020032466946284600F01DF8B8B920883B
:1050C000ADF80000E088ADF8020032466946284697
:1050D00000F011F858B9A088ADF80000E088ADF8EC
:1050E000020032466946284600F005F808B1002063
:1050F000F8BD0120F8BD2DE9FC4114460E46B1F97A
:105100000020B0F9001005468A423ADBB5F90400E8
:10511000824236DCB6F90270B5F90220974230DBE4
:10512000B5F906309F422CDC002C75DD401A9A1A26
:10513000401C521C00B212B200EBD07002EBD272D3
:1051400040105210904200DB1046844200DD0446BD
:10515000ADF80010288800222044ADF804006888CB
:10516000ADF80200688831462044ADF80600684674
:10517000FFF7C1FF40B1BDF804002044ADF80400C2
:105180003FE00020BDE8FC81E8880022001BADF86C
:105190000200E888ADF8060031466846FFF7ABFF2D
:1051A00028B1BDF804002044ADF8040011E0A8883F
:1051B0000022001BADF80000A888ADF804003146BD
:1051C0006846FFF798FF50B1BDF80000001BADF82E
:1051D0000000BDF80200001BADF8020016E0688870
:1051E000ADF80200688800222044ADF80600314680
:1051F0006846FFF780FF70B1BDF80000001BADF8F6
:105200000000BDF806002044ADF8060031466846AF
:105210001CF05CFBB6E7FFE70120B3E710B5B1F97E
:105220000040B2F900309C4200DA23460380B1F915
:105230000240B2F902309C4200DA23464380B1F9C1
:105240000440B2F904309C4200DD23468380B1F96A
:105250000610B2F90620914200DC1146C18010BD53
:10526000F8B507461EF03AFF0025374C0646009574
:1052700037B1F868606038461FF062F8606802E095
:1052800011F02AFC606000691CF01CFA606840693B
:1052900008B11CF017FA6068C0691CF013FA606866
:1052A000006A1CF00FFA6068016991B11CF0B6FB4E
:1052B00021F01EFF21F044FC6068B0F85011D9B312
:1052C0000068017CC9071DD0C0684068D0B10027C4
:1052D00013E0A0F85051F8BDC11991F8301151B93F
:1052E00000F5AC7000F047FC616801EBC7010A6B88
:1052F0000260496B41607F1CBFB26068B0F850111A
:10530000B942E9D860684FF48071303017F078FE08
:105310006068202100F5987017F072FE6068A0F8B0
:10532000505130461EF0D4FE009060680068436A19
:1053300013B122680099984717F0E0FC00F032F8AA
:10534000BDE8F84000F002B88400002070B50A4DB6
:10535000002400BFC4EBC40655F8260008B117F0BE
:1053600041FD05EB86001C2117F04AFE641CE4B2E7
:10537000042CEFD370BD00008C530020084949680D
:105380000AE04A68824202D00A68824203D10A7E59
:1053900042F001020A7649690029F2D17047000003
:1053A00058000020704700000421014800F08CBB29
:1053B000A45200202021014800F086BBBC520020EE
:1053C0002DE9FF410446DDE90A671D004FF00000AA
:1053D00002D1B6F5807F2BD0039001900290ADF8FA
:1053E0000C100090ADF80410ADF80A20ADF80E20B6
:1053F0003B463246294668461CF0C8F93B463246D1
:10540000294601A81CF0C2F93B463246294602A8AB
:105410001CF0BCF93B463246294603A81CF0B6F9FD
:10542000BDF90000BDF90430984209DA054608E0EC
:105430002080491E6080A180521EE280BDE8FF816D
:105440001D46BDF90820BDF90C108A4201DA164646
:1054500000E00E46B54203DA984206DB184604E047
:105460008A4201DA104600E00846801E2080BDF91D
:105470000030BDF90420934201DD1D4600E01546D1
:10548000BDF90800BDF90C10884201DD064600E0B8
:105490000E46B54205DD934201DD194604E0114692
:1054A00002E0884200DD0146891CA180BDF902307E
:1054B000BDF90620934201DA1D4600E01546BDF90C
:1054C0000A00BDF90E10884201DA064600E00E46D9
:1054D000B54205DA934201DA194604E0114602E0CA
:1054E000884200DA0146891E6180BDF90230BDF9AB
:1054F0000620934201DD1D4600E01546BDF90A0075
:10550000BDF90E10884201DD064600E00E46B542A8
:1055100005DD934201DD194604E0114602E08842B0
:1055200000DD0146891CE18088E700002DE9F0419B
:1055300015460E460746114C1EF0D0FD80462B4600
:1055400032463946204615F0CBFC20B10020A0623F
:10555000E06950B110E02C21204617F051FD4FF0CA
:105560000040A0620020BDE8F08140461EF0B0FD82
:10557000E06108B90120E0612046F4E7E052002034
:1055800010B51421074800F09FFA15F06FFC40B1E8
:105590000549016005494160054981600549C160CF
:1055A00010BDFEE7C852002041A80108BDAB0108AC
:1055B0008DAD01080DA8010870B50D4604461021F7
:1055C000284617F01DFD20680078012804D0022825
:1055D00007D0042807D008E0A08A2880E08A6880E5
:1055E00003E0E06800E00A20686020684268002A62
:1055F00003D02946BDE87040104770BD2DE9FE4339
:105600000446808A10B9E08A002874D0D4F82C802F
:105610005FEA080010D120460AF09DFE5FEA00080C
:1056200069D020460DF054FA00220921404614F0BA
:105630004FFB607880075ED44FF4807900274E4698
:105640004546002128461AF03BF9384407B20021AC
:1056500028461AF053F9C11700EB1160001210FB35
:1056600006F006B2284619F027F90500E9D10FB96E
:105670004E450CD0784201B24FF4803090FBF6F0EA
:1056800002B26B4604F1140000951CF07FF8ADF8EF
:105690000450ADF8085094F8400000F00F000328C3
:1056A000404616D019F05AFA0646404619F010F94D
:1056B00003460C200090B4F91610324640460AF01A
:1056C000F1F9ADF80800404619F054F9C10713D0BC
:1056D00018E019F0D7F90646404619F073F902466A
:1056E00003200090B4F91410334640460AF0DAF96A
:1056F000ADF80400E7E736E0BDF90410002901DD4C
:10570000ADF80450810705D4BDF90410002901DA71
:10571000ADF80450410705D4BDF90810002901DD9A
:10572000ADF80850000705D4BDF90800002801DADB
:10573000ADF8085002AA01A9204622F075F8BDF97B
:105740000820BDF90410404600F08AFA607880070E
:1057500009D4208BBDF8041008442083608BBDF869
:10576000081008446083BDE8FE832DE9FC5F044611
:10577000C06A5FEA000B71D094F8400000076DD05A
:1057800015F040FE019000684021457E58461AF011
:10579000E1F94FF0000818B9A4F81E80A4F81C80A5
:1057A000584619F0CDF98246584619F0D0F9064608
:1057B00094F840004FF0640900F00F000C2802D06C
:1057C00003284CD09AE0A4F81C8056B1B4F91E50BE
:1057D000002715F017FE00684946407EC0F16400BE
:1057E00022E0E08BC5F1640110FB01F191FBF9F0BF
:1057F000E083584619F06CF80546584619F0AEF9A2
:1058000002460C200090B4F91E102B4658460AF0B0
:1058100049F9E083024600231EE07A1917B210FB13
:1058200005F292FBF1F215B2002DF6D1ADF8007041
:10583000A4F81E806A460021204621F0F5FF41F6BB
:10584000FF72BDF90030514258460AF01BFFBDF807
:1058500000100123084402B200214CE09AE0A4F8B1
:105860001E80BAF1000F0AD0B4F91C50002715F0C1
:10587000C9FD00684946407EC0F1640022E0A08B6B
:10588000C5F1640110FB01F191FBF9F0A0835846CA
:1058900019F098F80546584619F0F4F80346032025
:1058A0000090B4F91C102A4658460AF0FBF8A08371
:1058B000014600231EE07A1917B210FB05F292FB95
:1058C000F1F215B2002DF6D1ADF80070A4F81C80ED
:1058D00000226946204621F0A7FF41F6FF72BDF97C
:1058E0000030514258460AF045FEBDF80010012331
:1058F000084401B2002258461BF068FAA08B002829
:1059000048D1E08B002845D1C6B9584619F026F990
:105910000546584618F0DCFF002D06DC00280DDD9A
:10592000002D02DA01232A4604E0002806DA0123CA
:10593000404202B2002158461BF048FABAF1000F6B
:1059400019D1584619F03EF80546584619F09AF80C
:10595000002D07DC00280EDD002D03DA01230022D4
:10596000294605E0002806DA01230022404201B260
:1059700058461BF02BFA0A215846019A14F0A8F950
:105980006078800706D414F8400F20F00F002070D4
:1059900044F8148CBDE8FC9F7FB50E46040003D18B
:1059A00011F09AF804002CD011F00AF9002828D040
:1059B00094F82800400724D4002506B3ADF8005021
:1059C000ADF80250204611F09FF8401EADF80400DB
:1059D000204611F0DFF8401EADF806006A46314659
:1059E00002A8FFF7A0FA00280BD02068017C8907E5
:1059F00008D5DDE90001C4E90C01012029E0A4F883
:105A000050517FBD82690AB102A9904700260AE081
:105A100004EBC601002202A83031FFF7ACFA0028DF
:105A2000EFD1761CB6B2B4F85001B042F0D880B2D3
:105A3000202804D204EBC00002A9303004E0A4F80E
:105A4000505104F1300069460EF049FDB4F85001A0
:105A5000401CA4F8500160680028D2D01EF07CFCE5
:105A60007FBD70B5054600F012F804460CE02146F3
:105A7000284600F01EF806462146284600F0A2F807
:105A8000204617F0AFF93446002CF0D170BD002845
:105A900000D04068704700B503460022FFF7F7FFCB
:105AA00003E01846521C00F004F80100F9D110463A
:105AB00000BD0068091D4058704700684058704795
:105AC000002800D08068704700224260C91C21F085
:105AD000030182600160704770B5044600680830B9
:105AE00017F0F4F8050013D00146002220461FF0FD
:105AF000AFFC2946204662681FF0A4FC616819B11A
:105B00002A4620461FF0A4FC6560A06800B9A56085
:105B1000284670BD2DE9F0410C4606000AD04CB174
:105B2000FFF7B5FFA04208D13046FFF7D5FF051EAD
:105B300001D01EE00020BDE8F0813068083017F089
:105B4000C5F8051EF7D030682A4607593046394651
:105B50001FF078FC3A46294630461FF079FC2A4669
:105B6000214630461FF074FC2246294630461FF07D
:105B700069FC2846DFE770B504460068083017F076
:105B8000A5F8050013D00146002220461FF05AFC5C
:105B900029462046A2681FF05BFCA16819B12A467D
:105BA00020461FF04FFCA560606800B9656028467C
:105BB00070BD28B1416809B9806808B100207047FC
:105BC0000120704770B504000DD0FFF760FF002280
:105BD0008842204608D1FFF76CFF6060011E01D0AB
:105BE00000221EE0A26070BDFFF76AFF88422068B5
:105BF00008440AD10168A16029B12046BDE870407F
:105C000000221FF01FBC626070BD05682046FFF7D0
:105C100050FF06460246294620461FF013FC2A463E
:105C200031462046BDE870401FF012BC10B5044656
:105C3000006882680AB12146904720680068002801
:105C400001D02060F5E710BD8068002801D0B0F9D0
:105C5000160070478068002801D0807E8009704758
:105C600070B5164605460C4651EA06001AD028467D
:105C700017F02CFFA86801233246018A21440182D3
:105C8000A868418A31444182214628461AF0F6FA32
:105C900000220B21284614F01BF8012803D12846C6
:105CA0001AF046FA012070BD77B581B00E460500A6
:105CB00017D0622219F032FD040012D0206880B1A2
:105CC00028463146632219F029FD10F0FF0208D062
:105CD00023682046039998470090BDF80000ADF86E
:105CE0000C00039804B070BD2DE9F047074692B050
:105CF000408C1A9E40F00800788490463A84994679
:105D00008A463289384619F009FD0546A7F82090E1
:105D100032895146384619F001FD0446788CA54277
:105D200020F00800788403D12904B1EB044F68D037
:105D3000A7F8208032895146384619F0EFFC054615
:105D40008046A7F82090514638460BF01DFF318958
:105D500000682A461DF00EF930890B2823D147F63A
:105D6000FF794D4501D04C451DD1384619F0A9FEAB
:105D700000EBD0704510384618F05DFD00EBD07098
:105D80004010C84506D1691C431C994200DA00E066
:105D9000194688464C4506D1691C421C914201DADD
:105DA0006C1C00E014461948FFF796FE05002BD046
:105DB0002F60C5E903843089A8806846C5F808A02B
:105DC0000DF000FE1248FF21CDE90050114802906D
:105DD0001148039000200890CDE9090130880B900C
:105DE00070889DF8421040420C90F06807900020A7
:105DF00060F300018DF842103069069068460DF09E
:105E000055FE12B0BDE8F087FEE70000D452002036
:105E1000E9A10208E5A3020841A3020814210148F0
:105E2000FFF752BED45200202DE9F84F00259046CE
:105E3000894606462C460427E6E000BFF06807EBDB
:105E4000C401405881017CD480B230EA090112D0EB
:105E50005FF0000230EA08000FD00020824270D0CC
:105E6000F0686A46102150F8340082461CF0E4FDC8
:105E7000002871D103E00122ECE70120EEE76A4639
:105E8000112150461CF0D8FD002865D16A46122128
:105E900050461CF0D1FD00285ED16A4613215046C1
:105EA0001CF0CAFD002857D16A46152150461CF047
:105EB000C3FD002850D16A46142150461CF0BCFD99
:105EC000F0BB6A460A2150461CF0B6FDC0BB6A46CC
:105ED0006B2150461CF0B0FD90BB6A466C215046C9
:105EE0001CF0AAFD60BB6A46012150461CF0A4FDCF
:105EF00030BB6A46042150461CF09EFD00BB6A463A
:105F0000022150461CF098FDD0B96A460321504644
:105F10001CF092FDA0B96A46052150461CF08CFD8C
:105F200070B96A46062150461CF086FD40B96A46A3
:105F3000322150461CF080FD10B96A466E2101E006
:105F40000AE060E050461CF077FD28B96A466D21F2
:105F500050461CF071FD10B10320BDE8F88F6A4671
:105F6000692150461CF068FDF0BB6A466A21504624
:105F70001CF062FDC0BB6A466E2150461CF05CFD01
:105F800090BB6A466D2150461CF056FD60BB6A46C8
:105F9000372150461CF050FD30BB6A463821504630
:105FA0001CF04AFD00BB6A46352150461CF044FDFA
:105FB000D0B96A46402150461CF03EFDA0B96A4661
:105FC000452150461CF038FD70B96A4641215046C3
:105FD0001CF032FD40B96A46422150461CF02CFDAF
:105FE00010B96A46432100E009E050461CF024FD48
:105FF00028B96A46492150461CF01EFD08B1022509
:1060000001E005B90125641C708CC0F30510A042A5
:106010003FF614AF2846A0E70148406870470000EB
:10602000840000207047C0F30410072800D907201F
:1060300070470000A0F57F41FF3905D0002804D04B
:10604000712803D208490AE01F20704707497138B8
:1060500080B2096829B1064A5268904201D2085CB0
:106060007047002070470000E4150308F00100208D
:106070000402002010B518210348FFF725FD03494D
:106080000120087010BD0000805200200C0200208A
:106090002DE9F04190460C46050015D0FAF76FF94E
:1060A0000A4F06462146BA68284690470446BA6811
:1060B0002819414690470146701A03E06218AA5C0D
:1060C0002A55641CA042F9D2BDE8F08120020020CC
:1060D0002DE9F041094D90460E466A681C46074678
:1060E00019469047306020B120686A683844002122
:1060F0009047C8F80000BDE8F081000020020020B1
:106100002DE9F04F87B08A46DDE910581F469346C7
:106110000446002105B129805CB12078002809D00F
:10612000BAF1000F05D0002618F0060F15D0002098
:1061300004E0002007B0BDE8F08F401C215C0A2974
:1061400004D00D2902D00029F7D100E0401C002D19
:10615000F0D04FF0FF312980ECE75FEA887001D57D
:1061600041F6FF77894608468DF81410049127E020
:106170000498CDF8189068B34FF0000C05AA06AB50
:10618000CDF80CC0CDF80080CDE9013220443B466B
:106190005A4651461EF022FA06997A1A314417B22D
:1061A0000EB288B104990144049120780A280BD0DA
:1061B0000D2809D0605C0A280FD00D280DD00846A4
:1061C000205C08B1002FD3DC049848B105B12E80C3
:1061D0000498AFE74FF0010CD0E7481C0490F3E7B8
:1061E000064A04A9204652689047002DF0D0014687
:1061F0000022504613F080FE06B2E8E7200200209D
:106200002DE9F0411746884606001ED0002F1CD00D
:10621000FAF7B5F804463846FAF7B1F8050014D095
:106220000B4A2C444146926830469047411903E09E
:10623000621BB25C3255641EA142F9D930442A4631
:106240003946BDE8F04116F09DBEBDE8F081000082
:106250002002002000230278232902D0012A0DD039
:106260000FE02AB10021012A04D0022A04D008E05C
:10627000012101E0017004E0017001E0202902D059
:106280000123184670470221F6E72DE9F0410E463A
:10629000804602460021334608461EF0DDFB0446D8
:1062A0000027401C16F012FD050008D02F5533467C
:1062B0004246611C1EF0D0FB2846BDE8F081FEE797
:1062C0002DE9F0471E4614460D468246DDF8209023
:1062D00015E000BF4FEA540808FB06573946504600
:1062E0004A469047002808DD44F30000C0EB540400
:1062F00007EB0605A4F1010401E005DA4446002C91
:10630000E8D12046BDE8F0873846FBE72DE9FF5F7E
:1063100091468A468346DDE90E20DDE91341DDE939
:106320001167DDF840C05FEA81784FF030051AD47C
:106330005CB15FEAC17808D001F00C0858EA0C089B
:1063400003D0641E01E01554401CB84204D220283A
:10635000F9D301E01554401C5FEAC17803D0A04294
:1063600001D22028F6D35FEAC16825D55FEA4158FB
:106370000AD448B1B84201D0A04205D1401E03D092
:10638000102E03D1401E04E0102E02D0022E0AD09F
:106390000EE08E0603D420281ED2782606E02028A0
:1063A0001AD2582602E0202816D262261654401C23
:1063B000202811D21554401C20280DD2BCF1000F0A
:1063C00001D02D2506E04D0701D52B2502E00D0754
:1063D00002D520251554401CCDE90020CDE902410D
:1063E0004A465146584600F088F804B0BDE8F09F90
:1063F0002DE9F04F8FB099468B46DDE91818DDE99D
:106400001C63DDE91A4792468646002209B923F04B
:106410001003580507AD00D5C9B1B1FBF4F004FB7A
:106420001010C0B20A2801D2303009E05FEA836C54
:1064300002D54FF0410C01E04FF0610C60440A3886
:10644000B1FBF4F1A854521C09B1202AE5D3CDF8D0
:106450000880CDE90563CDE90052CDE903474B46FD
:10646000524659467046FFF751FF0FB0BDE8F08F16
:106470002DE9FF4F8FB01CACDDE9239594E80308AC
:1064800020AC94E8C004002450EA010201D125F0B8
:1064900010056A050DF11C0802D550EA010217D05B
:1064A00032463B46F9F7F6FED2B20A2A01D2303222
:1064B00006E0AB0601D5412300E061231A440A3A05
:1064C00008F80420641C50EA010201D0202CE7D314
:1064D000CDE90084CDF808B0CDE90595CDE9036A92
:1064E0000FAF97E80F00FFF711FF13B0BDE8F08F73
:1064F0009A4200D28854704770472DE9FF5F80466A
:106500000FA8DDF838B090E8C004144691465FEA61
:106510008A7014D1354607E02246641C2020C44608
:10652000039B0199E0476D1CBD42F5D307E022466D
:10653000641C761E039B1BF806000199C047002EC1
:10654000F5D15FEA8A7006D409E02246641C202057
:10655000039B0199C047A4EB0900B842F5D304B0EE
:106560002046BDE8F09F00002DE9FF4F95B09A4608
:10657000884606460025EEE1252877D100242746E7
:10658000F94A0121039400E0044316F8013F203B3F
:1065900001FA03F01042F7D130782A2811D06FF0B9
:1065A0002F033078A0F13002092A16D8039A44F05C
:1065B000020402EB820203EB42021044761C0390B9
:1065C000EFE758F8042B0392002A03DA504244F410
:1065D0000054039044F00204761C30782E2816D123
:1065E00016F8010F44F004042A280DD06FF02F0292
:1065F0003078A0F13003092B09D807EB870302EBB1
:106600004303C718761CF3E758F8047B761C3078F0
:106610006C280FD006DC4C2817D068280DD06A28CB
:1066200014D104E0742810D07A280FD10DE044F47E
:1066300000140AE044F4801401E044F44014727839
:10664000824202D104F58014761C761C30786628CC
:106650000BD013DC582877D009DC002875D04528EA
:10666000F6D04628F4D047281AD193E118E06328E1
:1066700035D0642879D0652812D18BE1702873D089
:1066800008DC6728F1D069286FD06E280DD06F28FC
:1066900006D1ACE073282CD0752874D0782853D05C
:1066A0005246179990476D1C54E1C4F302500228DA
:1066B00009D003280DD0D8F8001004280DD00D60A3
:1066C00008F1040846E1D8F80010EA17C1E90052C1
:1066D000F6E7D8F800100D80F2E70D70F0E718F833
:1066E000041B8DF8001000208DF80100EB460120FE
:1066F00003E058F804BB4FF0FF3061074FF0000192
:1067000002D40DE009F101018946B9420FDA814551
:10671000F8DB1BF809100029F4D108E009F10101A8
:1067200089468142FADB1BF809100029F6D103984B
:106730005346A0EB090721463846179A00F080FA25
:10674000284400EB090507E044E008E10DE01BF8F0
:10675000010B524617999047B9F10109F7D25346F8
:1067600021463846179AF2E039E00A21C4F3025272
:106770004FF0000B0091022A06D058F8040BC11705
:10678000032A09D00AE023E008F1070020F00702FD
:10679000F2E80201904605E000B2C117042A01D1D7
:1067A00040B2C117002906DA0A460021404261EBD7
:1067B00002012D2202E0220504D52B228DF80420AF
:1067C000012203E0E20701D02022F7E7914657E0DB
:1067D0000A2100E010214FF0000B00910BE0102186
:1067E0004FF0000B44F004040827009103E0082058
:1067F0004FF0000B0090C4F30252022A05D058F863
:10680000040B0021032A08D008E008F1070020F05B
:106810000702F2E80201904603E080B2042A00D1A8
:10682000C0B24FF0000922072AD53278702A07D06B
:10683000DDF800C08CF0100C5CEA0B0C05D00EE00B
:1068400040228DF80420012208E050EA010306D01E
:1068500030238DF804308DF8052002229146009BEC
:1068600083F0080353EA0B030AD150EA010201D175
:10687000620705D530228DF804204FF001097F1EF4
:106880003278582A04D039A20C920CAA02920BE05A
:106890003BA2F9E75B46009AF9F7FCFC0C9B9B5C7A
:1068A000029A521E0292137050EA0102F2D102982B
:1068B00004A9081A00F1200B600702D524F48034E3
:1068C00000E001275F4502DDA7EB0B0000E00020A0
:1068D00000EB0B01009003984944401A0390E00339
:1068E00006D453462146179A039800F0A9F90544A7
:1068F000002706E001A85246C05D179990476D1C1D
:106900007F1C4F45F6DBE0030CD553462146179A12
:10691000039800F095F9054404E030205246179999
:1069200090476D1C0099481E00900029F5DC08E096
:106930000298029952460078491C02911799904793
:106940006D1CBBF10001ABF1010BF1DC5BE100F070
:1069500065F90544761C307800287FF40DAE19B037
:106960002846BDE8F08F000009280100303132339D
:10697000343536373839616263646566000000007B
:106980003031323334353637383941424344454665
:1069900000000000600700D4062708F1070020F07F
:1069A0000700F0E80223804603F0004C5FEA0C0089
:1069B00001D097A009E0200501D596A005E0E007E9
:1069C00001D095A001E0AFF24C001390307823F095
:1069D000004365280CD006DC452809D046281DD088
:1069E00047287FD13BE0662818D067287AD136E067
:1069F0000021112F01DB112000E0781CCDE90001FE
:106A000004A90CA8FDF78EFFDDE90D010C9A4FF0EB
:106A1000000B07F10109109200914EE04FF0004089
:106A20000097CDE9011004A90CA8FDF77BFFDDE973
:106A30000D020C9B0F994FF0000B914610930092A2
:106A400011B9791C00EB0109B7EB090003D4C0F1BF
:106A5000FF3B07F10109A9EB0700019042E0012F7C
:106A600000DA01270021112F01DD112000E0384656
:106A7000CDE9000104A90CA8FDF754FFDDE90D01E3
:106A80000C9A00914FF0000BB946109221070FD4D9
:106A9000009A4A4503DA914601E0A9F10109B9F1EA
:106AA000010F05DD109AA9F10101515C3029F4D0E4
:106AB000B84202DA10F1040F03DA0121CDE9011026
:106AC00010E0002803DC8344A9EB000102E0411C34
:106AD000494500DD8946A0EB0B00401C01904FF0BA
:106AE00000400290200705D40198484502DB4FF092
:106AF000FF30019000208DF84B0002980DF14B07FC
:106B0000B0F1004F25D002200C902B200D90029860
:106B100000280CDA404202902D200D9007E00A2157
:106B20000298F9F795FE3031029007F8011D0C9993
:106B3000481E0C900029F2DC02980028EFD1791E43
:106B40000D980870307800F0200040F0450007F8FC
:106B5000020D11A8C01BC01D02901398007800B14F
:106B6000012000EB0901019801EBE071029801445A
:106B70000398401A401E0390E00306D45346214672
:106B8000179A039800F05CF805441398007818B140
:106B90005246179990476D1CE00323D55346214672
:106BA000179A039800F04CF805441BE0BBF1000F66
:106BB00007DB0098584504DD1098179910F80B0072
:106BC00001E0179930205246904701980BF1010BD4
:106BD000401E05F10105019004D12E20524617995F
:106BE00090476D1CB9F10001A9F10109DEDC05E057
:106BF00017F8010B5246179990476D1C0299481ED1
:106C000002900029F4DC53462146179A03989EE629
:106C10002D0000002B000000200000002DE9F041B5
:106C2000044600251E461746880404D405E039466C
:106C30002020B0476D1C641EF9D52846BDE8F081C0
:106C40002DE9F041044600251E469046C80301D5B3
:106C5000302700E02027880404D505E04146384667
:106C6000B0476D1C641EF9D52846BDE8F0810A685E
:106C7000531C0B60107070472DE9FF4F89B005461B
:106C80000A9800249246002800D1FD4D9DE1252858
:106C900004D02246641C53460A994DE2491C4FF029
:106CA000000808460C9101782B2919D004DC202912
:106CB00019D0232904D119E02D290ED0302909D06B
:106CC0000026C8B2FEF766F8B0B10CA8FDF719FCB3
:106CD00006461FE048F001010AE048F0020107E023
:106CE00048F0040104E048F0080101E048F0100118
:106CF000401C88460C90D6E70C9908782A2809D1C0
:106D0000169840C81690002E02DA48F00208764223
:106D1000491C0C910C984FF0000B01782E2919D1C9
:106D2000401C0C9048F480680078FEF733F820B1DE
:106D30000CA8FDF7E6FB83460CE00C9A10782A2895
:106D400008D1169901C91691002800DC0020521CB8
:106D500083460C920C9801786C290AD004DC6829CF
:106D60000FD06A2919D12AE074292BD07A2914D19D
:106D700028E0401C0C90017848F480786C291ED0E3
:106D80000BE0401C0C90017848F08008682904D181
:106D900048F04001401C88460C9001460078652868
:106DA0000CD01BDC50282BD00FDC25287ED04528AA
:106DB000F6D046287BD047287FF46BAF24E148F417
:106DC0000071E7E748F48071E4E7582818D062289A
:106DD00016D063286CD06428EED111E070280FD053
:106DE00008DC662863D0672877D0692808D06F2828
:106DF000E2D105E0732871D0752801D07828DBD165
:106E000078280DD058280BD070280BD0502809D0E6
:106E10006F2816D0622816D00A2228F0100016E03B
:106E2000102207E04878102248F48878562804D1C8
:106E3000491C0C910878582807D00878502804D0AD
:106E400006E0082209E0022207E048F02000804620
:106E50000878692803D0642801D028F00C085FEA7C
:106E6000485001D528F001080878692821D0642805
:106E70001FD0562866D05FEA885074D51698CDF892
:106E800018B0C01D0021CDE904210291CDE90768A9
:106E900020F007005346F0E80212CDE900121690E8
:106EA000224628460A99FFF7E3FACAE03FE195E057
:106EB000C9E05FEA885022D5169804AFC01D20F0C3
:106EC0000703F3E802011693002387E80C08CDE9D5
:106ED0000768002903DA012202E095E0DDE00022E4
:106EE000002302921A461B1A8A4103DB0022404209
:106EF00062EB010153462246CDE90001D1E75FEA8A
:106F0000C85004D5169901C90FE0404215E05FEA68
:106F1000486003D5169911F8040B06E05FEA086093
:106F2000F0D5169931F8040B00B21691CDE9022B79
:106F3000CDE90468C10F0028E7DD53462246CDE9BC
:106F400000013AE01699AAEB040201C916914168C2
:106F50000968009103680A9801192846FFF78CFE1A
:106F600004442FE0FFE75FEAC8500CD5CDE9022BBF
:106F7000CDE9046816980021534604C8CDE90021E4
:106F80001690224619E05FEA486003D5169810F87B
:106F9000041B08E05FEA0860169803D530F8041B6C
:106FA00089B200E002C8169001AF0020009187E886
:106FB0000508CDE904685346224628460A99FFF79A
:106FC00017FA3EE00C98401C0C900C9908780028A9
:106FD0007FF45DAE54456ED22246B1E0462801D121
:106FE00048F020081698CDF800B0CDE90168C01D22
:106FF00020F007005346B0EC020B224616902846BC
:107000000A99FDF751FD1CE0672801D0472801D1FE
:1070100048F40068452801D0472801D148F02008ED
:107020001698CDF800B0CDE90168C01D20F007002A
:107030005346B0EC020B2246169028460A99FDF7FB
:1070400077FA0446BEE701275FEA887006D509E0B3
:107050002246641C534620200A99A84738467F1CC4
:10706000B042F5D316982246641C10F804CB169053
:10707000534660460A99A8475FEA887008D4A1E79A
:10708000F96400082246641C534620200A99A84748
:1070900038467F1CB042F5D394E7169850F8049B0D
:1070A00016904B46BBF1000001D0014601E04FF0C5
:1070B000FF31484601E041E0401C02780AB1491E18
:1070C000FAD2C71A5FEA485003D558465F4500D345
:1070D00007465FEA887006D511E02246641C5346D5
:1070E00020200A99A84738467F1CB042F5D306E015
:1070F000224609F10109641C53460A99A84799F8E8
:10710000000028B15FEA4851F2D5BBF1010BEFD284
:107110005FEA887006D455E72246641C5346202057
:107120000A99A84738467F1CB042F5D34AE7224661
:10713000641C534625200A99A84743E7AAF1010297
:10714000534600200A99A8470DB02046BDE8F08FAD
:1071500010B502004FF000000CD04B1E194200D0B9
:10716000FEE70A44521E9A43B2F5803F02D20C2A2F
:1071700001D9104610BD0C2010BD08444A1E401E07
:107180009043114200D0FEE7704700002DE9F04126
:107190000F4601210025044641862E460BE01B497F
:1071A000F9F7F4F810B16D1CADB202E0608E401C2E
:1071B0006086761CB6B257F8260010B10178002917
:1071C000EDD1208EA8421ED0A06A002610B115F085
:1071D00009FEA662E06A10B115F004FEE662E8005E
:1071E00015F074FDA06238B1680015F06FFDE06223
:1071F00018B1A16A11B102E0FEE7FEE700256900BF
:1072000015F0FEFE2586BDE8F0810000584F01080C
:107210002DE9F84F8146407A0F4600F0070002281A
:1072200019D010468046974200DD3A4616460320A4
:107230002A4C2B4A00EB460020F00305A068116899
:107240001035411A636805EB010C9C4505D2416875
:1072500021F0004124E00846E4E79D4219D8924617
:107260004FF0FF3B48196168884210D900226946F7
:107270001C48CDF800B00CF005F8002269461A4809
:107280000CF000F8A168DAF80000091AEAE7A06833
:10729000DDE7284615F01AFDC0B1416841F0004114
:1072A00088EA6702416089EA02010160416801F0F1
:1072B0004041491C31F0804141608681A0F80E8038
:1072C00005D500F110018160BDE8F88FFEE7A168E7
:1072D00001F1100229448260A160F5E78C000020D2
:1072E000EC01002045030108E532010870B586B0C5
:1072F00000224F4C8DF808208DF80C208DF81020BE
:10730000E2888A4201D0FF22A270E18090F83C20FE
:10731000142302F003024FF4B475012A24D0022A88
:1073200068D0A578AA4211D010F8265F05EB0515A4
:1073300005EB4505B5FBF3F52570407800EB001033
:1073400000EB4000B0FBF3F06070A27004AA03A849
:10735000CDE9000201EB41004FF6FF7101EA400068
:1073600002AB627821781BE0A678B24210D0868CFE
:1073700006EB46067602B6FBF5F5A58090F82700E9
:1073800000EB001000EB4000B0FBF3F06070A27067
:1073900004AA03A8CDE90002C9B202AB627844E0B6
:1073A00008F0D1FC9DF80C00BDF8003044099DF8B0
:1073B000082064F30203ADF80030D308BDF80020C4
:1073C0009DF8101063F3C702ADF80020CA08BDF89D
:1073D000001062F30C21ADF800108108BDF8000028
:1073E00061F34F30ADF8000080B20090BDF80000AE
:1073F00006B070BDA678B24210D0868C06EB460669
:107400007602B6FBF5F5A58090F8260000EB00109B
:1074100000EB4000B0FBF3F02070A27004AA03A8B8
:10742000CDE90002CAB2217802ABA088B8E700001B
:107430003801002010B5084C012020700748FEF7E5
:1074400026FB0028A06803D0BDE810401CF084BFD4
:10745000BDE810401CF074BFC4010020B0520020F1
:1074600010B5044690F84200A16B820709D4B4F825
:1074700040204AB1A2F57F43FF3B1BD0521EA4F827
:107480004020B4F84020AAB909B1820712D521469C
:107490001448FEF797FBFFF7CDFFE16809B12046DE
:1074A0008847216909B1204688472046BDE8104039
:1074B00015F098BCE26B52422263002911D082077A
:1074C00002D4626B524222634210521C62F34100AA
:1074D00084F84200A26A206A2262A062E06AE16245
:1074E000A06310BDB052002070B5304D68681CF02C
:1074F000EFFD0646687880F00100687047E00020E4
:10750000287094F842006978C0F380028A4242D021
:1075100061F3820084F84200216B8A19030719D4B1
:10752000002917DC002A15DBC00709D1616939B1D0
:1075300020468847216A01442162A16A0844A0626A
:10754000A16809B12046884794F8420040F008003D
:1075500084F84200206B8019206316D4E16A8842C7
:1075600000DD2163E169204688470146606A884260
:1075700004D0616262680AB120689047D4E90B01C7
:10758000814202DB2046FFF76BFF287818B10848DC
:10759000FEF77DFA03E021460548FEF78AFA04006B
:1075A000ADD11CF09BFD686070BD0000C4010020DF
:1075B000B052002070B5044640680D4608B1FFF790
:1075C000F9FF2268002A04D029462046BDE8704011
:1075D000104770BD89B20CF0E7BE89B20CF020BF35
:1075E0002DE9FF4F99B09846DDE926B12D98164652
:1075F0008A464FF00009042811D0052811D006282A
:1076000012D0142870D101270225002418FB06F09F
:107610000E901A98401E0D90701E069051E10027A2
:10762000F2E701270325F0E701270225FEF7F4FC26
:107630000068D0F83890E8E7289860430BEB2022E8
:10764000299860430AEB202110124FEA212E7DD4A5
:107650001A9B98427ADABEF1000F77DBB64575DAED
:10766000D2B2CBB2802A05DAC2F17F024FF0FF31ED
:10767000520003E001215200A2F580720992802B92
:1076800005DAC3F17F034FF0FF325B0003E0012214
:107690005B00A3F580730A930EFB080C199B0CFB8F
:1076A000053307934318119372D4DDF834C0634552
:1076B0006EDC1EEB02036BD4DDF818C0634567DC9B
:1076C000DDF81CC011FB05C1CDE915C112FB08F1A5
:1076D00001FB05C10C91D7B32D99052905D01429BB
:1076E0000BD0062955D066E0EFE01598807807901A
:1076F0000C9881781698807810E0199A0E990EFBF4
:1077000008FC02EB41010A180EFB08111CF80200EC
:107710000790119803FB08F3085C995C079A914263
:107720000AD00A9A11FB02F20A99C1F580730799EF
:1077300011FB0321C1F30721079A90420DD0099A4A
:1077400010FB02F20998C0F5807301E02FE035E0EC
:10775000079810FB0320C0F3072008442C99400829
:10776000085527D015980178407801EB0020ADF836
:107770000C000C980178407801EB0020ADF8100067
:1077800016980178407801EB0020ADF8080023E05E
:107790004CE0159801881FFA89F0814207D00C99B6
:1077A0000988814203D016990988814203D12C9916
:1077B0000020085583E0FF210846CEE71598008891
:1077C000ADF80C0016980088ADF808000888ADF8F0
:1077D00010002C98FF210155BDF80C00BDF81010C9
:1077E000884209D1BDF80810884205D12B98BDF810
:1077F0000C1000EB440017E00A98C2B2DDE9031058
:107800000EF008FD04900998C2B2DDE902010EF005
:1078100001FD7F22029004990EF0FCFC00902B9851
:10782000BDF8001000EB4400018048E0079B93F88E
:1078300000C05B780CEB0323DDF8ACC09BB22CF8E6
:107840001430DDF8B4C0BCF1050F06D0BCF1060F52
:1078500006D0BCF1140F09D10AE0079B9B780FE01A
:107860001FFA89FC634501D1002309E0FF2307E0EB
:10787000199B0EFB083C0E9B00EB43031CF80330E6
:1078800008B9002905DBDDF834C0604503D10029C3
:1078900001DD09980AE0BEF1000F01D1002A04DBE6
:1078A00006998E4508D1002A06DD0A98C0F1FF002E
:1078B00010FB03F0010A00E000212C980155641C24
:1078C00024B22A988442FFF6B7AE1DB0BDE8F08F0F
:1078D00010B5818F92B00446A9B168460CF072F8D9
:1078E0000B480121CDE90040A08F0B9000200890AB
:1078F000CDE90901074807900748039068460CF056
:10790000D5F812B010BD12B0BDE810401EF050BE48
:1079100029660208833A01082B66020810B504465E
:10792000406882080AD0496821F00301091D084413
:107930006060204600F042F8204610BDFEE7406837
:10794000103120F00300884201D30120704700204D
:1079500070472DE9FC47054648680C4620F00300B7
:1079600001AA69461DF00EFCDDE9007005EBC711A8
:1079700001EB80098046D9F83C0060B164B1C4E9EC
:10798000020504F10806C46030460421FFF7F5FB48
:10799000864202D0FEE7FEE7FEE7C9F83C40012040
:1079A000296900FA07F21143296105EB870100FA02
:1079B00008F04A6902434A61BDE8FC8710B50446F5
:1079C00000F087F8046010BD2DE9FC4706464FF033
:1079D00000000D0000900746019042D00C46E94699
:1079E0000DF10408802907D3084622F0D7FB411F78
:1079F00001208840401E04444246494620461DF06E
:107A0000C1FB009C0A2C2CDA06EB8400019A406929
:107A10004FF0FF3101FA02F210400CD1641C3069C2
:107A2000A14008401DD022F0B1FB0446009006EBB7
:107A30008000406978B122F0A9FB034606EBC4112F
:107A4000019001EB8000C76B5FB1786820F0030004
:107A5000A84201D2FEE7FEE739463046009A1FF001
:107A600095FC3846BDE8FC8710B50446FFF7A6FF35
:107A7000416841F002014160606840F001006060CF
:107A800010BD10B5044600F024F8416821F0020151
:107A90004160606820F00100606010BD70B506466E
:107AA0000D46084600F015F8040010D02079C007F4
:107AB0000BD0686880080BD02146304600F03CF8B7
:107AC00021462846FFF72AFF0546284670BDFEE7F7
:107AD000FEE7426800F1080122F00300001F08449D
:107AE000910800D1FEE7704770B506460C004FF0D4
:107AF00000001ED0F2B120791546C0071BD01146F8
:107B00002046FFF71CFF78B12946204600F025F8F3
:107B100005462046FFF752FF6868294640F00200FC
:107B200068603046FFF715FF2046FFF7AAFF04F113
:107B3000080070BDFEE7FEE77CB5054648680C46C8
:107B400020F0030001AA69461DF01CFBDDE90023BB
:107B5000214628461FF01AFC7CBD2DE9F0410D4658
:107B6000044600F10801281F0E18606806F1080796
:107B700020F00300401BA0F1040838460421FFF761
:107B8000FCFA874200D0FEE7606820F0030108EBB2
:107B90000500001D814200D0FEE7307900F00300AF
:107BA00040EA0800706020F003000C2800D2FEE7D5
:107BB000207900F00300284360603046FFF754FF4F
:107BC0003046BDE8F08138B5044613F01BFC05468D
:107BD00013F04DFC0028204605D0218FE18618F0D7
:107BE000A7FA012038BD11F031FE002820461ED032
:107BF00011F0F8FC218FE08E81420CD02087E08EBE
:107C000000906A461C21204612F062F80128E9D152
:107C1000204618F08DFA284613F035FC0428E0D1F0
:107C2000204616F003FE002112F061FDD9E711F0A5
:107C300069FED6E770B512F047F8054616F03CFE2F
:107C4000044628460DF050FA01462046BDE8704033
:107C500000221BF06BBD00002DE9F04F0D4687B0F0
:107C60000446002116F016FD60B32946204600F0B8
:107C700061FA2946204600F06FF80021204617F0EF
:107C800039FC05900021204617F0E8FC0490002103
:107C9000204617F0FAFA012800D000208046002183
:107CA000204617F03DFE07460021204617F068FBEE
:107CB00042F2D17906464F450BD1608C000508D4BD
:107CC000012707E007B02846BDE8F04F1C2115F05A
:107CD00097B90027204616F05BFDDFF878A08346B1
:107CE00020460021BAF8042017F018FDD5F810C07E
:107CF000AB682968CDF800C0CDF80C80CDE9013122
:107D0000C2B239465846059B09F0B0FF28834E455C
:107D100004D1608C400501D4012600E000262046F5
:107D200016F01CFD074620460021BAF8082017F07F
:107D3000F5FCC2B2686900246B68E9688DE81B0035
:107D400031463846049B09F091FF688307B0BDE8CF
:107D5000F08F0000AC0000202DE9F34F81B00C46FD
:107D6000019809F007FA0646019816F011FD8246BF
:107D7000304601F006F82061400014F0D5FF206085
:107D80002069400014F0D0FF002541F69A79A060E8
:107D90003AE036F91510DFF82081494533D1002744
:107DA000DFF818B11FE03946019816F073FC594608
:107DB000009017F0D6FEA8B9009809F0EDF9012857
:107DC00010D1009809F0DEF9A8420BD1009817F005
:107DD00078FE4146404501DA084602E0009817F077
:107DE00070FE80467F1C019816F066FCB842DAD817
:107DF000B8F1000F03DBA16821F8158003E0A1684A
:107E0000002021F815006D1C2069A842C1D800256A
:107E10002F46284641F69B784B4615E036F9101060
:107E2000414504DB0D44A5F5F8559B3D0BE0994217
:107E300004D1A16831F81010394403E0A26822F897
:107E4000101039440FB2401C21698142E6D800214C
:107E5000019817F04FFB2169C1F1010200FB02A05C
:107E6000C01B00B2002800DA002000224FF0FF33D0
:107E70001146C44611E000BF36F9117067450BDBAF
:107E8000A7F5F8579B3F3AB210FB02F3B3FBF5F3AB
:107E9000A76827F811300B46491C27698F42EBD899
:107EA000002B07DBA91A4143B1FBF5F1401AA16889
:107EB00021F81300BDE8FE8F01E0FFFF010006007E
:107EC0002DE9F14F00221146009819F0C1F8002168
:107ED000009817F013FA04460021009817F0D0FB21
:107EE00020440FFA80F90021009817F0BBFA2044D3
:107EF0000FFA80F8009817F075F900EB090101EB13
:107F00000800DFF898A006B25446009816F0D4FB9B
:107F1000074600252AE0009821498068006850F84B
:107F20002500834617F01DFEF8B9584618F058F999
:107F300040BB0021584617F079F918B3012821D029
:107F400002281FD003281DD00021584617F000FD3D
:107F500058B9BBF81A10BBF81600081A401C00B23A
:107F60004844A04200DB044624B26D1CBD42D2D37B
:107F7000544504D004EB080000B2B04200DC3046A7
:107F8000BDE8F88F0098BBF91A10B0F91600081A6E
:107F9000411CA142E8DB0C46E6E7000001E0FFFFE0
:107FA000010004002DE9F84F00228046114619F027
:107FB00039F80021404617F0A1F904460021404657
:107FC00017F004FB20440FFA80FA0021404617F016
:107FD000AFFA20440FFA80F9404617F011F900EB90
:107FE000090101EB0A00DFF844B105B25C464046E6
:107FF00016F062FB07460021404617F034F90128CD
:108000004FF0000644D078E0D8F8080048490068EE
:1080100050F82600009017F0A4FDC0BB009818F09F
:10802000DFF850B10098B8F91810B0F91400091A27
:10803000481CA0422ADB4C1C28E00021009817F0C5
:10804000F5F858B1032809D0062807D0082805D02C
:108050000021009817F076FC58B118E00098B8F9A4
:108060001810B0F91400081A411CA1420EDB0C468E
:108070000CE00098143000900CF0ABFA5044A04291
:1080800004DB00980CF0A5FA00EB0A0424B2761C7D
:10809000BE42B9D35C453BD004EB090033E000BFDE
:1080A000D8F808002249006850F82600009017F020
:1080B00058FD08BB009818F093F860BB00210098A9
:1080C00017F0B4F838B3012825D0042823D00728A6
:1080D00021D00021009817F03BFC68B900981430BB
:1080E00000900CF076FA4844A04204DB00980CF0B3
:1080F00070FA00EB090424B2761CBE42D0D35C4572
:1081000006D004EB0A0000B2584501D0A84200DCBA
:108110002846BDE8F88F0098B0F91810B8F9140097
:10812000091A481CA042E6DB4C1CE4E701E0FFFF13
:10813000010004002DE9F84F0C46834609F020FCAD
:10814000064600F01EFE6061400014F0EDFD606028
:108150006069400014F0E8FD002541F69A79E0607E
:108160003AE036F91500DFF82881484533D1002779
:10817000DFF820A11FE03946584616F08BFA514629
:10818000009017F0EEFCA8B9009809F081FC0128D6
:1081900010D1009809F072FCA8420BD1009816F09B
:1081A0004AFB4146404501DA084602E0009816F0D5
:1081B00042FB80467F1C584616F07EFAB842DAD859
:1081C000B8F1000F03DBE16821F8158003E0E168F6
:1081D000002021F815006D1C6069A842C1D8002557
:1081E0002F46284641F69B784B4615E036F910108D
:1081F000414504DB0D44A5F5F8559B3D0BE0994244
:1082000004D1E16831F81010394403E0E26822F843
:10821000101039440FB2401C61698142E6D8002138
:10822000584617F01BFA8146584616F097FA014651
:108230006069C0F1010209FB0210C01B00B20028F6
:1082400000DA002000224FF0FF331146C44610E050
:1082500036F9117067450BDBA7F5F8579B3F3AB22B
:1082600010FB02F3B3FBF5F3E76827F811300B4678
:10827000491C67698F42EBD8002B07DBA91A4143E1
:10828000B1FBF5F1401AE16821F81300BDE8F88F61
:1082900001E0FFFF010006001CB50B8804892344A0
:1082A000ADF800304B8844892344ADF802308B8808
:1082B00004892344ADF80430C98843891944ADF8D2
:1082C00006104369694698471CBD00002DE9FF4F21
:1082D00089B0C8781A9CC0070D46002801D0F8481C
:1082E00000E0F848069001D0F74800E0F748049015
:1082F00001D1F54800E0F5484FF010034FF00C0EA7
:108300004FF0080BCDF814006188A2884FF0000AE6
:10831000A1EB0201504609B25246D4F810C00FE05A
:1083200002EB8207E66803EB870816F808805FEA2D
:10833000C87809D00BEB8707F65B891B09B2521C82
:108340009445EDD8002254E00EEB8707F65B3044ED
:1083500000B2F4E7E66802EB820703EB870CB14654
:10836000CDF820C016F80C60F60741D1002872D075
:1083700091FBF0F80EEB8706079639F8066006FBCE
:1083800008F60FFA86FCCDF800C04FF0060C0CEB97
:10839000870C042639F90C8006EB8706DDF800C04F
:1083A00039F90660E04500DCC446664504DC009E01
:1083B000C446B04500DC6646DDF800C0019666455F
:1083C00006D0DDF820C04FF00108C24649F80C8005
:1083D000D4F80C80019E0BEB870728F80760D4F8CF
:1083E0000CC0079F3CF80770C01B891B00B209B284
:1083F000521C26699642ADD8BAF1000F84D10021F3
:10840000099816F03CFF012826D000270020ADF87F
:108410000800ADF80C0003A902A8CDE900012089ED
:10842000B4F9022003B2287818991DF0BDFBE87852
:10843000384207D0099816F0ABF9BDF80810084487
:10844000ADF808000B99099816F024F906464FF488
:10845000FA682AE1FFE7FEE70127D7E79C493046A3
:1084600017F07FFB00286FD10021304616F072FF15
:10847000F0B34FF00009484621690FE0E26800EBD5
:10848000800352F82320B24207D1E16800EB80025A
:108490000BEB820031F9009002E0401C8142EDD8E4
:1084A000E878C007708C04D020F4806040F400604D
:1084B00003E020F4006040F48060708406F1140052
:1084C000049982468847484528D0304617F030FE48
:1084D000B08AADF80000F08AADF80200308BADF83C
:1084E0000400708BADF8060049465046069A00E03D
:1084F00010E090476A462921304611F0E9FB3046EA
:1085000016F0DAF93246222111F0E2FB304617F07C
:108510000FFE03E0708C20F4406070840020009017
:108520006878012811D0022817D1059906F11400A6
:108530008847B4F90010491C21F00101081A00EB2A
:10854000D07040F34F0007E0A7E0059906F1140052
:1085500088472188081A00B20090E878384208D08D
:10856000049906F114008847BDF80810081AADF800
:108570000800304600216B2217F0D0F80FFA80F97E
:10858000304600216C2217F0C9F80FFA80FA304605
:1085900017F097FA0190304616F04DF90146C9F3ED
:1085A000413001280FD129F4C04040450BDCB0F523
:1085B0007A7F01DDC0F57A70019A5043642290FB06
:1085C000F2F00FFA80F9CAF3413001280ED12AF4F3
:1085D000C04040450ADCB0F57A7F01DDC0F57A7015
:1085E0004843642190FBF1F00FFA80FAB18A1698A3
:1085F000F28A411A01EB0900179900B28A1A02EBBC
:108600000A01EA7809B2D207002A02D0BDF908208F
:1086100000E0009A10440FFA80FA01D0009801E0BF
:10862000BDF9080008440FFA80F95AEA09011BD085
:10863000304617F07DFDB18A01EB0A00B082318B24
:1086400001EB0A003083F18A01EB0900F082718BA3
:1086500001EB09007083304617F06AFD00234A469B
:108660005146304617F00AFEE87838420CD104999A
:1086700006F11400884719990844BDF80C10084405
:10868000BDF80810084406E0BDF80C10199808441D
:10869000BDF80810081AADF80800E8780BAAC0F376
:1086A0008001099809F032F80646002E04D0DDE971
:1086B0000B0188427FF4D2AE0DB0BDE8F08F000010
:1086C0005B46010851460108F74501089F4501082E
:1086D000010006002DE9F04F91B00E0005463FD095
:1086E0002E83286808B114F07DFB06EB46000621B6
:1086F00001EB400014F0EAFA286040B3022101EBDC
:1087000046010144E960042101EB86010144C5E909
:10871000010101210024012E1AD0F000083014F0CC
:1087200003FB814600EB860000F10408B00000B2B4
:10873000A346ADF81000C0F101028010ADF812B0F0
:108740000FFA82FA5C46CDF828B00690ABE0FEE75F
:10875000B4220270E8680480E8684180A868048058
:1087600011B0BDE8F08F0027BDF81220BAF1000F5C
:1087700007DC032101EB42010AEB01000FFA80FA4A
:108780000CE0BDF810100523521A03EB420202EB75
:108790000A00491E0FFA80FAADF81010BDF8120059
:1087A000401CADF8120004A800F0E9F868B1BDF96A
:1087B000100006A9821041F827200AA900F0030042
:1087C00041F827007F1C042FCEDB042F71D10999BB
:1087D0000698884212D129F8140028F814B0DDE96F
:1087E0000A010144DDE90C20104408446968085579
:1087F000696800010855641C24B252E00799884258
:1088000019D029F8140028F814B06A680A9810558D
:108810006A6800011055641C069A20B2521E29F89D
:10882000102028F810B0DDE90B120A440D99091D3B
:1088300011446A682FE0089929F81400884228F842
:1088400014B0DDE90A025946104412D06A68105586
:108850006A6800011055641C069A20B2521E29F85D
:10886000102028F81010DDE90C12114408316A6854
:1088700011E00C9A10446A6810556A68000110559E
:10888000641C069A20B2521E29F8102028F81010F5
:108890000D996A680C3111546A6809011154401C21
:1088A00004B20BF1010B04A800F069F800287FF472
:1088B0005AAF40F2D32016FB00F109EB44028812B4
:1088C00032F9022C824205D108EB440232F9022C23
:1088D00082421AD0A1EB8021B1F5007F03DC49432D
:1088E00041F3CF3106E0C1F58061494341F3CF3117
:1088F000C1F10F0129F8140028F814006868015527
:10890000686809010155641C24B2A01E0EE000BF76
:1089100038F8102029F8142039F8102028F81420ED
:1089200069680A5C0A55641C24B2401E0028EFDA0C
:10893000EA680021084611801BE0EA6822F811006D
:10894000AB6839F8102023F811200AE0AE6839F935
:10895000102036F81130934200DA1A4626F811201A
:10896000401C38F910208A4201D1A042EEDB491C9C
:1089700009B2A042E1DB484614F022FAF0E6B0F971
:108980000210B0F90000814201DC01207047002094
:10899000704717B581B0022A03D8BDF8080004B0AB
:1089A00010BDBDF80830BDF80400C3F3C401C0F326
:1089B000C40421441F2900D31F2161F3C7005907B4
:1089C000890E01EB533100F0070401EBC40101EB08
:1089D0005031ADF804003F2900D33F21CC0864F3A7
:1089E000020061F34F30C3F30421C0F304231944A0
:1089F000ADF804001F2900D31F2161F30C20ADF84E
:108A00000400FF2A07D0DDE901010DF0DDFB009035
:108A1000BDF80000C3E780B2C1E717B581B0022AF4
:108A200003D8BDF8080004B010BDBDF80400BDF8BF
:108A30000810C0F3C403C1F3C40413FB04F35B09BF
:108A400063F3C700C0F30423C1F3042413FB04F34E
:108A50005B0963F30C2043079B0E4C07A40E03EB4A
:108A6000503304EB513113FB01F35B0A63F3020053
:108A700043079B0E03EB503313FB01F1890961F3AC
:108A80004F30ADF80400FF2A07D0DDE901010DF0F9
:108A90009BFB0090BDF80000C5E780B2C3E717B5A7
:108AA00081B0022A03D8BDF8080004B010BDBDF89B
:108AB0000830BDF80400C3F3C401C0F3C404091BAB
:108AC000002900DC002161F3C7005907890E01EB82
:108AD000533100F0070401EBC40101EB5031ADF854
:108AE0000400002900DC0021CC0864F3020061F3DB
:108AF0004F30C3F30421C0F30423C91AADF80400B6
:108B0000002900DC002161F30C20ADF80400FF2AED
:108B100007D0DDE901010DF057FB0090BDF8000022
:108B2000C3E780B2C1E7F8B5044611F0CDF80646B8
:108B3000204611F08BF80546304615F0BDFE044680
:108B40002B2D34D00A2D31D112F05CFC10B10079FC
:108B500001282BD06946304615F014FF94F82C00FC
:108B600010F00C0F30462BD015F012FE05460021F8
:108B7000204616F090FB0128BDF9000005EBD571E9
:108B80001BD000EB610090FBF5F001B2002900DA88
:108B90000021608D4FF00102884220461BD01AF060
:108BA000C5FD00221C21204611F092F8F8BD618D10
:108BB000BDE8F84000221AF0B9BDC0EB6100E2E761
:108BC00015F0CCFDBDF9021000EBD07201EB620193
:108BD00091FBF0F0D9E71AF0A9FDF8BD2DE9FF4FA0
:108BE00089B00446169EDDE919577000DDF86090E3
:108BF000DDF828A00FFA80FBB9F1040F22D0B9F1FB
:108C0000060F1FD0B9F1050F5CD0B9F1140F56D182
:108C1000B4F90000B4F90210CDF80CB006FB010362
:108C20000AEB43020092E2884FF00008511A491CF7
:108C30000FFA81F9A188081A401C0FFA80FA4FEA4E
:108C40004A0B81E020460BF0B6FC01460390384603
:108C500014F004FAB4F90000B4F90280A18806FB0C
:108C60000802081A401C00B2069040000AEB420AB3
:108C70002E4602900CE051463046029A14F0EEF86F
:108C8000069808F10108DA4406EB40060FFA88F866
:108C9000B4F906004045EEDAB9F1060F0FD1002213
:108CA0004EF20700ADF80000114605E035F811302E
:108CB000834200D17A54491C039B9942F6D30DB0EC
:108CC000BDE8F08FB4F90010B4F9023006FB0310D0
:108CD00000EB400202EB0A00A288511A491C0AB2BA
:108CE000B11A01EB41010EB2E188C91A491C0CB25C
:108CF000002317E000210DE090F802C007F801C042
:108D000010F801CB10F8028B0CEB082C25F811C0E1
:108D1000491C09B29142EFDB5B1C05EB420517448D
:108D200030441BB2A342E5DBC9E75A462846009906
:108D300014F094F80099039805EB4A050844009054
:108D400008F101000FFA80F8C845EEDBDDE90A0101
:108D50004A000C9902FB0100B4F90010B4F902209A
:108D600006FB02110D18002408E052462946384639
:108D700014F074F8641C5744354424B24C45F4DBB9
:108D80009DE70146002041F6FF7200E0401C31F9EA
:108D900010309342FAD170471CB5044690F8540045
:108DA00000F0010088422DD094F8540011B140F039
:108DB000010001E020F0010084F8540004F14801B2
:108DC00068460BF0DDFB606ABDF80010828A114432
:108DD000ADF80010BDF80210C08A0844ADF80200DA
:108DE000606ABDF80410808A0844ADF80400606A27
:108DF000BDF80610C08A0844ADF806006946204652
:108E000017F0B9F91CBD08B5084611460DF07BF8FE
:108E10000090BDF8000008BD2DE9F04F0746C87A64
:108E200089B015460E46022803D8012009B0BDE8D6
:108E3000F08F18463269B168FCF778FB041EF5D054
:108E4000207D00F01F0011F09EFC4FF4807808B1E7
:108E5000062011E0207D00F01F000E2806D0142807
:108E60000AD011F080FC30B1052005E030884FF0C9
:108E70000E0930B902E00420814606E070884045C2
:108E800003D000204FF00509A061226A22B12946D3
:108E900038461EF032FFB7E0A069E0B3294602A8C9
:108EA0000BF038FBB6F9003013B97088404529D073
:108EB000A88829886A88401A401C01B2E88806F10F
:108EC000040C801A401C02B27088CDE9000C02A884
:108ED000FCF776FABDF8080029880844ADF80800C8
:108EE000BDF80A1068880844ADF80A00BDF80C0007
:108EF00029880844ADF80C00BDF80E1068880844B5
:108F0000ADF80E0002AA04A8B968FCF70CF8002816
:108F10007AD004A800E00DE0D7F80880B860CDF85A
:108F200000902A4631463846A3690EF095F8C7F8F6
:108F3000088069E02A4604A8B968FBF7F4FFE0B3AB
:108F4000BDF81400BDF81010401A401C0FFA80FB49
:108F50000BEB4B0013F0E8FE039004A901A8D7F82F
:108F600008A00BF0D7FA012101A80BF071FBBDF9A5
:108F70001000B5F90010BDF91280401A0690B5F93D
:108F80000200A8EB000536E001AA514607A8FBF74E
:108F9000CAFF70B30398009006985B4601B22AB2EC
:108FA000204611F0FBFF01280ED0204611F04BFFA8
:108FB000039813F005FF204600E025E011F043FF81
:108FC0000020C7F808A031E707A8B860CDF80090E6
:108FD00001AA31463846039B0EF03EF8BDF8060064
:108FE000401CADF80600BDF80A00401CADF80A00B0
:108FF0006D1C08F10108BDF916004045C4DAC7F838
:1090000008A0039813F0DCFE204611F01CFF0CE7CB
:109010007CB505460E480078A8B1B1F90400B1F955
:109020000030B1F90240C31AB1F906005B1C041B01
:10903000641C6343CDE900234C88CB888A88088868
:109040002146F9F7D5FE2846BDE87C400DF03EBD2F
:109050004C00002070B5054612F0D4F90646286B86
:109060001BF036F83168898B884223D295F83C0092
:109070006C6A10F0030105D06420012906D0022992
:1090800009D106E0002060F30F0404E060F3174408
:1090900001E060F31F64304612F008FB21462846C9
:1090A0000DF0DAFB30B100221C21284610F010FE32
:1090B000012803D11BF012F82863012070BD0000C5
:1090C0002DE9F04F99B0074614468A4614A80DF0D2
:1090D0009DFD4FF4A021384616F0B1F89DF85D10C3
:1090E00060F382018DF85D10A1882088091A491C5F
:1090F00009B201EBD1714E103044ADF860006088C8
:1091000000213044ADF86200384616F069F9814616
:10911000514602A815F0FCF814A80A904FF400304C
:109120000F902F4803900020049007F130008346F1
:10913000FCF7C6FC4EE02079032847D1208BADF820
:109140005000208AADF852006079FD2801D94846C8
:1091500002E010FB09F0000A8DF85C002568B5F903
:109160002030E88B18440090D5E90512A06813F070
:109170008FFD8046B5F92030E88B18440090D5E982
:109180000512E06813F084FD1FFA88F5ADF854501D
:109190001FFA80F8ADF85680608B02AA3044ADF813
:1091A000440018A80B901A211394384610F090FD33
:1091B000CDE90058BDF8443018AA14A950460DF066
:1091C00015FD02AA1B21384610F082FD21465846A3
:1091D000FCF773FC0400AED119B0BDE8F08F0000BD
:1091E00000DD02082DE9F74FC878A0B00C46022830
:1091F0007DD9114601A80BF084F9B4F920000128AB
:1092000029DD94F82200FD2825D3208818B394F88E
:109210002300BDF804104008C0F380021144ADF8EB
:109220000410BDF80610C0F340000844ADF8060075
:1092300094F82310BDF808004908C1F3C001401A92
:10924000ADF8080094F82310BDF80A00C1F34001FE
:10925000401AADF80A00209801A9826805A8FBF71A
:1092600062FE002843D0E07B10F0070619D0E088AA
:10927000ADF80000BDF800006189884200D10026E9
:1092800001A80EF03FFC07461C210EA8F7F75AF87C
:10929000A0788DF85100BDF80000ADF840001FB176
:1092A00005E060680090E5E7208800B9EEB3E0785B
:1092B000FD2800D3FF208346BDF80800BDF8041048
:1092C000401A401C0FFA80FABDF80A00BDF80610DB
:1092D000401A401C01B289465046CA4500DB084688
:1092E000B4F90050B5EB600F00DB451000E043E03F
:1092F000BDF81810BDF81400081A401C0FFA80F8C9
:109300004FF0FF301D9000200790002D00DC87B14A
:10931000404613F009FD079000232A4601A916A82C
:109320000EF05CFE002116A800E01CE00EF00AFA28
:109330001D90BDF81400ADF80C00BDF81800ADF894
:1093400010000798119003A80E901390FF208DF83D
:1093500050004A465146A01D10F0F8FF040018D0F6
:10936000022E0CD015E001A80E90E0788DF8500088
:109370000EA920980FF0F8F823B0BDE8F08FBDF9E2
:109380001410A06800EB4100BDF90410A0EB4100EF
:109390000F90002F7DD0BDF9165027E02FB2ADF809
:1093A0000E70ADF8127042465946079813F0F6FD5C
:1093B000BDF9141043463A4607980EF065FB8DF848
:1093C0004800012802D102208DF84800012E08D162
:1093D000BDF90610A068691A00EB41000088ADF8DD
:1093E00040000EA920980FF0BFF86D1CBDF91A00BF
:1093F000A842D3DAB7E000BFBDF80600BDF91610E9
:1094000038440FFA80F9BDF80A00C01B0FFA80FA41
:10941000494503DDBDF91A10514544DB4246594622
:10942000079813F0BBFDBDF90C1043464A46079858
:109430000EF02AFB8DF84800012802D102208DF899
:109440004800BDF91610494513DCADF80E90ADF893
:109450001290012E09D1BDF90620A168A9EB0200E6
:1094600001EB40000088ADF840000EA920980FF0F5
:109470007BF8BDF91A10514515DBADF80EA0ADF81B
:1094800012A0012E0BD1BDF90600A268AAEB0000C4
:1094900000E009E002EB40000088ADF840000EA9B2
:1094A00020980FF061F87F1CAF42A5DBBDF80400E7
:1094B000ADF87800BDF80800ADF87C00BDF80600F6
:1094C0002844ADF87A00BDF80A00401BADF87E00D4
:1094D0001EA80EF017FB074630430CD001208DF874
:1094E0004800BDF90A008DF850B0A0EB0509BDF9A0
:1094F0000600054435E0BDF806008DF850B028445C
:10950000ADF80E00BDF80A000EA9401BADF8120020
:109510000020119020980FF027F824E06FB1424608
:109520005946079813F03AFDBDF9141043462AB284
:1095300007980EF0A9FA8DF84800ADF80E50ADF876
:109540001250012E08D1BDF90600A168281A01EBBE
:1095500040000088ADF840000EA920980FF004F8F4
:109560006D1C4D45DADD079808B113F029FC1D98F4
:10957000401C05D01D980EF0DDFD16A80EF0A6FAD1
:10958000002C3FF4F9AE204610F0DAFEF4E62DE9A7
:10959000F0410646086992B015460C4600287DD079
:1095A000A07E02287AD929460EA8B268FBF7BBFC38
:1095B000002873D00EA8D6F80880B060206911F09A
:1095C000D7FE022806D06946206911F05DFC01280B
:1095D00049D0C9E0002741F6FF70CDE9007002973D
:1095E000D4E904123B4610A81BF092F828460AF072
:1095F000F6FF01462A88BDF9400001EBD17102EB6C
:10960000610100EBD072A1EB62010844401EADF88D
:109610001000ADF80C1028460AF0BBFF01466A881E
:10962000BDF9420001EBD17102EB610100EBD07298
:10963000A1EB62010844401EADF81200ADF80E1017
:1096400005A80DF0CBFF60690590208BADF82000D8
:10965000A07E8DF82E00009703AA05A93046236945
:109660000DF01CFD80E005A80DF0FEFCA0788DF843
:109670002000208BADF81C00E07E8DF81E00A07E3F
:109680008DF81F00207F4FF0FF3740B100996888A8
:10969000ADF8060007EB515108445DE066E028464E
:1096A0000AF09DFF298800EBD07001EB6000009963
:1096B000C1F38A21A0EB5100ADF8040028460AF05E
:1096C00068FF698800EBD07001EB60010098A1EBA6
:1096D0009051C0F38A22ADF80610BDF80430521E36
:1096E0001A4407EB5050ADF808200844ADF80A00C2
:1096F00001AA05A9304623690DF082FC34E00099E7
:109700002888C1F38A21ADF80400491E084410E0FE
:1097100001AA05A9304623690DF072FC0098BDF836
:109720000410C0F38A200144ADF80410BDF80810FD
:109730000844ADF80800BDF90400B5F904108842EA
:10974000E6DDBDF80610009801EB5051ADF80610AB
:10975000BDF80A1001EB5050ADF80A00BDF9060043
:10976000B5F906108842CADDC6F8088012B0BDE817
:10977000F081F0B5074691F8220087B016460C46F6
:1097800002286BD9208C002868D094F8230010F0B0
:109790003E0F63D0C00761D1B08831887288401A0B
:1097A000401C01B2F088B4F90050801A401C00B28D
:1097B000814200DA0846B5EB600F00DD4510314606
:1097C00004A80AF09EFE94F82300BDF91020C0F30F
:1097D00044014807B4F9200001D428444042104411
:1097E000ADF810000807BDF91420B4F9200001D429
:1097F00028444042101AADF8140094F82300BDF933
:10980000121040088007B4F9200001D428444042D7
:109810000844ADF8120094F82300BDF91610400872
:10982000C007B4F9200001D128444042081AADF81D
:109830001600208C281A00B2002800DA0020A27836
:1098400094F82210CDE90212E18BADF804100090DB
:109850002B4604AA3146384600F002F807B0F0BDA6
:109860002DE9FF4FA9B01D46DDE93879DDF8D88034
:1098700016460C46FF2F00D3FF2708460EF042F98C
:109880002690284350EA080074D02998214682681F
:1098900008A8FBF748FB002873D0BDF82400BDF8EA
:1098A0002010401A401C00B204901C210AA813F09A
:1098B000A7FB049813F038FA0D904FF0FF30249076
:1098C000002D0ADD00232A46214615A80EF086FB4E
:1098D000002115A80DF036FF2490012342463146A1
:1098E0001BA80EF07BFB00211BA80DF02BFF259081
:1098F00001A80A900F90BDF8DC008DF84070ADF81B
:1099000030008DF84190B4F900002290B6F9003093
:109910004119994200DC1946B4F904000FFA81F9A3
:109920002190B6F90410421B8A4200DB0A460FFA66
:1099300082F8B4F902E0B6F902200EEB0500924677
:10994000504500DC1046B4F906B007B2B6F906205F
:10995000ABEB0500904200DB104600B20590A8EB8F
:109960000900401C00B22790D6450DDC01200CE018
:1099700000E006E0009732462146379B299800F028
:10998000B8F92DB0BDE8F08F00208246934501DB89
:10999000012000E0002083462698D8B3BDF82000BF
:1099A000ADF80400BDF82400ADF80800BDF9224070
:1099B00022E000BFBAF1000F01D1A7421BDCBBF1CE
:1099C000000F02D10598A0421ADB25B2ADF806506F
:1099D000ADF80A5004990D9813F040FBBDF9201022
:1099E0002A46049B0D980EF04FF88DF838000AA90E
:1099F00029980EF0B9FD641CBDF92600A042D9DA01
:109A00001BA80EF063F825980EF094FB2498401CD8
:109A100007D000E009E015A80EF058F824980EF0E1
:109A200089FB0D9813F0CCF9ABE72298984201DC42
:109A3000012000E0002013902198884201DB0121E1
:109A400000E000210120009013981291084000EAE4
:109A50000A0010EA0B0F04D02798322801DA002000
:109A60000090012000998DF838001AEA010F0ED0FD
:109A7000ADF80490ADF808806088ADF806007088F5
:109A80000AA9401EADF80A0029980EF06DFD009954
:109A90001BEA010F0ED0ADF80490ADF80880F088F5
:109AA0000AA9401CADF80600E088ADF80A00299824
:109AB0000EF05AFD139878B12088ADF80400308874
:109AC000ADF80670401EADF808000598ADF80A0024
:109AD0000AA929980EF048FD129878B1B0880AA911
:109AE000401CADF80400A088ADF808000598ADF85A
:109AF0000670ADF80A0029980EF036FD0098C0B146
:109B0000BDF92400BDF92010A9F10102ADF804103F
:109B1000904200DB1046ADF80800401A401C05B228
:109B2000002D70DD139850EA0A0066D0BDF922407E
:109B300061E0BDF82000ADF80400BDF82400ADF8E8
:109B40000800B6F90200B4F90210401AA84200DB7E
:109B500005460FFA85F8002533E06088284406B2F0
:109B6000E088401B07B2BDF92200B04203DDBDF919
:109B70002600B84224DB04990D9813F06FFABDF962
:109B800004103246049B0D980DF07EFF8DF83800CE
:109B9000BDF92200B04207DCADF80660ADF80A60FE
:109BA0000AA929980EF0E0FCBDF92600B84207DBAF
:109BB000ADF80670ADF80A700AA929980EF0D4FC29
:109BC0006D1C4545C9DB8DE026B2ADF80660ADF8E9
:109BD0000A6029460D9813F041FABDF904102B468E
:109BE00032460D980DF050FF8DF838000AA92998DB
:109BF0000EF0BAFC641CA742E6DC139850EA0B0096
:109C00001DD0059C16E01AE026B2ADF80660ADF84E
:109C10000A6029460D9813F021FABDF904102B466D
:109C200032460D980DF030FF8DF838000AA92998BA
:109C30000EF09AFCBDF92600641CA042E4DABDF9DE
:109C4000200008F10101884200DC0846BDF824101C
:109C5000ADF80400081A401C05B2ADF80810002D3C
:109C600040DD129850EA0A001BD0BDF9224016E0F0
:109C700026B2ADF80660ADF80A6029460D9813F0DB
:109C8000EDF9BDF904102B4632460D980DF0FCFE9F
:109C90008DF838000AA929980EF066FC641CA742CA
:109CA000E6DC129850EA0B001CD0059C15E026B2A9
:109CB000ADF80660ADF80A6029460D9813F0CEF9AC
:109CC000BDF904102B4632460D980DF0DDFE8DF8DF
:109CD00038000AA929980EF047FCBDF92600641C3B
:109CE000A042E4DA1BA80DF0F1FE25980EF022FA4E
:109CF0008FE62DE9FF478EB00C46824615461C21A3
:109D000002A81A9E13F07CF9CDF808D0BDF84400E3
:109D1000ADF810008DF82060B4F90200B5F902101A
:109D2000884201DC012700E00027B4F90600B5F9FC
:109D30000610884201DB012600E00026B4F900008D
:109D4000B5F90010884201DC012100E000218946BC
:109D5000B4F90410B5F90420914201DB012100E0BF
:109D60000021ADF80000A088ADF804006088ADF8CF
:109D7000020068888846401EADF806001FB102A99F
:109D800050460EF0F1FBE888401CADF80200E08878
:109D9000ADF806001EB102A950460EF0E5FB208882
:109DA000ADF800002888401EADF8040017B1B5F9E1
:109DB000020001E0B4F90200ADF8020016B1B5F9F5
:109DC000060001E0B4F90600ADF80600B9F1000F95
:109DD00003D002A950460EF0C7FBA888401CADF87E
:109DE0000000A088ADF80400B8F1000F03D002A96C
:109DF00050460EF0B9FB12B0BDE8F0872DE9F04FE8
:109E00008B46A2F57F4195B091460646FF3944D076
:109E1000746A208C8046984204D02384608C40F081
:109E2000080060844FF4802A5146204615F003FD57
:109E300007465146204615F025FD0546B7F908703E
:109E4000304607F08DFBB0F916107A1909FB0211A4
:109E500005EBD570A1EB6000ADF8060038446D1E2F
:109E60002844ADF80A00706A818AADF80410008BAE
:109E7000ADF8080006A80EF081F906AA5146204662
:109E800015F0FAFF01AA06A958460EF063F9A4F8E6
:109E90002080608C20F00800608415B0BDE8F08F51
:109EA0002DE9F0430E46A2F57F4191B0904605465C
:109EB000FF3956D06C6A278C9F4204D02384608C73
:109EC00040F00800608406A80DF088FB4FF480295C
:109ED00006AA4946204615F021FF4946204615F0BE
:109EE000D1FCADF82A00284607F03AFB050038D02F
:109EF0000698B5F91620B0F90810BDF92A0000EB54
:109F0000010C08FB0C2200EBD073A2EB630210449F
:109F1000491EADF80A200844ADF80E00A08AADF83D
:109F20000800208BADF80C0002AA0EA8B168FAF761
:109F3000FAFF88B10EA8D6F80880B060284612F063
:109F40002AF803460020009005F1140206A93046C5
:109F50000DF0A4F8C6F808802784608C20F0080073
:109F6000608411B0BDE8F0832DE9F0412E4D074625
:109F700068680CF0C5FD04463868C66B716B09B1A2
:109F800030468847686800680188408811FB00F007
:109F9000E168884201D1012000E00020216859B128
:109FA000616849B128B107E068680068816A01B159
:109FB000884720690028F7D1012020616968096875
:109FC000C9688A69D20702D08969890700D400204C
:109FD0006061606908B1012500E0002538684169C9
:109FE00071B1016911F0300F06D0490704D5D6E9E7
:109FF000001000F01BF803E0D6E90021FEF74CF951
:10A00000206800280BD06168002908D03A68127CCB
:10A01000AA43D20703D1A268824202D1A160BDE85F
:10A02000F081A060FBE70000840000202DE9F34FE1
:10A0300005468A4893B041680E683069820701D5A9
:10A0400042076ED4C0F3011002281ED0012801D0AF
:10A05000032866D100200F9008460CF051FD83467E
:10A06000A988B5F90000EA88091A491C0CB2B5F9AB
:10A070000210521A521C17B24FF4A052B2FBF4F362
:10A08000BB420FDAB2FBF4F20DE029463046149AD7
:10A0900000F0F0F8149A15B029463046BDE8F04FAC
:10A0A000FEF7FAB83A460C920791317CC1F30111E0
:10A0B000012905D06880611E0844E8800020BDE0C9
:10A0C0007188081A401EE880001B401C6880F5E774
:10A0D0000C99A7EB0A00884200DD084600B2019007
:10A0E0000120CBF81000BAF1000F20D1A7421EDBEF
:10A0F0000194307CC0F30110032810D000202146C9
:10A10000149A00F0EAF8307CC0F30110012809D05D
:10A1100031880798081A401EA880001B56E00120CD
:10A12000EDE797E0079828800798204466E00F98AD
:10A1300020B94FF4205012F0F7FD0F90307CC0F39F
:10A14000011003281BD000208646DDF850C001997D
:10A150000F980A9014FB01F0401E0D90601E4843BA
:10A160000E9000208146884222DA0E9ABEF1000F3E
:10A1700002EB090001D00D9A101A002212E0012012
:10A18000E2E70A9BBEF1000F03EB400863460CF1C7
:10A19000020C1B88A8F8003001D0084400E0401AE7
:10A1A000521C12B2A242ECDB09F1010000B2D9E765
:10A1B000307CC0F3011001281BD031880798091AA0
:10A1C000A1EB0A00401EA8800199401A401C28807B
:10A1D00001990AEB0108B84513DBDBF81800C0074A
:10A1E0000FD0DBF8180080070BD50120CBF8140046
:10A1F0000AE007985044288001990844401EA8802E
:10A20000E6E70021CBF814100F9828B10246294642
:10A210003046FEF741F805E0149AF8E7B16A09B153
:10A2200030468847DBF810000028F7D101981499D0
:10A23000604301EB400014900FFA88F08246B84268
:10A24000FFF646AF0F98002804D015B0BDE8F04FD8
:10A2500012F0B6BD15B0BDE8F08F000084000020FC
:10A2600030B504880D880580108808801888108013
:10A270001C8030BDF8B58B880C884D881B1BCC88A2
:10A280005B1C641B641C13FB04F300245B1E0DE0C9
:10A2900002EB430602EB44073588ADF80050B7F8EF
:10A2A00000C0A6F800C05B1E3D80641CA342EFD82E
:10A2B00043884C88CA881B1B5B1ECB8043889A1A34
:10A2C000521E4A8003880C888A881B1B5B1E8B8069
:10A2D0000088801A401E0880F8BD2DE9F0470C4622
:10A2E00017468246002601EBD47931E00025601C38
:10A2F00000EBD07827E0A01B401E01B2601B401E7F
:10A3000000B2BAF1000F0AD015FB041207EB4203AA
:10A3100011FB040107EB410210FB046009E010FB94
:10A32000046207EB420311FB040007EB400215FB3C
:10A33000041007EB400116FB045007EB4000FFF749
:10A340008FFF6D1C2DB2B5EB680FD4DB761C36B2D7
:10A35000B6EB690FCADBBDE8F08700002DE9F047D6
:10A36000A2B005460FF0B0FC044628460FF074FC7E
:10A370008246606A11F00FFE054694F85400C0074B
:10A3800077D004A80DF0FAFE4FF4E02904AA49465C
:10A39000204615F071FD04F1480101A80AF0F0F81B
:10A3A000606ABDF80410828A1144ADF80410BDF84B
:10A3B0000610C08A01AA0844ADF80600606ABDF81C
:10A3C0000810808A0844ADF80800606ABDF80A10D9
:10A3D000C08A0844ADF80A0004A950460DF0BAFE40
:10A3E0004946204614F0A8FF06464946204615F087
:10A3F000E1F887194946204615F08AF94FF0000820
:10A400001D490644CDF87480CDF87880206D096828
:10A41000284488470246206D41191DA812F01EFDF0
:10A42000BDF8040055223844ADF80400BDF806001C
:10A4300041463044ADF80600606A15F06FF90546F4
:10A4400012A80DF0CBF812AA4946204615F066FC7A
:10A450009DF81300022804D8BDF85400A9B2884220
:10A4600007D01DAB01AA12A95046CDF800800CF010
:10A4700015FE22B0BDE8F087200200202DE9F04F44
:10A48000C3B0054630300E462690FBF792FB0028FD
:10A490007DD105F1140241A8B168FAF744FD002806
:10A4A00075D041A8D6F808A0B0603CA80DF027F9F7
:10A4B0004FF4E0243CAA2146284615F07FFC2CA846
:10A4C0000DF05CFE9DF8F8008DF8B30047F6FF70C4
:10A4D000ADF8B0002146284615F028FA00EBD07000
:10A4E00047102146284615F021FA00EBD0704FEABC
:10A4F000600B3146684613F00BFF29A8069018A898
:10A5000004906448019005200D9402902698FBF772
:10A51000D7FAB6E00A223CA929A812F09FFC3822FB
:10A520002CA918A812F09AFCE088ADF8A400E088E5
:10A53000ADF8640012A809903FA80A90607BC0079C
:10A5400004D0B4F90000B4F902100FE0B4F904101B
:10A55000A1F5FE40FF3875D0A2883AAB2846A16825
:10A560000BF09CF9BDF9E800BDF9EA10AA8A104485
:10A570000FFA80F8E88A08440FFA80F9C7B1BBF1F6
:10A58000000F15D001204090A8EB070000E07DE00F
:10A59000ADF89C0008EB0700ADF8A000A9EB0B009C
:10A5A000ADF89E0009EB0B00ADF8A20027A801E072
:10A5B000002040900390207B81072CD0C00702D060
:10A5C000B5F9140000E04046ADF84800ADF84A90F7
:10A5D000217B4846890702D5B5F9181000E04146AD
:10A5E000ADF8FC10ADF8FE006A461A2128460FF0BF
:10A5F0006FFB3FAB12AA29A930460DF073F84098C3
:10A6000020B127AA18A930460DF0A4FD6A461B21E7
:10A6100028460FF05DFB217B11F00C0F2DD040463A
:10A62000ADF84880490702D5B5F9161000E0494653
:10A63000ADF84A10ADF8FC00207B000703D5B5F952
:10A640001A0001E019E04846ADF8FE006A461A21FA
:10A6500028460FF03DFB3FAB12AA29A930460DF06A
:10A6600041F8409820B127AA18A930460DF072FD94
:10A670006A461B2128460FF02BFB21462698FBF744
:10A680001CFA04007FF446AFC6F808A043B0BDE84A
:10A69000F08F0000C8D702082DE9F04F9FB00546A3
:10A6A0000FF012FB044628460FF0D6FA1C90204605
:10A6B00015F007FA0546204614F0BDF80146A08AB9
:10A6C00005EBD57200EB62000FFA80FBE08A01EB2C
:10A6D000D17100EB61000FFA80FA4FEA620806A818
:10A6E0000DF00DF806AA0021204615F067FB4FF487
:10A6F0001D7018FB00F042F2341190FBF1F0801C49
:10A70000ADF81A0000263146204614F0A0FD05469B
:10A7100047F6FF7900234A4604F114010AA80DF018
:10A720005DFC00210AA80DF00DF81B90A78AE28AB3
:10A73000ADF80E20218BADF81010638B7819ADF8B1
:10A740000C00481BADF810005019ADF80E00581B56
:10A75000ADF8120001234A4603A910A80DF03EFCF3
:10A76000002110A80CF0EEFF1D90BDF91A20A8EBF7
:10A7700005000027A0EB0209904439462046FCF76B
:10A78000B5FD0990BDF82400ADF81800300A00B2FC
:10A79000054619F0F9FE00FB08F00BEBE030ADF8D0
:10A7A0005800284619F0E7FE00FB08F00AEBE030FD
:10A7B000ADF85A00284619F0E7FE00FB09F00BEB54
:10A7C000E030ADF85C00284619F0D5FE00FB09F03A
:10A7D0000AEBE030ADF85E0017AB16AA06A91C988C
:10A7E0000CF080FFFF1CBFB206F58766B7F5807FCF
:10A7F000C3D90AA80DF06AF910A80DF067F91B98E3
:10A800000DF098FC1D980DF095FC1FB0BDE8F08F81
:10A810002DE9F04F88468A68A7B0044600F114017C
:10A8200024A8FAF780FB00287ED0D8F808001F90F3
:10A8300024A9C8F808100021204614F06BFD054635
:10A840000021204614F080FE284400B22090002110
:10A85000204614F021FF284405B2204613F098FF4B
:10A86000B4F88410484340F30F201B90204613F0A7
:10A8700075FFB4F88610484340F30F201D9018A8C8
:10A880000CF03DFF18AA0021204615F097FA41462A
:10A89000684613F03DFD002618A80690701E0E9025
:10A8A000DFF8CCA10D96CDE901A609966A461A21DA
:10A8B00020460A960FF00CFA20463122314614F059
:10A8C0002DFF00F0FF090021204614F023FD8346F0
:10A8D00020463322314614F021FFC6B2204614F040
:10A8E00071F82390204614F039F9B4F87E10E9B3DA
:10A8F000E18A2944081A00B21E90A08AADF84C00E3
:10A90000208BADF85C000025B4F97E70B9F1020F20
:10A9100040D9BBF1000F3DDDB00707D5002120462F
:10A9200014F0BAFE10B900E09FE00125F00731D025
:10A930000021204614F0A2FD60BB7F1E3FB229E03B
:10A940001D9810FB05F1B4F87E006A46401E91FB8D
:10A95000F0F01E990844ADF84E00ADF85E000120FD
:10A96000CDE901A013A8099017A800E014E00A900F
:10A970001A210E9520460FF0ABF917AB13AA18A9B0
:10A9800040460CF0AFFE6A461B2120460FF0A0F9AE
:10A990006D1C2DB2BD42D3DBB4F88000F0B3A18AA8
:10A9A0002098002701442398081A00B21C90E08ADE
:10A9B000ADF84E00608BADF85E00B4F98050B9F18F
:10A9C000020F13D9BBF1000F10DD700705D5002170
:10A9D000204614F0B9FD00B90127300706D5002143
:10A9E000204614F0FFFD08B96D1E2DB256460DF13C
:10A9F0004C0B0DF15C094FF0020A26E01B9810FB8E
:10AA000007F1B4F880006A46401E91FBF0F01C99F3
:10AA10000844ADF84C00ADF85C0000E017E00E977C
:10AA2000CDE9016ACDE909B91A2120460FF050F9A4
:10AA300017AB13AA18A940460CF054FE6A461B2116
:10AA400020460FF045F97F1C3FB2AF42D6DB4FF0F6
:10AA5000FF300E90002009900A906A461B21204684
:10AA60000FF036F91F98C8F8080027B0BDE8F08F3E
:10AA7000C8D702082DE9F04F9BB083460FF0E6F8E7
:10AA8000064658460FF020F90446122E7ED0152EA9
:10AA900001D0182E7BD115F014F80490204613F045
:10AAA000CAFE039020460021322214F037FE0546EC
:10AAB00020460021122214F031FE28440FFA80F8BB
:10AAC00020460021132214F029FE28440FFA80FAB0
:10AAD00020460021102214F021FE284407B220460F
:10AAE0000021112214F01AFE2844618E0FFA80F919
:10AAF00001EB0800ADF86000A08E3844ADF86200AC
:10AB000094F8390000F0030001287DD018A9E08EE8
:10AB1000CDE90001DDE90321B4F9303005A8FAF7E9
:10AB20004FFCBDF81410A08A0844ADF81400BDF81D
:10AB30001610E08A0844ADF81600BDF81810A08A77
:10AB40000844ADF81800BDF81A10E08A0844ADF8C2
:10AB50001A0000BF04F114010D4619A80C9109F068
:10AB6000FDFC05A9284609F0F9FC5946D24813F026
:10AB70007BFD012861D119A90C9809F0EFFC152E75
:10AB80005BD1E08D002858D0A08D01E058E054E062
:10AB9000002852D0E08E00284FD058460FF05CF8C5
:10ABA000064603A80C9909F0D9FC204610F016FBC4
:10ABB000054694F8390000F0030001287DD0BDF867
:10ABC0001800BDF81410401ABDF80C100844ADF878
:10ABD0001000BDF81A00BDF81610401ABDF80E108E
:10ABE00000EB0100BDF80C10ADF8120001EB0800FD
:10ABF000ADF80C00BDF80E00BDF810103844ADF8EB
:10AC00000E00A1EB0A0000E07FE0ADF81000BDF8F7
:10AC10001210A1EB0900ADF8120094F8381001F001
:10AC2000030001286FD089076DD002286CD0002363
:10AC3000194630460C9A0CF0E3F91BB0BDE8F08FD2
:10AC400058460FF03FF8054600780228F5D094F8F2
:10AC500038004FF00106C14389074ED000F00301D0
:10AC600002294AD0C0F38400042801D0012844D12D
:10AC700020460021462214F051FDC0B2FF283CD1ED
:10AC8000208ED0BB58460FF01DF80746E08EB0F579
:10AC9000807F34D0204613F0CEFD8046204614F04D
:10ACA00010FF014604F13202E08ECDE900020023DC
:10ACB000424603A8FAF784FB00E02BE0BDF80C0045
:10ACC000A18A00220844ADF80C00BDF80E00E18A0C
:10ACD0000844ADF80E00BDF81000A18A0844ADF894
:10ACE0001000BDF81200E18A0844ADF8120003A973
:10ACF0003846FAF740F900289FD12E709DE70022D0
:10AD000004F11401F4E730E0C5E005A9204613F092
:10AD100059FD1FE7B4F92C0029B2401ABDF80C10F8
:10AD2000401C00EBD070A1EB6001ADF80C10BDF839
:10AD30001010BDF80E20A1EB6000ADF81000B4F9C2
:10AD40002E002914401A401C00EBD070A2EB6000CA
:10AD5000ADF80E00B4F92E00401ABDF81210401CD8
:10AD600000EBD070A1EB60003CE70FA80CF07CF981
:10AD70000FAA0021204614F07EFFE08EADF83E00C1
:10AD8000208EADF83C00608EADF84000A08EADF88E
:10AD9000420094F8380016AAC0098DF85000BDF89A
:10ADA000141001EB0800ADF85800BDF81600BDF80E
:10ADB00018103844ADF85A00A1EB0A00BDF81A107B
:10ADC000ADF85C00A1EB0900ADF85E00B16810467B
:10ADD0000F46FAF7A8F8002890D016A8B060B4F98A
:10ADE0002800B4F92C1090FBF1F201FB1208B4F921
:10ADF0002A00B4F92E1090FBF1F201FB1200BDF90C
:10AE00000E10084400B2ADF80200884203DDE18D67
:10AE1000401AADF80200E18D80B20844401E30E0D7
:10AE2000BDF90C1001EB080000B2ADF8000088423B
:10AE300003DDA18D401AADF80000A18D80B2084459
:10AE4000401E0DE06A460FA93046636A0CF0D8F840
:10AE5000BDF800002844ADF80000BDF80400284407
:10AE6000ADF80400BDF90000BDF910108842E9DB1F
:10AE7000BDF8021028140144ADF80210BDF8061008
:10AE80000844ADF80600BDF90200BDF91210884271
:10AE9000C6DBB760D1E60DA80CF0A0FB0DAA00211F
:10AEA000204614F03BFF00200090636A0DA9304655
:10AEB0000C9A0CF0F3F8C0E61C1703082DE9F04FCC
:10AEC000D3B005460EF000FF044628460EF0C4FE3F
:10AED0004F9010A9204613F075FC002169222046EE
:10AEE00014F01CFC054600216A22204614F016FCD2
:10AEF000BDF84010BDF84420491BADF840102A446D
:10AF0000BDF84230ADF844201B1ABDF84650511A26
:10AF10002844ADF84600C01A401C0FFA80FAADF87C
:10AF20004230D4E90A02491C0FFA81FBA2EB000867
:10AF3000D34501DB012100E00021894600213E913B
:10AF400094F85C1001F00301012908D1002806DA09
:10AF5000002A04DD216B814201D101203E900021B5
:10AF6000204614F003FB21900021204614F04CFBF6
:10AF700036900021204614F0A1FB209000212046AD
:10AF800014F08EFA359004F1340010A9139009F0F2
:10AF9000D3FAA18E21980844A086218F3698081AEA
:10AFA0002087E18E20980144E186618F3598081A48
:10AFB00000B26087B9F1000F11D0E18E401A401C39
:10AFC00000B204281DDAE18A0AEBDA726FF00100A0
:10AFD00000EB62000844E086001D608711E0218FCD
:10AFE000A08E081A401C00B204280ADAA18A0BEBD2
:10AFF000DB726FF0010000EB62000844A086001DC8
:10B000002087218FA08E081A401C00B21890618FF3
:10B01000E08E081A401C00B22290B9F1000F05D052
:10B0200004F13805DC48189F139E04E004F136064D
:10B03000DA48229F351D3A90A36D581C14D0216D1B
:10B04000A06A626D091A101A7943784391FBF8F1EE
:10B0500090FBF8F009B200B2401A5843C21700EB57
:10B06000126001EB202005E0216BA06A081A7843EA
:10B0700090FBF8F000B21690A26C501C14D0216C1A
:10B08000A06A636C091A181A7943784391FBF8F1A6
:10B0900090FBF8F009B200B2401A5043C21700EB1F
:10B0A000126001EB202005E0D4E90910081A78436A
:10B0B00090FBF8F000B23F9020460021162214F0D9
:10B0C0002DFBC0B2B9F1000F28D001280AD13046BB
:10B0D0002E4605463F98404200B23F9016984042A7
:10B0E00000B2169031883F9808442880318816981D
:10B0F000084430803E9888B3A06A4042784390FB71
:10B10000F8F000B2B9F1000F15D031880844B5F954
:10B11000001000B281420BDD308039E029883F9871
:10B12000081A401C308029881698081A2880E1E700
:10B13000318028802CE02988081A401CB6F90010BC
:10B1400000B2814201DD288001E029803080B5F91C
:10B150000010B6F900008142EADB19E0FFE73A99F6
:10B1600013988847012813DC35A84F9913F0D0F8BD
:10B170004FF4003042908A48369000203790139860
:10B18000389035AA1A2120460EF0A2FD35AAFBE020
:10B1900050A8139909F0D0F968460CF0EFFF4FF46E
:10B1A00000356A462946204614F066FE23A84F99CA
:10B1B00013F0AEF84FF000087948CDE92408309537
:10B1C000CDF89CD013982690454623AA1A212046F4
:10B1D0000EF07EFD20460B22294614F09FFA05B2A0
:10B1E00058465146D34500DB0846B5EB600F00DDFD
:10B1F0004510229A1899BDF90000914200DB1146D2
:10B20000B0EB610F00DD4810B9F1000F02D0228FC2
:10B21000A18E01E0628FE18E511A491C09B2B1EB97
:10B22000400F18DD9DF8220012909DF803709DF8E4
:10B230001A608DF803808DF81A808DF82280694697
:10B24000139A4F980CF086FF12988DF803708DF8C2
:10B250001A608DF82200A18A219800230844ADF8D5
:10B260003401218B36982A46081AADF83801E18A54
:10B2700020980844ADF83601618B3598081AADF86E
:10B280003A014DA947A80CF0A9FE002147A80CF0EF
:10B2900059FA17909DF822608DF8228045468DF866
:10B2A000368010A90EA809F047F9BDF8381021988A
:10B2B000084400B2ADF83800BDF83A202099114496
:10B2C0000BB2ADF83A30BDF83C203699511A0AB2AB
:10B2D000ADF83C20BDF83E703599791A09B2ADF849
:10B2E0003E10B9F1000F12D0C81A401C00B2042859
:10B2F0001FDAE18A0AEBDA726FF0010000EB6200FC
:10B300000844ADF83A00001DADF83E0011E0101AF7
:10B31000401C00B204280CDAA18A0BEBDB726FF040
:10B32000010000EB62000844ADF83800001DADF8E4
:10B330003C00BDF90020002319A813990CF04EFE23
:10B34000002119A80CF0FEF907460EAA69464F988D
:10B350000CF000FF8DF822608DF803508DF81A5024
:10B360008DF836506946139A4F980CF0F3FE19A8E1
:10B370000CF0ACFB47A80CF0A9FB38460CF0DAFE49
:10B3800017980CF0D7FE23AA1B2120460EF0A0FC34
:10B3900053B0BDE8F08F000003460108AB4501083B
:10B3A000741603082DE9F047B8B005460EF08CFC82
:10B3B000044628460EF050FC82460021204613F039
:10B3C00070FF01280CD00027204607F0DAFD054663
:10B3D00094F85C00002600F00300012802D008E089
:10B3E0000127F1E7A06A002803DAE06A002800DDFF
:10B3F000012620468DB113F01EFA804626B1606A00
:10B40000002801DAA08E05E017B1B4F9340001E09C
:10B41000B4F93800ADF894000BE014F052FB80460C
:10B4200026B1606A002801DA608F00E0E08EADF896
:10B43000960012A80CF0A2FE4FF4403612AA314634
:10B44000204614F019FD2B46424625A920461AF045
:10B45000E9FB04F1680025A9814609F088F8514606
:10B46000684612F055FF2F48019000200290CDE968
:10B470000D6012AECDE90396204617F0C9F80228F8
:10B4800006D06A461A2120460EF022FC4A463CE0CD
:10B49000382212A927A811F0E1FC6A461A21204699
:10B4A0000EF016FC4A4612A950460CF053FE6A46AE
:10B4B0001B2120460EF00CFC45B127B1B4F9380031
:10B4C000ADF8940005E0B4F93400F9E7608FADF809
:10B4D00096002B46424625A920461AF0A3FB04F10C
:10B4E000600025A9054609F042F8382227A912A8CC
:10B4F00011F0B4FC02A9012081E861000E906A46B7
:10B500001A2120460EF0E4FB2A4612A950460CF000
:10B5100021FE6A461B2120460EF0DAFB38B0BDE85A
:10B52000F0870000A81703082DE9F0438FB0044608
:10B530000EF0CAFB054613F0BFF9074603A80CF04E
:10B540004DF803AA0021384614F0E8FB284610F015
:10B550001DFD28B19DF8290040F001008DF829005B
:10B5600020460EF079FB816804460E4607F114026E
:10B570000DA8F9F7D8FC002850D00DA8A0600BA9A1
:10B58000384606F08FFAA88AADF80400E88AADF8CC
:10B590000600288BADF80800BDF82E00ADF80A00B3
:10B5A00001AA1046A168F9F7BEFC4FF000090DF1A1
:10B5B000040878B1A7682846C4F8088010F0EBFCAE
:10B5C000034605F1140203A92046CDF800900BF0C4
:10B5D00065FDA760A88AADF80400BDF83200ADF89B
:10B5E0000600288BADF80800688BADF80A0001AAA8
:10B5F0001046A168F9F797FC78B1A7682846C4F807
:10B60000088010F0C8FC034605F1140203A9204687
:10B61000CDF800900BF042FDA760A6600FB0BDE82A
:10B62000F08300002DE9FF4F9FB0987B8A7E00F0E9
:10B630000F04DDF8B0E00E46032C18D0012C1DD00D
:10B64000022C21D0042C13D0082C7DD1A24D4FF018
:10B65000FF0A6101FD2A2FD2A04F3878904202D113
:10B660007868A04225D00020DFF874821FE004240F
:10B67000994D4FF0F00A103D1021EBE7964D4FF039
:10B68000800A163D0221E5E7934D4FF0C00A143DB4
:10B690000421DFE715F800C0BCF1FF0F1DD01CFB33
:10B6A00002FC4FEA1C2C00BF08F800C0401C884276
:10B6B000F0D38B4D3A707C601F9AB3F806801889DE
:10B6C00007902199926808FB04F0B1F90010B2F9D3
:10B6D0000030994203DB002302E09446E4E75B1A62
:10B6E0009B46B2F9043001EB08079F4201DC41465A
:10B6F00001E0591A491C89462199B2F90230B1F981
:10B700000210994201DB002300E05B1A1193079BB2
:10B71000B2F906200B44934201DC079901E0511A6B
:10B72000491C0A91119941430BFB04100EEBD00107
:10B7300000F007072C911C2115A811F061FCB089BD
:10B74000ADF85C00B07E00E0C2E08DF86C00B07F28
:10B75000C0F3C2008DF86D00FAF75EFC0BF0D4F96F
:10B76000079A08FB02F1814200DC08461C9011F0A8
:10B77000DBFA0790189021980026018801EB0B0254
:10B78000ADF80C200188A9F1010001442198ADF821
:10B7900010104388119818448B1AADF81200ADF8B8
:10B7A0000E00ADF83810ADF834200A99ADF8360027
:10B7B0005B1C08441BB2ADF83A000B930DA80CF0CB
:10B7C000A1F91D9003A815901A90C4F1080008EB88
:10B7D0000B010F90A1EB090060431290119860E0FB
:10B7E00033462AFA07F059464FF0000C1FE02C9A16
:10B7F000DDF83C801278A8EB0708024032FA08F224
:10B8000005D015F80280079A02F8068002E0079A30
:10B8100002F806C00F9A974202D22744E04004E0A3
:10B820002C9A0027521C50462C92491C761C4945E4
:10B83000DDDB1D9880B10798BDF912201844BDF9D1
:10B840000C1080460B9B0CF01FF98DF8640018B9A2
:10B8500040460B9911F0D4FBA9EB0B0081191C9801
:10B86000814205D2BDF81200401CADF812000EE076
:10B8700002208DF8640015A91F980CF075FEBDF824
:10B880001200401CADF80E00ADF812000026129810
:10B890002C99384401EBD00100F0070701982C9156
:10B8A000401C0A99019088429ADBBDF90E10BDF93F
:10B8B0001200814209D0401EADF8120002208DF81E
:10B8C000640015A91F980CF04FFE079811F078FA44
:10B8D00023B0BDE8F08F000032D6020898000020A7
:10B8E000345100202DE9F04F8346B1F902000C4697
:10B8F000401E411000F001004618B2F90050B3F9A3
:10B90000000089B0854200DA2846ADF80000B2F99F
:10B910000000B3F90030984200DC1846401EADF834
:10B9200004005088801BADF8020050880844ADF830
:10B93000060069460846DBF80820F9F7F4FA002803
:10B940001FD0E08818B1A08808B1012700E00027C7
:10B95000012568460CF0D6F800B907B100251C2176
:10B9600002A811F04DFBCDF808D02088ADF81000EA
:10B97000207A6E468DF8200035B102A958460CF0A9
:10B98000F3FD09B0BDE8F08FBDF80410BDF900006B
:10B99000BDF90680091A491C0DB2BDF80210ADF8B8
:10B9A00006104FF0000A47B1B4F90610B4F90420AC
:10B9B000114490FBF1F201FB120A284611F0B4F990
:10B9C000079605908146BDF902603EE0294648464B
:10B9D00011F044FBBDF900102B4632B248460CF082
:10B9E00053F88DF818000FB300B3002150460B46F2
:10B9F00017E000BFB4F90420824205DB121A11449B
:10BA0000104409B200B208E0B4F906C062448242B0
:10BA100001DC002001E009F80130491C401C09B29A
:10BA200000B2A942E6DB02208DF8180002A95846B0
:10BA30000CF09AFDBDF80200401CADF80200BDF804
:10BA40000600401CADF80600761C4645BEDD4846A3
:10BA500011F0B6F995E700002DE9FF4FB2F9024069
:10BA6000B3F90250C5B0AC4208DA128864F31F4043
:10BA700062F30F0065F31F411A8807E01B8865F326
:10BA80001F40128864F31F4163F30F0062F30F013C
:10BA90000FFA81F904B20514A9EB04064FEA214A12
:10BAA000AAEB05070391002E01DD314600E071424B
:10BAB000002F01DD384600E07842814201DD01209F
:10BAC00000E0002015904698B0F90210159858B182
:10BAD000002F01DD384600E078424201002E01DDF2
:10BAE00030460CE070420AE0002E01DD304600E0F6
:10BAF00070424201002F01DD384600E0784292FB9F
:10BB0000F0F0AB4A105C10FB01F03F30C0114FEA7F
:10BB1000600800F0010202EB080B49464C4500DAD0
:10BB20002146A1EB0001ADF8581001DD214600E0EF
:10BB300049460144ADF85C105146554500DA2946A6
:10BB4000A1EB0001ADF85A1001DD294600E0514695
:10BB50000844ADF85E00459816A982680846F9F7D2
:10BB6000E2F900287ED01598002100287BD0002E15
:10BB700016DDAAEB080000B2CDE90001A5EB080034
:10BB800002B24B46214620A80CF060F80AEB0B00ED
:10BB9000012100B2CDE900014B4605EB0B0015E099
:10BBA0000AEB0B0000B2CDE9000105EB0B0002B27D
:10BBB0004B46214620A80CF049F8AAEB08000121C9
:10BBC00000B2CDE900014B46A5EB080002B22146C8
:10BBD0000AA80CF03BF8002120A80BF0B3FD189048
:10BBE00000210AA80BF0AEFD159046984FF0FF39E2
:10BBF000C846407AC00623D4A819032100B2CDE973
:10BC00000001E01B03B22A4621462BA80CF01EF8C7
:10BC1000039902200A14911909B2CDE90010039882
:10BC200001B2C81B03B236A80CF010F800212BA8F3
:10BC30000BF088FD8146002136A80BF083FD80467D
:10BC4000BDF85C00BDF85810401A401C04B2FAF769
:10BC5000E3F90AF059FF054616A808F0ACFCA84223
:10BC600006D201E0A1E027E016A808F0A4FC0546F2
:10BC7000AA46284611F058F88346BDF95E70BDF813
:10BC80005A00ADF85E0000255146584611F0E6F91D
:10BC90001C2119A811F0B4F916A919914698008829
:10BCA000ADF86C004698BDF95A60007A8DF87C00BA
:10BCB000CDF870B01E9145E009EB0B00CDE900A175
:10BCC00003B204EB0B0001B22A4620A80BF0BEFF22
:10BCD0000121A9EB0800CDE900A103B2A4EB080003
:10BCE00001B22A4674E700BFBDF958100BEB0500FE
:10BCF000234632B207900BF0C7FE8DF8740018B9D6
:10BD00002146079811F07CF925442919514505D29F
:10BD1000BDF85E00401CADF85E0012E002208DF818
:10BD2000740019A945980CF01FFCBDF85E000025B1
:10BD3000401CADF85A00ADF85E005146584611F06F
:10BD40008DF9761CBE42CFDDBDF95A10BDF95E00FB
:10BD5000814209D0401EADF85E0002208DF87400CB
:10BD600019A945980CF000FC584611F029F820A8B4
:10BD70000BF0ACFE0AA80BF0A9FEB9F1FF3F02D010
:10BD80002BA80BF0A3FEB8F1FF3F02D036A80BF0B2
:10BD90009DFE18980CF0CEF915980CF0CBF948469A
:10BDA0000CF0C8F940460CF0C5F949B0BDE8F08F79
:10BDB00032D702082DE9F04F8346B1F902000C4654
:10BDC000401E411000F00100158889B00844281A6F
:10BDD000ADF8000010880844ADF80400B2F9021074
:10BDE000B3F90200814200DA0846ADF80200B2F968
:10BDF0000200B3F90210884200DC0846401EADF88C
:10BE0000060069460846DBF80820F9F78CF8002898
:10BE10001FD0E08818B1A08808B1012600E00026F4
:10BE2000012768460BF06EFE00B906B100271C2101
:10BE300002A811F0E5F8CDF808D02088ADF8100080
:10BE4000207A6D468DF8200037B102A958460CF0D3
:10BE50008BFB09B0BDE8F08FBDF80400BDF8001001
:10BE6000BDF90670401A401C0FFA80F9BDF80200B7
:10BE7000ADF80600484610F057FF8246059007953A
:10BE8000002056B1B4F90600B4F904100844BDF915
:10BE9000021091FBF0F200FB12108046BDF9025037
:10BEA00031E04946504611F0D9F8BDF900104B4633
:10BEB0002AB250460BF0E8FD8DF81800A6B178B113
:10BEC000B4F90410414502DA00208DF81800B4F9E5
:10BED0000600B4F904100144414501DC4FF00008AC
:10BEE00008F101000FFA80F802A958460CF03CFB5B
:10BEF000BDF80200401CADF80200BDF80600401C71
:10BF0000ADF806006D1CBD42CBDD504610F058FF69
:10BF10009FE77CB505460DF0D7FE446A28460DF034
:10BF20009BFE626A0546816868461432F8F7FBFF9B
:10BF3000002835D0AE68C5F808D094F83C008006DB
:10BF400021D5628FE08E824208D1212329462046E6
:10BF5000FDF754FF2046628F21231DE02023294650
:10BF60002046FDF74BFF2046628F20232946FDF730
:10BF700097FF2046E28E01232946FDF73FFF20462A
:10BF8000E28E012308E02046628F20232946FDF738
:10BF900035FF628F204620232946FDF781FFAE60E2
:10BFA0007CBD00002DE9F04FD5B005460DF08CFEAC
:10BFB0000446008E00287DD028460DF04DFE4F909F
:10BFC000608C49A940F008006084204612F0FAFB1A
:10BFD0000025278C2584608CA94640F008012E4658
:10BFE000C846618433A80CF0C9F841A80BF0F6FAF2
:10BFF0004FF4A02A33AA5146204613F03DFF41AA30
:10C000005146204613F08AFE608C002120F0080083
:10C0100060842046278413F057FB5390002120466C
:10C0200013F044FA52900021204613F0A5FA5190E3
:10C030000021204613F0EEFA509020A84F9912F0FC
:10C0400067F9B548CDF8B4A0CDE9210812A824902D
:10C050000AA8259054E1761CB6B2606AAFA150F8E8
:10C060002600F4F793F90028F5D0E06A30F81500BF
:10C07000C0F30011002974D18846C0F3002109B132
:10C080004FF00108C0F3801010B148F0800014E0B8
:10C09000A08EA84212D1B80601D548F02008B807F2
:10C0A00001D548F00208780701D548F004083807A0
:10C0B00004D500E02CE148F008008046A06A00EBBF
:10C0C000C50103A808F041FABDF80C10BDF8240121
:10C0D000B8F1000F0144ADF80C10BDF80E20BDF80A
:10C0E00026110A44ADF80E20BDF810201044ADF81A
:10C0F0001000BDF812000844ADF8120026D0A4F8D4
:10C100002080608C40F00801618412A80CF036F8A1
:10C110000AA80BF063FA12AA5146204613F0ACFEAF
:10C120000AAA5146204613F0F9FD2784608C20F0BE
:10C1300008016184E06A30F81500C0F3C0200028CF
:10C140009DF845000ED040F001000DE0382233A9E3
:10C1500012A810F083FE202241A90AA810F07EFE4A
:10C16000E8E7C9E020F001008DF8450003A823901E
:10C1700020AA1A212E9520460DF0AAFD9DF86B00ED
:10C180004108C9063CD520F03E001E308DF86B00FA
:10C19000B4F914305199BDF90C2019448A4203D1E5
:10C1A00020F008008DF86B00B4F918205098BDF904
:10C1B0001010101A814205D19DF86B0020F010007C
:10C1C0008DF86B00B4F916205398BDF90E10104489
:10C1D000814205D19DF86B0020F004008DF86B00C2
:10C1E000B4F91A205298BDF91210101A814207D1E1
:10C1F0009DF86B008108490061F345008DF86B00E4
:10C20000BDF81210BDF90E00091A491C0FFA81FB86
:10C210005FEA886108D5E16A31F81510490503D550
:10C22000A0EB0B00ADF80E0003AA12A94F980BF07B
:10C2300091FF606ABDF93C30BDF93A1050F8260014
:10C240000890BDF82801BDF824C10A9AA0EB0C00A3
:10C25000401C00B2CDE900109DF845C0CDF808C0E3
:10C2600054A8089918F054FABDF81010BDF80C0045
:10C27000BDF95031091A491C09B2C91A01EBD17133
:10C2800000EB6100ADF80C00BDF81210BDF80EC057
:10C29000BDF95221A1EB0C01491C09B2891A01EB2D
:10C2A000D1710CEB610109B21844ADF81000881887
:10C2B00002B2ADF80E10ADF812205FEA88600ED51C
:10C2C000E06A30F81500400509D50BEBDB70A1EBF7
:10C2D0006001A2EB6000ADF80E10ADF81200CDF8D1
:10C2E000009003AA0AA9089B4F980AF0D7FE20AA3B
:10C2F0001B2120460DF0ECFC6D1C761CADB2B6B2D5
:10C30000208EA8423FF6A9AE608C20F00800608421
:10C3100055B0BDE8F08F0000AC1603080A0000001D
:10C320002DE9F04FA7B005460DF0CEFC0446284697
:10C330000DF092FC22900021204612F0F1FF0546FC
:10C3400000211222204613F0E9F928440FFA80FB5D
:10C3500000211322204613F0E1F928440FFA80FA55
:10C360000021204613F0BCF928440FFA80F918A8E0
:10C370000BF034F918AA4FF40031204613F0CEFC2C
:10C38000A06A08B1179009E0802010F0CDFC0546A6
:10C390000146802220460DF029FA179594F83C00BA
:10C3A000002700F00F00012800D1012720460021BE
:10C3B000162213F0B3F9C0B2012800D10127E06AB8
:10C3C000002868D00EF0D4FF804602280DD002A9C4
:10C3D000E06A0EF059FD01281BD04FF0FF363546BC
:10C3E000E7B1A18A01EB0B001CE0BDF972009DF8DA
:10C3F0007D2041F6FF718DE80700BDF97430189A71
:10C4000015A8E16A18F084F9BDF95460BDF95650D9
:10C41000E6E70298C0F38A26450DE1E7218BA1EB00
:10C420000A00801B711EADF814000844ADF8180016
:10C43000B8F1020F5DD0204612F0FDF9401BE18AF1
:10C4400000EBD07001EB6000ADF81600691E0844E7
:10C45000ADF81A0011A80AF007FE4FF4003811AA2F
:10C460004146204613F007FC06EBD6704010ADF8AD
:10C47000480005EBD5704010ADF84A0020466E220A
:10C48000414613F04BF9ADF8440005AA11A9E36A3F
:10C4900022980AF0B5FD09A80BF0A0F809AA00211E
:10C4A000204613F03BFCBDF936009DF8412041F6D3
:10C4B000FF718DE80700BDF9383007A8099A179970
:10C4C00018F026F9E18A01EB0900BDF81E10ADF85D
:10C4D0000E000844ADF81200E06AE0B13FB3218BD2
:10C4E000A1EB0A00BDF81C10B0EB0100ADF80C0088
:10C4F00024E0E18A6D1E01EB0900ADF81600284426
:10C50000ADF81A000020009005AA18A9E36A229845
:10C510000AF0C4FDBFE7204613F0D3FABDF91C10A2
:10C52000A28A401A00EBD07002EB6000DEE7A18A1D
:10C5300001EB0B00BDF81C10ADF80C000844ADF881
:10C5400010000020009003AA09A9179B22980AF066
:10C55000A5FDA06A002802D1179810F031FC27B081
:10C56000BDE8F08F2DE9F04798B005460DF0ACFB23
:10C57000044628460DF070FB064609A9204612F035
:10C58000BFF894F848000025C10600D501258006B3
:10C5900001D545F002050021204613F0CDF9A0F5A4
:10C5A0001C51D13904D1608C000501D445F004053B
:10C5B0000BA80BF013F8B4F84400ADF84200B4F83F
:10C5C0004600ADF844008DF849500BAA00212046E2
:10C5D00013F0A4FB9DF848004FF0010808B98DF84E
:10C5E0004880E06B0C90206C0D900C994FF6FF701A
:10C5F00081421ED00D9981421BD04FF480292746DD
:10C6000055224946204613F089F8024649463846E5
:10C61000F9F74AFB0090BDF80000ADF83A0020465B
:10C620002022494613F07AF80090BDF80000ADF8DA
:10C630003C0094F8480041F6FF7A00F00700022819
:10C6400001D003281ED19DF84800022801D00328FC
:10C6500018D1BDF93E10CDE9001A0295BDF9403060
:10C660000B9A16A8616A18F053F8BDF82800BDF8B7
:10C670002410401A401CBDF9581000B2884201DA5B
:10C680008DF8488094F8480004F1300700F0070066
:10C69000032809D0BDF82A00BDF82610401A401C16
:10C6A00000B2B0F5806F00DA002709A914A8B268BB
:10C6B000F8F739FC00287DD094F8480040070BD1EA
:10C6C000204612F04BFA404202B2002109A807F0BE
:10C6D000ABFF608BADF82A0094F848000DF15009CB
:10C6E00000F00700022813D0032811D0009709AAF0
:10C6F0000BA93046636A0AF0D1FCB068C6F808900E
:10C70000804694F8480000F0070003280FD05FE04F
:10C71000D6F80880C6F80890009709AA0BA93046F9
:10C72000636A0AF0BBFC4046C6F80880E6E7BDF93C
:10C730003E10CDE9001A0295BDF940300B9A06A8CB
:10C74000616A17F0E5FFBDF82800BDF82410401A13
:10C75000401CBDF9181000B2884219DA2022114697
:10C760000B980DF0C9FBB4F84410BDF8182000EB8D
:10C77000400011440844ADF84200B4F84600ADF85A
:10C780004400009709AA0BA93046636A0AF086FCA8
:10C79000BDF82A00BDF82610401A401C01B2BDF9B0
:10C7A0001A00814214DAB4F84410ADF842100B9923
:10C7B000098900E00EE0B4F84620009710440844D0
:10C7C000ADF8440009AA0BA93046636A0AF066FC7A
:10C7D000C6F8088018B0BDE8F0872DE9F04397B09F
:10C7E00007460DF033FA054638460DF06DFA04465B
:10C7F0004FF48026152D7ED0182D7DD138460DF0B2
:10C800002BFA054607A80AF0E9FE07AA314620469A
:10C8100013F084FA13A9204605F044F913AA15A8C9
:10C82000A968F8F780FB002866D0204604F09FFE38
:10C8300081460FF0ABFB28B19DF8390040F00100B4
:10C840008DF83900204613F03CF9064648460FF0B3
:10C85000A2FB0146BDF92E000222CDE9000602929C
:10C86000BDF9303005A8079A17F052FF204611F0A5
:10C87000E2FFB4F9161000EBD076B9F9160001EB1F
:10C880006601471A484611F0D6FFB90391FBF0F74D
:10C890000021204612F0D5FF0799B0F90800B1F940
:10C8A0000810081A00EBD070BDF816104010091AD5
:10C8B00009B2ADF81610E28A794302EB660202EB88
:10C8C000A1310F1A0021204612F030FD804620468B
:10C8D0000021122212F022FF0646204600211322D8
:10C8E00012F01CFFA28A06EB08011144ADF84010BB
:10C8F000ADF8427001E023E01FE0218B081AA0EBA5
:10C900000800ADF84400BDF816003844ADF8460004
:10C910009DF8390040F002008DF8390015A8AC6888
:10C92000A86048460FF037FB03460020009010AA8D
:10C9300007A928460AF0B2FBAC6017B0BDE8F08347
:10C9400038460DF089F9054610A9204605F0AAF8E9
:10C9500068460BF013FC6A463146204613F08CFA09
:10C9600010AA694628460BF0F5FBE6E72DE9F043EF
:10C97000ABB005460DF0A8F9044628460DF06CF959
:10C9800081460021204612F009FE0746002120467C
:10C9900012F052FE06460021204612F0ADFE05467A
:10C9A0000021204612F094FDA18AE28AADF88A2087
:10C9B000238BADF88C30B4F81AC03944ADF8881028
:10C9C000991BADF88C10ACEB00005119ADF88E003E
:10C9D000ADF88A1006A80BF0D1FB06AA4FF400317F
:10C9E000204613F049FA22AA06A948460BF0B2FBEA
:10C9F000204611F020FF0546208BA18A411A491CD0
:10CA0000481B06B2606A411C06D07043C11700EB98
:10CA1000116040F30F2708E0204612F0FFFB10F0F2
:10CA2000010F01D0374600E00027204600211622E2
:10CA300012F074FEC0B2012801D1F01B07B2A08A27
:10CA40003844ADF800002844ADF80400E08AADF8A1
:10CA50000200608BADF806004FF44037394620469F
:10CA600012F09CFD06463946204612F0E5FD804650
:10CA70003946204612F040FE05463946204612F05F
:10CA800027FDBDF80010BDF80420891BADF800108B
:10CA900002EB0801ADF80410BDF80210491BADF817
:10CAA0000210BDF806100844ADF8060014A80BF0FB
:10CAB00065FB14AA3946204613F0DEF96A4614A92C
:10CAC00048460BF047FB2BB0BDE8F0832DE9F04F53
:10CAD000E1B005460DF0F8F8044628460DF0BCF824
:10CAE0008246826804F1140130A8F8F71CFA002885
:10CAF0007ED0DAF808000F9030A8CAF80800204667
:10CB00000021322212F00AFE00B257900021204686
:10CB100012F0F8FD5B900021204612F0DFFC5D90E2
:10CB20000021204612F040FD5A900021204612F0CC
:10CB300089FD5990208C002609902684608C40F055
:10CB40000800608422A80BF019FB4FF4A02522AA4C
:10CB50002946204613F090F932A80AF03FFD32AA88
:10CB60002946204613F0DAF809982084608C0027C3
:10CB700020F008006084204611F0FEFF0146E28AA2
:10CB80005B981044411A57980844401EADF81600AF
:10CB9000204611F0EAFF58900021204612F087FB52
:10CBA000012800D000208346514642A811F0B0FB76
:10CBB0004FF4A0204F90EB4843900020449014A8DD
:10CBC00046903AA84790002089E0E06A30F91910B1
:10CBD000BDF816005491401C00B2491E0144ADF846
:10CBE0001200ADF81610BDF9C61088427CDC00E0DA
:10CBF0007DE0BBF1000F0AD0218B5998091A589893
:10CC0000091A5798081A401EADF8100009E0A18AC9
:10CC10005A9801445898091A57980844401EADF88C
:10CC20001400002555E000205590A06A50F8270018
:10CC300008B100785590BBF1000F0CD0BDF8100082
:10CC4000401EADF81400216B31F81510401A401C3D
:10CC5000ADF810000BE0BDF81400401CADF810005A
:10CC6000216B31F815100844401EADF81400002661
:10CC70001DE0A06AB91950F82100E8B10078C0079A
:10CC80001AD0206BA919022202EB4101405EBBF1D0
:10CC9000000F05D0BDF81010081AADF8100004E020
:10CCA000BDF814100844ADF81400761CB6B2A08C80
:10CCB0007119401E8142DCDBBDF91600BDF9C210BE
:10CCC000884217DAB819401C87B2A81980B2401CF4
:10CCD00085B2A08CA842A6D809F1010080B2E18CEF
:10CCE000814649453FF671AF0F99CAF8081061B007
:10CCF000BDE8F08FBDF91020ADF82820BDF91280F5
:10CD0000ADF82A80BDF91410ADF82C10ADF82E0046
:10CD100086469DF8AB00C0F3440043070DD5B4F937
:10CD200014C05A9B63449A4207DDBDF9A83003EB57
:10CD3000D373A2EB6302ADF8282082070DD5B4F9B6
:10CD400016305B9A1A44904507DDBDF9A82002EB26
:10CD5000D272A8EB6202ADF82A20020711D5B4F90D
:10CD60001830599A9A1A521E91420ADABDF9A8202F
:10CD700002F0010302EBD27203EB62021144ADF840
:10CD80002C10C00712D0B4F91A205D98101A401E5A
:10CD900086450BDABDF9A80000F0010100EBD07068
:10CDA00001EB600101EB0E00ADF82E00E28E0021D8
:10CDB0004A457DD1A08EA8427AD1208C420602D469
:10CDC000820600D52021820701D541F002014207E9
:10CDD00001D541F00401000701D541F00801002907
:10CDE00066D02184608C40F00801618414A80BF0A7
:10CDF000C5F93AA80AF0F2FB4FF4A02814AA41465C
:10CE0000204613F039F83AAA4146204612F086FF30
:10CE100009982084608C20F0080161840AA845905C
:10CE2000A18C42AA09FB015050901A2120460CF017
:10CE30004FFF0AAA14A950460BF08CF9A06A50F8CB
:10CE4000270000287ED04FF4A0284146204612F04B
:10CE5000ABFB0C904146204612F0F4FB1290414689
:10CE6000204612F04FFC02904146204612F036FB5D
:10CE7000BDF810300C9ABDF812C01A440FFA82F8AF
:10CE8000BDF81430129AADF840809A1A13B2ADF87A
:10CE90004430029A01466244ADF84220BDF81620A3
:10CEA0000020511AADF846105599C1F3400100E039
:10CEB00018E05E9101B10220A3EB0801491CBDF905
:10CEC000FA2009B20092CDE90110A06ABDF9FC3048
:10CED000329A50F827105CA8083117F019FC5E98B8
:10CEE00058B11FE0382222A914A80FF0B7FF202262
:10CEF00032A93AA80FF0B2FF90E75498BDF812108B
:10CF0000BDF9722100EBD07001EB600302EBD2722D
:10CF1000401000EB6200A3EB62030844ADF842301E
:10CF2000ADF8460004AA30A95FA8F7F7FCFF48B1A6
:10CF30005FA90020CAF808100090A06A10AA50F853
:10CF4000273000E007E03AA9504608330AF0A6F877
:10CF500030A9CAF8081042AA1B2120460CF0B8FEDE
:10CF6000B0E60000E01703082DE9F74F80460446BD
:10CF700090881188A8B0401A401C00B200EBD07015
:10CF800046108819ADF85C0050883044ADF85E005A
:10CF900020A80AF0B4FB4FF4A02520AA2946404659
:10CFA00012F00CFF1AA80AF05FF81AAA29464046A8
:10CFB00012F061FE0021404612F012FA834602A8E8
:10CFC000299911F0A5F9634803904FF4003017AF89
:10CFD0000F900B9704F130002490F8F771FDB2E048
:10CFE000256813942079012801D0A0B3A7E0B5F9F2
:10CFF0002030E88B18440090D5E90512E0680FF066
:10D0000047FEA98B628A00B211448D19814617F040
:10D01000BBFA10FB05F147F6FF7A91FBFAF0BDF879
:10D020005E100844ADF89A00484617F0A8FA10FBC5
:10D0300005F191FBFAF0BDF85C100844ADF89800DA
:10D04000A08AADF88000208AADF882006079FD28C2
:10D0500002D9584603E017E010FB0BF0000A8DF8E8
:10D0600088000120049020A8089026A8CDE90B7024
:10D0700002AA1A2140460CF02BFE26AB20A90B9ADF
:10D0800029980AF02FFB55E02069E0B3B5F920306C
:10D09000E88B18440090D5E90512E0680FF0F8FD20
:10D0A000054625A920690DF0EFFEBDF85C00A18AB8
:10D0B000421AADF85420BDF85E00E18A401A259965
:10D0C000ADF85600C1F38A235B1E1A44ADF8582010
:10D0D0004FF0FF3202EB51510844ADF85A0060792D
:10D0E000FD2801D9584602E010FB0BF0000A8DF82C
:10D0F0007300A08AADF86C00E08AADF86E0005EB15
:10D100008500400000E01AE0B0F5616F01DDA0F598
:10D110006160ADF86800022004901AA8099002AA84
:10D120001A2140460CF0D4FD15AA1AA923692998A2
:10D1300009F066FF02AA1B2140460CF0C9FD2146FA
:10D140002498F8F7BAFC04007FF44AAF2BB0BDE88E
:10D15000F08F000000DD020830B5054691F82A0086
:10D1600089B00C4602285FD9E08C00285CD01146BB
:10D1700004A807F0C6F9208DBDF81010401E091A4A
:10D18000ADF81010BDF81210091AADF81210BDF864
:10D1900014100144ADF81410BDF816100844ADF891
:10D1A000160004A906A807F0ACF9BDF81810E08C29
:10D1B000BDF81220091AADF81810BDF81C1008446B
:10D1C000ADF81C00BDF81A00E18C401AADF81A0049
:10D1D000BDF81E00E18C0844ADF81E00BDF8140037
:10D1E000BDF81010401ABDF81610401C891A491CD1
:10D1F00000B209B2B4F90020884200DA0146B2EB6D
:10D20000610F00DD4A10E08CA178104403B294F85D
:10D210002A00CDE90201A08CADF80400009204AA16
:10D2200006A92846FCF71CFB09B030BDF8B504463A
:10D230000CF04AFD064620460CF044FD0446406BC7
:10D24000B0F5A02F51D1A06B0025072805D2206989
:10D25000C570206980F8225012E081B24022304629
:10D2600007F044FF60B12069C570206980F8225042
:10D27000122014F073FA00906069BDF800108181EB
:10D28000208F4FF4004281B2304607F02FFF98B153
:10D2900021696620C870304616F002FF00902069B0
:10D2A000BDF800108180304607F01EFFA16B884258
:10D2B00002D12169B220C870208F4FF4804281B220
:10D2C000304607F013FF00280FD02169FF2081F8B6
:10D2D0002200304616F0E4FE00902069BDF80010F0
:10D2E000C1832169088C401C0884F8BD2DE9F041F8
:10D2F0008CB005460CF0E8FC044628460CF0ACFC6B
:10D300008046606A0EF047FE007800283BD1A06A94
:10D31000002838D00078002835D001A80AF05EF93E
:10D3200001AA4FF40021204612F0F8FC94F86000A6
:10D33000000705D59DF8210040F002008DF821007E
:10D340000021204612F036F907460021204612F04F
:10D35000DFF906460021204611F0EEFF054604F1F4
:10D36000140109A807F00CF9701902B2781901B27A
:10D3700009A807F059F90020009009AA01A9404620
:10D38000A36A09F08BFE0CB0BDE8F0817CB50446C1
:10D39000806961896D468668A08961B1002865D081
:10D3A000814203D12289E3889A427CD302297BD02F
:10D3B00003297AD0AFE010BBE088218988421ED2D1
:10D3C000B4F9060017F0E0F8B4F90410B4F90E202F
:10D3D000891A48432168498801EBE030ADF8020022
:10D3E000E0885A3000B217F0CFF8A18810FB01F0A6
:10D3F0002168098801EBE030ADF8040040E02068C6
:10D400000088ADF800002068A18840880844ADF885
:10D410000600B4F9060017F0B7F8B4F90410B4F92F
:10D420000E20891A48432168498801EBE030ADF8A5
:10D430000200E0885A3000B217F0A6F8A18810FB6D
:10D4400001F021683246098801EBE030ADF80400B4
:10D4500069460846F7F767FD30B1A0698560D4E9F1
:10D46000052021690AF076FEA08970BB2068A1889A
:10D4700000880844ADF8040020684088ADF8020038
:10D48000B4F9080017F080F8A18810FB01F02168BA
:10D49000498801EBE030ADF8060020895A3000B22F
:10D4A00017F072F802E015E012E00FE0B4F9041092
:10D4B000B4F90E20891A484321683246098801EBE5
:10D4C000E030ADF8000069461AE024E0022801D0FF
:10D4D000012820D1206832460088ADF8000020687D
:10D4E0004088ADF802002068A18800880844ADF8A3
:10D4F00004002068A18840880844ADF80600294649
:10D500000846F7F710FD30B1A0698560D4E9052021
:10D5100021690AF01FFEA06986607CBD7CB50446C7
:10D52000806961896D468668A08901290CD001282F
:10D5300067D0814203D12289E3889A427ED30029B1
:10D540007DD003297CD0B5E0012822D1E088218953
:10D5500088421ED2B4F9060017F016F8A18810FB15
:10D5600001F02168498801EBE030ADF80600E08861
:10D570005A3000B217F008F8B4F90410B4F90E20CC
:10D58000891A48432168098801EBE030ADF80400AE
:10D5900042E02068A1880088401AADF800002068A9
:10D5A0004088ADF80200B4F9060016F0EDFFA1883E
:10D5B00010FB01F02168498801EBE030ADF806006E
:10D5C000E0885A3000B216F0DFFFB4F90410B4F965
:10D5D0000E20891A484321683246098801EBE03061
:10D5E000ADF8040069460846F7F79DFC30B1A06924
:10D5F0008560D4E9052021690AF0ACFDA0890128E5
:10D6000058D120680088401EADF804002068A18829
:10D6100040880844ADF80600B4F9080016F0B4FFDD
:10D62000B4F90410B4F90E20891A484321684988D6
:10D6300001EBE030ADF80200208902E018E010E0D4
:10D6400014E05A3000B216F09FFFA18810FB01F0E1
:10D6500021683246098801EBE030ADF800006946E8
:10D660001DE0022804D0032802D023E0022821D1A3
:10D670002068A18832460088401AADF80000206872
:10D680004088ADF8020020680088401EADF8040014
:10D690002068A18840880844ADF80600294608465D
:10D6A000F7F741FC30B1A0698560D4E90520216914
:10D6B0000AF050FDA06986607CBD7CB50446806997
:10D6C00061896D468668A08902290CD002287ED027
:10D6D000814203D12289E3889A4279D3002978D004
:10D6E000012977D0D4E002283FD1E08821898842FF
:10D6F0003BD25A3000B216F047FFA18810FB01F070
:10D700002168098801EBE030ADF80000B4F90600AB
:10D7100016F03AFFB4F90410B4F90E20891A484300
:10D720002168498801EBE030ADF80600B4F9080043
:10D7300016F02AFFA18810FB01F02168498801EB4F
:10D74000E030ADF8020020895A3000B216F01CFF1C
:10D75000B4F90410B4F90E20891A484321680988E5
:10D7600001EBE030ADF8040066E020680088401E60
:10D77000ADF804002068A1884088401AADF8020086
:10D78000E0885A3000B216F0FFFEA18810FB01F0CD
:10D790002168098801EBE030ADF80000B4F906001B
:10D7A00016F0F2FEB4F90410B4F90E20891A4843B9
:10D7B00021683246498801EBE030ADF80600694641
:10D7C0000846F7F7B0FB58B1A069856003E00AE0AE
:10D7D0003BE034E036E0D4E9052021690AF0BAFCE8
:10D7E000A089022854D12068A1880088401AADF889
:10D7F000000020684088401EADF8060020895A309D
:10D8000000B216F0C1FEB4F90410B4F90E20891A62
:10D8100048432168098801EBE030ADF80400B4F911
:10D82000080016F0B1FEA18810FB01F021684988BC
:10D8300001EBE030ADF80200324669461DE00328F6
:10D8400003D025E0032800D010BB2068A188324611
:10D850000088401AADF800002068A1884088401A6E
:10D86000ADF80200206829460088401EADF804008B
:10D8700020684088401EADF806000846F7F753FBC5
:10D8800030B1A0698560D4E9052021690AF062FC05
:10D89000A06986607CBD7CB50446806961896D465F
:10D8A0008668A08903290ED0032867D0814203D15E
:10D8B0002289E3889A427ED302297DD001297CD037
:10D8C00002297BD0B1E003281FD1E088218988425A
:10D8D0001BD25A3000B216F057FEB4F90410B4F956
:10D8E0000E20891A48432168098801EBE030ADF821
:10D8F0000000B4F9060016F047FEA18810FB01F005
:10D900002168498801EBE03040E02068A188008868
:10D910000844ADF8040020684088401EADF80600B9
:10D92000E0885A3000B216F02FFEB4F90410B4F9B2
:10D930000E20891A48432168098801EBE030ADF8D0
:10D940000000B4F9060016F01FFEA18810FB01F0DC
:10D9500021683246498801EBE030ADF802006946A3
:10D960000846F7F7E0FA30B1A0698560D4E90520F0
:10D9700021690AF0EFFBA089032856D120680088AE
:10D98000ADF800002068A1884088401AADF8020078
:10D9900020895A3000B216F0F7FDA18810FB01F083
:10D9A0002168098801EBE030ADF80400B4F9080003
:10D9B00016F0EAFD03E016E010E013E00FE0B4F922
:10D9C0000410B4F90E20891A484321683246498868
:10D9D00001EBE030ADF8060069461BE018B1012804
:10D9E00001D022E008BB206832460088ADF8000074
:10D9F0002068A1884088401AADF802002068A188FC
:10DA000000880844ADF80400206829464088401E7C
:10DA1000ADF806000846F7F786FA30B1A0698560D0
:10DA2000D4E9052021690AF095FBA06986607CBDD8
:10DA300070B5A4B00C46054620AA22A911F0A3F89F
:10DA400022A806F0B8FD20B920A806F0B4FD0028F1
:10DA50003ED012A9284619F06AFF012838D1214684
:10DA6000684610F055FC1B4801900220029012A855
:10DA700004904FF480300D9022A806F09CFD80B1F8
:10DA800022A803906A461A2128460CF021F922AAFE
:10DA900012A920460AF05EFB6A461B2128460CF0BC
:10DAA00017F920A806F087FD002811D020AE6A469D
:10DAB0001A21284603960CF00BF920AA12A9204639
:10DAC00003960AF047FB6A461B2128460CF000F932
:10DAD00024B070BDF8D502082DE9F04F88468A6859
:10DAE000B5B0044600F1140125A8F7F71CFA002888
:10DAF0007ED0D8F80800309025A9C8F80810002179
:10DB0000204611F021FD06460021204611F0C4FDFB
:10DB10002990204610F03CFEB4F88410484340F3AE
:10DB20000F2B204610F01AFEB4F88610484340F33D
:10DB30000F20289004F124002790F7F7ACFF05464A
:10DB40000021204611F0DCFCB4F884104FF4A02929
:10DB50004843B4F882100212C1F1010303FB02B082
:10DB600090FBF1F00FFA80FA4946204611F0C8FC0C
:10DB7000B4F88410C5F1010248430012219002FB61
:10DB800000A0B0FBF5F007B2012F00DA0127002159
:10DB9000204611F0BFFB0546204610F013FF301A57
:10DBA000284400B23190204610F0D8FF2999081A75
:10DBB000284400B2329012A80AF0E0FA12AA4D46A8
:10DBC0004946204612F058F99DF8570020F007000A
:10DBD0008DF85700FF208DF84B00608BBDF8481082
:10DBE0000844ADF8AE004146684610F091FB00E0F5
:10DBF0008AE04748019004200D95002602907BE0C2
:10DC0000ABEB0A017143401E91FBF0F131980144E6
:10DC1000A08A0E9608440FFA80F92798F7F750FF6C
:10DC200066E0287BC0075FD12946204607F010FF39
:10DC30007A1E4A4412B2ADF8AC20219B01B23B449B
:10DC40004846ADF8A89003440FFA83F9BDF9943023
:10DC50009A4249DBBDF9982090424BDC2889ADF807
:10DC60004C008819B4F88210DDF8A0C090FBF1F2E6
:10DC700001FB12002A7B6968C2F3001304EB430224
:10DC800000B232F96C3F31F91010B2F90420C91A10
:10DC900001FB0CF1D21A91FBF2F1ACEB01023299CB
:10DCA000E38A11441944ADF8AA10696831F91010DB
:10DCB000A1F5FE42FF3A17D02AA9039112A91195A6
:10DCC000049169686A4631F9100010901A212046C3
:10DCD0000BF0FEFF2AAA12A940460AF03BFA6A4658
:10DCE0001B2120460BF0F4FF29462798F7F7E5FEA5
:10DCF000050096D1761CB6B2B4F88200B0423FF669
:10DD00007FAF3098C8F8080035B0BDE8F08F00004C
:10DD1000C8D702082DE9F04F89468A6800F114013E
:10DD2000C1B005460F463CA8F7F7FDF800287DD0A6
:10DD30003CA9D9F808A0C9F80810B5F88200022853
:10DD400074D30021284611F0E5FA04460021284644
:10DD500011F0FAFB06190021284611F09DFC04443D
:10DD6000284610F015FDB5F88410484340F30F2005
:10DD70000F90284610F0F2FCB5F88610484340F3A7
:10DD80000F200990284610F01DFE0146A88A304455
:10DD9000401A00B23990284610F0E0FEE98A21448A
:10DDA000081A00B23A9039463EA8D9F80820F7F789
:10DDB000BAF800283AD027A809F0A1FC27AA4FF406
:10DDC000A021284611F0FAFF2AA80AF0D7F94FF44B
:10DDD00000342AAA2146284612F04EF82146284649
:10DDE00011F0A4FD00EBD07047102146284611F039
:10DDF000CDFA00EBD07041108B46BDF99E005F4517
:10DE000001DA3A4600E00A4600EBD071B2EB610F4E
:10DE100005DD9DF8A51041F010018DF8A510012831
:10DE200007D19DF8A50040F0100000E086E18DF8D4
:10DE3000A500B5F882100F98814201DB012000E0B7
:10DE400000203B9005F124003890F7F739FE70E18F
:10DE5000207BC0077ED12089ADF89C002089ADF8D9
:10DE6000AC002146284607F0F3FD00B20C9039982B
:10DE7000ADF81800ADF808000C9805901390616893
:10DE8000099B31F91000217BC1F3001205EB42011F
:10DE900031F96C2FB1F90410801A5843891A90FB9C
:10DEA000F1F0191A3A980844ADF80A00494614A846
:10DEB00010F02EFAA3481590032016904FF4A020DE
:10DEC000219027A81A902AA825941890BDF90A0035
:10DED000039000260790E9E0BDF90810ADF818108E
:10DEE000BDF80A00ADF81A00BAF90420781C1044F5
:10DEF00081427BDC0F98B5F882207043531E90FB63
:10DF0000F3F33998184400B2ADF808000C9B334481
:10DF100093FBF2FC02FB1C3212B205926368DDF83F
:10DF200024C033F91220237BC3F3001305EB430312
:10DF3000B3F96C80B3F97030A2EB080202FB0CF26B
:10DF4000A3EB080392FBF3F2ACEB02033A9A1A44F8
:10DF500012B200E0E9E0ADF80A209046BAF90020DC
:10DF6000D21B521E90423FDB002E3DD03B9AE2B3C3
:10DF70006368139A33F912C047F6FF72944533D0A1
:10DF8000DDF814C033F91C3093422DD0079B98451F
:10DF900001DA1A4600E04246039B0792984501DDEC
:10DFA0001A4600E04246039281427BD0401EADF803
:10DFB0001800ADF808000798ADF81A20ADF80A006F
:10DFC000824202D1401CADF80A0002AB06AA27A982
:10DFD000484609F087FBBDF80800CDF80C80401CCE
:10DFE000ADF80800CDF81C805CE000E063E0BDF80F
:10DFF0001800C11B3844ADF83800BDF81A00ADF860
:10E000003410A0EB0B015844ADF83A00701E22907A
:10E01000ADF836106168139831F9101047F6FF70AB
:10E02000814201D006A900E000211D916268059996
:10E03000804632F91110414501D002A800E00020CD
:10E040001E900DA817906168139814AA31F910005A
:10E0500024901A2128460BF03BFE6068139930F992
:10E06000112042450AD0059930F91110414505D0DB
:10E0700002AB06AA27A9484609F034FB6FB1BBF1F1
:10E08000000F0AD06168139831F91010414504D08F
:10E090000DAA2AA948460AF05DF814AA1B212846B1
:10E0A0000BF016FE0598761CB6B21390B5F88200F8
:10E0B000B0423FF611AF3B98B8BBB5F88200B04212
:10E0C00033D16168059831F91010A1F5FE40FF3891
:10E0D0002BD0BDF80800761EC11B3844ADF83010B7
:10E0E000ADF83400BDF80A0014AAA0EB0B015844A7
:10E0F000ADF8360000201D901E900CA81790ADF8CA
:10E10000321022966168059831F9100024901A2186
:10E1100028460BF0DDFD0CAA2AA948460AF01AF899
:10E1200014AA1B2128460BF0D3FD21463898F7F797
:10E13000C4FC04007FF48CAEC9F808A041B0BDE86F
:10E14000F08F0000C8D702082DE9F04F8A468A6890
:10E15000B9B0054600F1140137A8F6F7E4FE00282F
:10E160007BD0DAF80800349037A9CAF808100021EB
:10E17000284611F0CFF804460021284611F0E4F9B2
:10E1800006460021284611F087FA0746284610F077
:10E19000FFFAB5F88410484340F30F203390284627
:10E1A00010F0DCFAB5F88610484340F30F202490B5
:10E1B000284610F007FCA98A32191144081A00B247
:10E1C0002590284610F0CAFC0146E88A3A19104406
:10E1D000401A00B228902CA809F091FA2CAA4FF40A
:10E1E000A021284611F0EAFD16A809F0C7FF4FF458
:10E1F000003416AA2146284611F03EFE2146284644
:10E2000011F094FB00EBD0704FEA600921462846DC
:10E2100011F0BCF800EBD07043109846BDF9B20085
:10E220004A46C14500DB1A4600EBD071B2EB610FE4
:10E2300005DD9DF8B91041F010018DF8B9100128E5
:10E2400005D19DF8B90040F010008DF8B90005F136
:10E2500024002A90F7F734FC3EE143E1207BC0071D
:10E260007ED12089ADF8B0002089ADF85C00214650
:10E27000284607F0EDFB06B22598ADF8D8002996A0
:10E28000ADF89C006068B34630F816000A282CD020
:10E29000339800902068002330F91670207BC0F37B
:10E2A000C00105EB4100B0F97820B0F97410384690
:10E2B0000EF0EEFC259900230844ADF89C0024984C
:10E2C0000090606830F91670207BC0F3001105EBF8
:10E2D0004100B0F97020B0F96C1038460EF0D8FC4F
:10E2E0002499081A2899084402E08048ADF89C0057
:10E2F000ADF89E00514602A810F00AF84FF4A02095
:10E300000F907B480390032004902CA8089016A837
:10E310000027139406909FE0BDF89C00ADF8D8004C
:10E32000BDF89E00ADF8DA002998B5F88220C11931
:10E3300091FBF2F002FB101006B2606830F9160093
:10E34000A0F5FE41FF3969D024990091217BC1F3EA
:10E35000001205EB4201B1F97020B1F96C1000E038
:10E36000B6E000230EF094FC24990023081A2899A3
:10E370000844ADF89E0033980090217B2068C1F3DB
:10E38000C00105EB410130F91600B1F97820B1F96F
:10E3900074100EF07DFC25990844ADF89C00EFB395
:10E3A000BDF8D800A0EB0901ADF8BC104844BDF899
:10E3B000DA10ADF8C000A1EB0800ADF8BE0001EB2B
:10E3C0000800ADF8C200781E1090616831F91B108A
:10E3D000A1F5FE40FF3801D036A900E000210B91E5
:10E3E000616831F91610A1F5FE40FF3801D027A869
:10E3F00000E000200C902FA80590616802AA31F976
:10E400001B0012901A2128460BF062FC616847F647
:10E41000FF7031F91B20824216D000E019E031F97B
:10E420001610814210D027AB36AA2CA9504609F00D
:10E4300059F9B9F1000F07D0B8F1000F04D02FAA95
:10E4400016A9504609F086FE02AA1B2128460BF0A9
:10E450003FFC7F1CB346BFB2B5F88200B8423FF61E
:10E460005BAFB5F88200B84232D1606830F916105F
:10E47000A1F5FE40FF382BD0BDF89C007F1EA0EB1D
:10E4800009014844ADF8C000BDF89E00ADF8BC10CD
:10E49000A0EB08014044ADF8C2000020ADF8BE106A
:10E4A0000B900C902FA810970590606802AA1A2173
:10E4B00030F91600129028460BF00AFC2FAA16A974
:10E4C000504609F047FE02AA1B2128460BF000FC2B
:10E4D00021462A98F7F7F1FA04007FF4BFAE349989
:10E4E000CAF8081039B0BDE8F08F000001E0FFFF66
:10E4F000C8D702082DE9F74FB1F92E00AAB014468B
:10E500000E46002872D096F8361002296ED90128DE
:10E5100008D1B6F93400002804DC308E10B9708EB2
:10E520000028EFD02088318E4218B08E151AADF831
:10E530002850A28811440B18ADF82C306088718ED9
:10E540000844B18E421AADF82A20E088718E084442
:10E55000B18E0144ADF82E10B6F92E0000EBD0704C
:10E56000A5EB60056D1EADF84C50012505EB600074
:10E570001844ADF85000B6F92E0000EBD070A2EBB5
:10E580006000401EADF84E00B6F92E0000EBD070D2
:10E5900005EB60000844ADF8520096F8360029906B
:10E5A000FD2801D9FF2029902A9813A9826827A85D
:10E5B000F6F7B9FC0028A5D021461DA805F0A1FF5B
:10E5C0004FF0FF38414642461DA806F020F8B6F944
:10E5D00000901DA806F003F804461DA805F0D9FF19
:10E5E00084421DA803DA05F0FAFF02E0FEE305F01D
:10E5F000D0FFB9EB600F01DD4FEA6009B6F90040CA
:10E600000AA805F0ECFF05460AA805F0C2FF8542FE
:10E610000AA802DA05F0E3FF01E005F0BAFFB4EB67
:10E62000600F00DD4410B6F92E00051905FB05F05A
:10E6300040000EF079FB10900146B6F92E202346DB
:10E640000AA819F09BFA13A809F05CFA012720B96F
:10E65000F078FF2801D3B07860B1002701234A4643
:10E660001DA920A809F0BAFC002120A809F06AF829
:10E67000269001E0CDF8988013A805F0B0FF0EF0C9
:10E6800053FB83461C2115A80EF0BAFCCDF854D0DC
:10E69000CDF860B0CDF868D0B08DADF85C0096F8DC
:10E6A00036008DF86C00B0788DF86D00BDF8500024
:10E6B000BDF84C20ADF80400811A491C09B201EBE9
:10E6C000D17102EB61010FFA81FABDF85220BDF859
:10E6D0004E10401B521A521C12B202EBD27201EBC6
:10E6E0006202401C14B200B26A1EADF80000ADF820
:10E6F0000210114409B20992ADF806105246504575
:10E7000000DC1046ADF80000A14200DB21462A984B
:10E71000ADF806106946826806A8F6F704FCD0B387
:10E720004A461DA906A8F6F726FCA0BBBDF81C00AA
:10E73000BDF91810BDF91A20401A401C00B208900B
:10E74000BDF94E301098D21A02FB0500BDF95020D9
:10E75000521B891A0844401E059047B14A461DA91C
:10E7600006A8F6F778FC10B101200F9000E00F9793
:10E770000898002827DDBDF81800ADF80000BDF8A6
:10E780001C00ADF804000220CDF860B08DF86400E4
:10E79000BDF91A8013E016E0ADF802800F98ADF8CD
:10E7A000068070B30598189015A92A9809F0DCFE28
:10E7B00005982844059008F101000FFA80F8BDF98A
:10E7C0001E104145E8DABDF85000ADF80400401BCA
:10E7D000401C00B2ADF80000BDF85220ADF8062094
:10E7E000511B491C09B2ADF802105246504500DCDD
:10E7F0001046ADF80000601C1190814216DD0846FD
:10E8000015E0FFE72A46584605990EF027FBBDF9AB
:10E81000181042465846089B09F036F98DF86400F6
:10E820000128C1D102208DF86400BDE7601CADF85D
:10E8300002002A986946826806A8F6F774FBD0B3EE
:10E840004A461DA906A8F6F796FBA0BBBDF81C001A
:10E85000BDF91810BDF90620401A401C00B20890FE
:10E86000BDF91E301098D21A02FB0500BDF95020E8
:10E87000521B891A0844401E059047B14A461DA9FB
:10E8800006A8F6F7E8FB10B101200F9000E00F9703
:10E890000898002827DDBDF81800ADF80000BDF885
:10E8A0001C00ADF804000220CDF860B08DF86400C3
:10E8B000BDF91E8013E016E0ADF802800F98ADF8A8
:10E8C0000680B0B30598189015A92A9809F04CFE57
:10E8D000059828440590A8F101000FFA80F8BDF9C9
:10E8E0001A104145E8DDBDF84C0009992844ADF8FF
:10E8F0000000BDF85000401BADF80400BDF84E000C
:10E90000ADF80200084400B2ADF80600A04200DBFA
:10E910002046ADF806002A986946826806A8F6F7F0
:10E9200002FBB0B34A461DA906A8F6F724FBA8B11E
:10E930007CE0FFE72A46584605990EF08FFABDF9AC
:10E94000181042465846089B09F09EF88DF864005E
:10E950000128B9D102208DF86400B5E7BDF81C008C
:10E96000BDF81810BDF90220401A401C00B20890F2
:10E97000BDF91A101098891A01FB050005904FB1D6
:10E980004A461DA906A8F6F766FB18B101200F90AC
:10E9900001E04BE00F970898002847DD0F9860B121
:10E9A00000201890BDF81800ADF80000BDF81C005C
:10E9B000ADF80400BDF91A0033E0CDF860B0F1E71E
:10E9C000ADF802800F98ADF8068060B12998FF2855
:10E9D0000598007804D096F8361010FB01F0000A74
:10E9E0008DF86C0013E00598089A017858460EF0EF
:10E9F000D5FABDF9181042465846089B09F044F86C
:10EA00008DF86400012802D102208DF8640015A958
:10EA10002A9809F0A9FD05982844059008F10100FD
:10EA200000B2BDF91E1080464145C9DA96F836009D
:10EA30008DF86C00BDF84C002844ADF80000BDF81E
:10EA40005000BDF85210401BADF80400481B401C9C
:10EA5000ADF8061000B21199ADF80200884200DC52
:10EA6000601CADF802002A986946826806A8F6F78D
:10EA70005AFA78B34A461DA906A8F6F77CFA48BBAD
:10EA8000BDF81C00BDF81810BDF91E20401A401C2E
:10EA900000B20890BDF906101098891A01FB050014
:10EAA00005900898002851DD3FB14A461DA906A8E7
:10EAB000F6F7D1FA0020189001E0CDF860B0BDF86B
:10EAC0001800ADF80000BDF81C00ADF80400BDF959
:10EAD0001E0036E03AE000BFADF80280ADF80680D7
:10EAE0008FB14A461DA906A8F6F7B5FA2998FF285E
:10EAF0000598007804D096F8361010FB01F0000A53
:10EB00008DF86C0013E00598089A017858460EF0CD
:10EB100045FABDF9181042465846089B08F0B4FF64
:10EB20008DF86400012802D102208DF8640015A937
:10EB30002A9809F019FD059828440590A8F10100CC
:10EB400000B2BDF91A1080464145C5DD96F8360081
:10EB50008DF86C00BDF85000ADF80400411BBDF805
:10EB60004E00491C0AB22844ADF8002000B2ADF8AE
:10EB70000200BDF85210119B491B09B2ADF80610F6
:10EB8000984200DB601CADF80200A14200DC214687
:10EB9000ADF806105046524500DC02462A98ADF802
:10EBA00000206946826806A8F6F7BDF9B8B34A4660
:10EBB0004E461DA906A8F6F7DEF980BBBDF81C007D
:10EBC000BDF91810099A401A401C00B2089010981C
:10EBD00002FB0500BDF95020521B891A0844401E53
:10EBE0000590EFB132461DA906A8F6F734FA10B128
:10EBF0004FF0010800E0B8460598189008980028E2
:10EC000036DDBDF81800ADF80000BDF81C00ADF809
:10EC1000040002208DF86400BDF91A6024E027E0AA
:10EC2000B8465846E9E700BFADF80260ADF80660A7
:10EC3000B8F1000F12D15846089A05990EF00EF956
:10EC4000BDF9181032465846089B08F01DFF8DF894
:10EC50006400012802D102208DF8640015A92A98C9
:10EC600009F082FC761C36B2BDF91E00B042DBDA38
:10EC70000022109817E000BF00EB050EAEF1010175
:10EC8000002305EBD57608E090F800C091F80080ED
:10EC900000F8018B01F801C95B1CB3EB660FF3DBD5
:10ECA000521C704612B2AA42E6DBBDF84C0009992C
:10ECB000ADF80000084401B2BDF84E00119B284495
:10ECC00000B2ADF80200BDF85220ADF80410521B9E
:10ECD00012B2ADF80620984200DB601CADF80200CD
:10ECE000A24200DC2246AAF10100ADF806200C90F9
:10ECF000814200DB01462A98ADF80410694682681B
:10ED000006A8F6F710F9A8B34A464E461DA906A86C
:10ED1000F6F731F970BBBDF81C00BDF91810099A5F
:10ED2000401A401C00B20890109802FB0500BDF983
:10ED30000020891A08440590EFB132461DA906A8A3
:10ED4000F6F789F910B14FF0010800E0B8460598D0
:10ED500018900898002835DDBDF81800ADF80000BF
:10ED6000BDF81C00ADF8040002208DF86400BDF968
:10ED70001A6023E026E0B8465846E9E7ADF802609D
:10ED8000ADF80660B8F1000F12D15846089A0599FF
:10ED90000EF064F8BDF9181032465846089B08F08A
:10EDA00073FE8DF86400012802D102208DF8640002
:10EDB00015A92A9809F0D8FB761C36B2BDF91E00B9
:10EDC000B042DBDABDF84C000999ADF80000084408
:10EDD000BDF84E10099AADF80210114400B2ADF81A
:10EDE000040009B2ADF806100C9A00E05AE1904216
:10EDF00001DBAAF10100ADF80400A14200DB2146CD
:10EE00002A98ADF806106946826806A8F6F78BF8CE
:10EE1000C0B34A461DA906A8F6F7ADF890BBBDF8E9
:10EE20001C00BDF91810BDF91A20401A401C00B290
:10EE30000890BDF902301098D21A02FB0500BDF906
:10EE40000020891A01EB000847B14A461DA906A80F
:10EE5000F6F701F910B101200F9000E00F97089824
:10EE6000CDF860B0002822DDBDF81800ADF8000034
:10EE7000BDF81C00ADF8040002208DF86400BDF957
:10EE80001A6010E013E000BFADF802600F98ADF813
:10EE90000660C8B3CDF8608015A92A9809F064FB14
:10EEA000761CA84436B2BDF91E00B042ECDABDF8BB
:10EEB0004C00ADF800000999BDF85220084401B299
:10EEC000501BADF80410401CADF8062000B2119A9A
:10EED000ADF80200904200DC601CADF802000C9816
:10EEE000814201DBAAF101012A98ADF804106946BC
:10EEF000826806A8F6F717F8C8B34A461DA906A8FF
:10EF0000F6F739F8A8B15AE0FFE72A4641465846D5
:10EF10000DF0A4FFBDF9181032465846089B08F0C2
:10EF2000B3FD8DF864000128B6D102208DF864008D
:10EF3000B2E7BDF81C00BDF91810BDF90620401A53
:10EF4000401C0FFA80FABDF91E301098D21A02FB4D
:10EF50000500BDF90020891A0E184FB14A461DA9B7
:10EF600006A8F6F778F818B14FF0010801E026E09E
:10EF7000B846CDF860B0BAF1000F20DDBDF818003A
:10EF8000ADF80000BDF81C00ADF8040002208DF8BB
:10EF90006400BDF91E400EE0ADF80240ADF8064039
:10EFA000B8F1000F2FD0189615A92A9809F0DCFAAD
:10EFB000641E2E4424B2BDF91A00A042ECDDBDF857
:10EFC0004C0069462844ADF80000BDF85000401BD5
:10EFD000ADF80400BDF84E00CDF860B02844ADF89F
:10EFE0000200BDF85200401BADF806002A98826866
:10EFF00006A8F5F798FFE8B34A461DA906A8F5F755
:10F00000BAFFA0B141E02A46314658460DF026FF2E
:10F01000BDF9181053462246584608F035FD8DF8C4
:10F0200064000128C0D102208DF86400BCE7BDF95E
:10F030001C10BDF918000A1A521C15B2002D24DD4F
:10F04000ADF80410ADF80000BDF91A4019E000BF9A
:10F05000ADF80240ADF80640294658460DF0FEFFD7
:10F06000BDF918102B462246584608F00DFD8DF8C4
:10F07000640000E009E015A92A9809F075FA641CFB
:10F0800024B2BDF91E00A042E2DA2FB920A808F090
:10F090001DFD269809F04EF810980DF091FE584687
:10F0A0000DF08EFE2DB0BDE8F08F00002DE9F74F7A
:10F0B000D8B058984A909088B2F90030D488C01AD5
:10F0C000401C01B2508801EBD171201A401C00B2E3
:10F0D0004D1000EBD070B5EB600F00DB45105819F8
:10F0E000ADF8100050882844ADF812002CA808F0A4
:10F0F00006FB4FF4C0242CAA2146589810F05EFE5F
:10F100009DF8B90040F010008DF8B90041A808F052
:10F1100065FA41AA2146589810F000FE06A85999B0
:10F120000FF0F6F8DD480790032008902CA8139400
:10F130000C904A9824301C90F6F7C2FCA8E1179472
:10F14000A189A088691A0FFA81FBBDF81010281A4E
:10F150000A1AADF82C21BDF812200144131AADF89B
:10F1600030111044ADF82E31ADF8320147F6FF767C
:10F17000012332464BA91EA808F030FFBDF810004D
:10F18000BDF81220A0EB0B01ADF8E410A2EB0B01CF
:10F19000ADF8E610ABF101010844ADF8E8005018F5
:10F1A000ADF8EA000123324639A93BA808F016FF62
:10F1B000BDF81010BDF81220481BADF83401501BEB
:10F1C000ADF83601681E0144ADF838111044ADF8B1
:10F1D0003A01002332464DA92FA808F0FFFE002176
:10F1E0002FA808F0AFFA3590608908B1401E01E001
:10F1F0004FF6FF708046002736E100BF618908F1B5
:10F2000001084FF0000A414502D1D0464FF0010AF3
:10F21000A0690090628800213846521E63690DF093
:10F2200037FD81461690BAF1000F04D0A0682690F1
:10F230004990E08903E0206826904990E08800B278
:10F24000389025904A9830301890F6F739FC4EE007
:10F250003079022847D1B168494544DCF2684A4513
:10F2600041DB338A2598184400B22590708AB38A0E
:10F27000984203D1708AADF8980034E0B07D4FF029
:10F280000003C0074FF0FF000090484601D1D4E9C9
:10F2900005120DF0FDFCB18A728AADF8002089B22A
:10F2A0000A0242EA1121BDF80020C0B2130243EA6B
:10F2B0001222001D92B2C30842EA0240784A89B283
:10F2C00041EA014110401140091A594300EB511025
:10F2D000104040EA104080B2010241EA1020ADF82F
:10F2E000000080B2269031461898F6F7E6FB06003B
:10F2F000AED1E08B07EB8701490048436188491E86
:10F3000090FBF1F0B4F92010822D01EB810100EBAC
:10F310004106BDF89800ADF8B0002598ADF8B200F0
:10F32000BDF91020284600DA822028441044ADF8A8
:10F330004401BDF81200ADF8460104AB4FF48072F1
:10F34000314651A812F022FA04A80F9051A810904B
:10F3500041A814970B90BAF1000F61D0359808F0CE
:10F36000E9FE218A04ABABEB0100BDF810104FF4AD
:10F3700080720844ADF86800BDF81200ADF86A006C
:10F3800031461AA812F002FA202241A924A80DF051
:10F3900065FD24A80B904B4642A2102153A813F000
:10F3A00041F953A8119006AA1A2158980AF090FC26
:10F3B000BDF9A2104FF0000941F6FF728DE8060278
:10F3C000BDF9A43052A8249A119915F0A1F9BDF9FC
:10F3D0004801BDF8681000EBD072A1EB6202BDF9E4
:10F3E0004A11BDF86A3001EBD1761044A3EB6603F5
:10F3F000ADF864005818ADF86020ADF86230ADF893
:10F400006600CDF8009018AA119B0B99599807F047
:10F4100045FE00212FA808F095F935903BA808E09B
:10F4200000200B90119006AA1A2158980AF050FC5F
:10F430001EA8002108F086F9064604AB51AA2CA9A3
:10F44000599808F04FF9304608F074FE06AA1621C4
:10F4500058980AF03DFCBDF82401ADF8B00038988A
:10F460007F1CADF8B200BFB26088B8423FF6C6AEAE
:10F470001EA808F02BFB3BA808F028FB2FA808F0DB
:10F4800025FB359808F056FE21461C98F6F715FB2B
:10F4900004007FF454AE5BB0BDE8F08F00DD0208DD
:10F4A0001FF8E007256400002DE9F74FB4B092463D
:10F4B0000546114602F056FB04468068C0F30E076D
:10F4C000012F7DD9000404D4208810B96088002859
:10F4D00076D060687F1EC0F30E40474370D0002195
:10F4E000284610F031F80646002128460FF012FF9A
:10F4F000064428460FF04CF9B5F88410484340F311
:10F500000F2806A808F06AF806AA4FF4C02128467A
:10F5100010F004FC28460FF055FAA98A3144081A65
:10F520000FFA80F92089BAF1020F4FEA004007D0A4
:10F5300000284BDA4FF4C021284610F0ADF846E021
:10F54000002805DA4FF4C02128460FF097FF00E0AD
:10F5500000208346688B401C06B235988068B0F95D
:10F560000610B1422CDB0699B4F90020B0F9020074
:10F57000B1F90810114406EB0B02114481421FDB64
:10F5800028A808F0BCF828AA4FF4C021284610F09B
:10F5900015FC0020ADF8A600ADF8A4000FA8359921
:10F5A0000EF0B6FE8E4810900620119002201D909D
:10F5B0004FF4C0201C9006A8149028A8159000E0D5
:10F5C0000AE1BAF1020F07D0012006E000208346CD
:10F5D000E88A401E06B2D3E70020269095F88800FE
:10F5E00000F00700022819D1002128460FF088FFFB
:10F5F000B5F88410B5F882204843001208EB0001EA
:10F6000091FBF2F109B2081A00EBD07209EB62012A
:10F61000A8EB00000FFA81F90FFA80F8ADF88660C8
:10F620000026D6E060684FF0000AC0F30E40B6FB3B
:10F63000F0F100FB116008B94FF0010ABDF9A2100A
:10F64000A8EB01007043B0FBF7F101EB0900ADF846
:10F650008400ADF80C00BDF98610269848B1BAF1C7
:10F66000000F02D0B4F9000001E0B4F90200081A5A
:10F6700008E0BAF1000F02D0B4F9000001E0B4F9DB
:10F6800002000844ADF80E0021A8189003A81990B4
:10F6900095F8880000F00700032848D06068C0F3A0
:10F6A0000E40B6FBF0F31F93BAF1000F68D020892B
:10F6B000000465D54BA2102130A812F0B3FF06A8B4
:10F6C000149030A81A9010201B900FAA1A212846D7
:10F6D0000AF0FEFABDF92A104FF0000A41F6FF7257
:10F6E0008DE80604BDF92C3025A8069A1A9915F064
:10F6F0000FF8BDF99410BDF80C0001EBD172A0EB2E
:10F70000620100EB620002B209B2BDF80E30269829
:10F71000ADF88C10ADF89020C0B1A3EB0B00BDF894
:10F720009630ADF89200C01AADF88E0017E026981A
:10F730003A4605EB4001B1F978000090B1F9743018
:10F74000002130460DF0A4FA0346ACE703EB0B00B2
:10F75000BDF89630ADF88E001844ADF89200B5F9BA
:10F760001400824215DBB5F91800814211DCCDF896
:10F7700000A023AA06A91A9B359807F08FFC08E081
:10F78000002014901A901B900FAA1A2128460AF004
:10F790009FFABDF9A200BDF9841000EBD07001EB17
:10F7A0006002B5F914108A420DDBBDF90C10A1EB13
:10F7B0006000B5F91810884205DC03AB21AA28A91E
:10F7C000359807F08FFF0FAA1B2128460AF080FA10
:10F7D000761CBE427FF626AF37B0BDE8F08F000042
:10F7E000C8D70208256400002DE9F74FB8B090464D
:10F7F0000446114602F0B6F905468068010404D4B7
:10F80000298811B9698800296FD0C0F30E06012E2E
:10F810006BD96868761EC0F30E40464365D05FEA38
:10F82000080000D001201D90002120460FF072FD3D
:10F830008146002120460FF02FFF074620460EF09C
:10F840008DFFB4F88610484340F30F202D902046DA
:10F850000FF084F9024607EB0900E38A4FF4C02752
:10F860001844801A00B23290B8F1000F3946204691
:10F870000DD00FF0B7FE2190B4F91800B5F900A033
:10F88000B5F902908346B8F1010F06D00DE00FF0F4
:10F890005BFE2190B4F91400F0E7CAF100000FFA02
:10F8A00080FAC9F100000FFA80F919A807F027FFC4
:10F8B00019AA3946204610F081FA23A807F08EFED7
:10F8C00023AA3946204610F029FA03A839990EF0E8
:10F8D0001FFD724804900620059019A8CDE9107804
:10F8E000099023A808900027D2E0D4E0BDF9661063
:10F8F0002D98401A7843B0FBF6F13298B8F1000F1A
:10F900000844ADF85600ADF85E005846ADF854B066
:10F9100069D0401CADF85400002002906868C0F324
:10F920000E40B7FBF0F100FB1170002874D0BDF859
:10F930005410A1EB090000BFADF85C0015A80C90B5
:10F9400017A81D990D9004EB41003246B0F97010D4
:10F950000091B0F96C30F01B00210DF099F90346CD
:10F9600013900298F0B32889000468D54CA21021A6
:10F9700033A812F057FE23A8089033A80E90102049
:10F980000F9003AA1A2120460AF0A2F9BDF99E00A1
:10F99000002241F6FF718DE80700BDF9A0302BA8C9
:10F9A000239A0E9914F0B4FEBDF9AE10BDF85E00B6
:10F9B00001EBD171A0EB610200EB61001D9912B265
:10F9C000002900B2BDF85C10ADF87E20ADF88200D1
:10F9D00029D0219B0B44ADF87C30BDF8AC300B44F2
:10F9E000219901E02BE015E001EB0301ADF8801057
:10F9F000B4F9161088422BDBB4F91A00824227DCD6
:10FA0000002000901FAA23A90E9B399807F046FBFF
:10FA10001EE001E0401E7DE70120BDF85410029079
:10FA2000A1EB0A0088E7BDF8AC30A1EB030C219BE9
:10FA3000ACEB0303ADF87C30219BC91AD6E700205C
:10FA400008900E900F9003AA1A2120460AF040F960
:10FA5000BDF96600BDF9561000EBD07001EB6002F5
:10FA6000B4F916108A420DDBBDF95E10A1EB6001FE
:10FA7000B4F91A00814205DC17AB15AA19A9399807
:10FA800007F030FE03AA1B2120460AF021F97F1C53
:10FA9000B7427FF62BAF3BB0BDE8F08FC8D7020866
:10FAA000256400002DE9FF5F0C4693468046202127
:10FAB000DDF838A010F04EF8002878D0BAF1030F26
:10FAC00040461DD00FF043F881460BF0ABFC0027F9
:10FAD00005463E46BAF1030F3946404613D00FF0B3
:10FAE000C9FD8246002140460FF0B6FC4946B9F1F7
:10FAF000010F5DD0022963D0B9F1030F66D13BE05D
:10FB00000FF01EF8E0E70FF00DFD824600214046A1
:10FB10000FF056FD4946B9F1010F1ED0022924D03D
:10FB2000B9F1030F52D1B8F81820B8F81410521ACE
:10FB3000521C13B2A3EB0A02101A00EBD0720AEBAC
:10FB40006200084407B2298BA88A091A491C09B225
:10FB500001EBD17100EB610027E0B8F81410B5F9A2
:10FB6000146001EB0A0007B230E0B8F81810B5F9DC
:10FB70001860081A07B229E0B8F81A20B8F8161069
:10FB8000521A521C13B2A3EB0A02101A00EBD072E5
:10FB90000AEB6200084407B2688BE98A401A401CED
:10FBA00000B200EBD07001EB600006B20EE02FE077
:10FBB000B8F81610B5F9166001EB0A0007B205E0B7
:10FBC000B8F81A10B5F91A60081A07B2A01E0399FE
:10FBD00000B2002910DAB9F1000F15D0BE4221DCC5
:10FBE00012E0002C01DDA41C24B2E01704EB90709D
:10FBF000801004B0BDE8F09FBBF1000F12DAB9F13C
:10FC0000000F01D0BE420DDB002CEADA0446E8E723
:10FC10000398E04202D50398404204B2BBEB0400D3
:10FC200000D55C462046E4E770B504460BF0EAFBDD
:10FC300048B1006882680AB1217A9047207E810726
:10FC400042D4C0077BD1002160680EF0DFFD0025A3
:10FC500018E0017A0A0610D5802904D0227A21F012
:10FC60008001914209D14168E160016820468847DE
:10FC7000207E810728D4C00761D16D1C29466068A9
:10FC80000EF0C4FD18B101680029F6D0E1E7214665
:10FC900000200EF0E9FC050053D0002160680EF052
:10FCA000B5FD002619E0016891B1017A0A060FD46A
:10FCB00011B1227A91420BD14168E160016820467E
:10FCC0008847207E810701D5012070BDC00736D14D
:10FCD000761C314660680EF099FD10B1012DE2D01E
:10FCE0002FE0012D2DD16068416851B3217E490775
:10FCF00027D4217A232919D0242917D0A9030FF05A
:10FD000029FFF0B1207A11381C280FD2DFE800F06B
:10FD100019191919191919191919190E0E190E0E7F
:10FD2000191919190E0E0E0E19190E19606840686E
:10FD300060602046FFF778FF0546012801D00020CB
:10FD400070BD284670BDF0B5DDE9054539B3060A3A
:10FD5000B70702D51F462B463D46770702D52746F3
:10FD60002C463D4616F0060F4FEAC6771BD017B15A
:10FD70001F4623463C462270CC43E4B212FB04F4F7
:10FD8000240A2C70C0B2F40710D011FB00F06FEA07
:10FD90001020C0B212FB00F0000A1870F0BD2A70EB
:10FDA00022701A70F0BD002FE2D0E4E720B140428B
:10FDB000C0B210FB01F0EAE70802E8E72DE9FF4FC7
:10FDC0008A880B8889B0D21A521C17B2CA8849880F
:10FDD0000446511ADDE916B8491C19980FFA81F941
:10FDE000012813D0022813D0032843D1434E00BF6B
:10FDF0005FEA08000ED0002006902088ADF81400BD
:10FE000098F80000FD2838D35A4639E03C4EEFE719
:10FE10003C4EEDE72088ADF80000ADF808005A46EA
:10FE200000990C98B0470590002020E0002517E0CD
:10FE3000BDF8080034F8151088420BD004EB4500DB
:10FE40005A460088ADF81400ADF8080005990C98E2
:10FE5000B047059004EB4500BDF8141001806D1CFF
:10FE6000BD42E5DB0B9804EB400408F1010080463D
:10FE70004845DBDB0DB0BDE8F08F00FB0BF0020A5C
:10FE800005990C98B0470890002033E0002528E041
:10FE900018F8050020B30699884205D1BDF8141062
:10FEA00034F81520914216D0FD2801D35A4602E0BD
:10FEB00000FB0BF0020A04EB45000088ADF81800C7
:10FEC00006990C98B047089018F80500069034F889
:10FED0001500ADF8140004EB4500BDF820100180BA
:10FEE0006D1CBD42D4DB0B98189904EB4004884488
:10FEF0000AF1010082464845C8DBBBE71B8A0008BF
:10FF0000938900089F8A00082DE9FF4F04468888DE
:10FF10000A8883B0801A401C05B2C8884988DDE988
:10FF200010A6401A401C0FFA80F976B1BDF81800EF
:10FF3000BAF1FD0F00EB004000907CD3A5F104085E
:10FF40004FF0000BBDF818A049E1BAF1FD0F0FD337
:10FF5000002608E02A462046069905F0E1FF0598AC
:10FF6000761C04EB40044E45F4DB07B0BDE8F08F8F
:10FF7000BDF80010002060F3020189B260F3C701F0
:10FF800089B260F30C2189B260F34F31ADF80010F3
:10FF900088B20090BDF800000090014652460698D5
:10FFA00006F012F901900AF104000699C008C00693
:10FFB00089B2000EC1F3C40212FB00F262F30F0615
:10FFC0004A07920E02EB513212FB00F262F31F4617
:10FFD000C1F3042111FB00F161F30F07BA46C0F130
:10FFE000FF0200235AE0002052E000BFBDF800707D
:10FFF00034F810108F4245D004EB40010988ADF869
:020000040801F1
:100000000810BDF80870ADF80010B1B2C7F3C40C09
:100010001CFB021101EBC11C0CEBC131C1F3C45C30
:10002000BDF804106CF3C7014FEA477C4FEA9C6CA3
:100030000CEB573C00E0D9E04FEA16481CFB028C61
:100040000CEBCC1808EBCC384FEA986868F3020147
:100050000CEBCC1808EBCC3CCCF3C25C6CF34F310E
:100060001FFA8AFCC7F3042717FB02C707EBC71C5C
:100070000CEBC737C7F3C45767F30C21ADF8041076
:1000800089B2019104EB4007BDF804103980401C8F
:10009000A842ABDB05985B1C04EB40044B45A2DB9C
:1000A00063E7002710E03278FF2A12D02088ADF8ED
:1000B00004000199069806F087F80190BDF8040045
:1000C0002080A41C761C7F1CAF425DDAB007EAD109
:1000D0005AE0A4F800A0F4E73068411C43D0E8B32C
:1000E0003278FF2A53D02088ADF804000199069891
:1000F00006F06AF80190BDF80400208016F8012F80
:10010000A41CFF2A46D02088ADF804000199069867
:1001100006F05AF80190BDF80400208016F8012F6F
:10012000A41CFF2A39D02088ADF804000199069854
:1001300006F04AF80190BDF80400208016F8012F5F
:10014000A41CFF2A2CD02088ADF804000199069841
:1001500006F03AF80190BDF8040000E011E02080BC
:10016000A41C761C0FE0A00707D0A4F800A0022072
:1001700000990151A4F806A003E0009820600098BF
:1001800060600834361D3F1D4745A5DD1CE0A4F81E
:1001900000A0B3E7A4F800A0C0E7A4F800A0CDE752
:1001A000A4F800A0DCE73278FF2A1CD02088ADF844
:1001B00004000199069806F007F80190BDF80400C4
:1001C0002080A41C761C7F1CAF42ECDB05980BF151
:1001D000010B401B04EB40041298401B0644CB4526
:1001E000FFF65FAFC1E6A4F800A0EAE7002221888D
:1001F000ADF800109346104633E0002727E0307832
:1002000018B3904205D0FF282FD000FB0AF31B0A39
:100210009B46904203D134F81700814210D0BBF1C5
:10022000FF0F24D004EB47005A460088ADF80000C9
:100230000099069805F0C8FF0090327834F817103E
:1002400004EB4700BDF800300380761C7F1CAF42F2
:10025000D5DB059804EB40041298401B064408F1D6
:10026000010080464845C8DB7FE65346D0E7069844
:10027000E2E700002DE9FF4F83B00C46DDF8448033
:10028000F5F7CAFEBDF818A08146B8F1000F0CD0F2
:10029000A0882188401A401C07B2E0886188401A73
:1002A000401C0FFA80FB002641E0B4F9026017E021
:1002B000B4F900500FFA86F80DE010980290ADF8EE
:1002C00004A0CDF80080D9F800002BB2059AC769C8
:1002D0000399B8476D1CB4F90400A842EDDA761C06
:1002E000B4F90600B042E3DA07B0BDE8F08F0025AC
:1002F00018E000BF18F8050098B11099ADF804A0F7
:100300004843000A029060880399304400B200908C
:100310002088059A284403B2D9F80000D0F81CC000
:10032000E0476D1CBD42E5DB1298761C80445E45BB
:10033000DDDBD9E700680968884201D101207047F8
:100340000020704740680A6820F04040904200D288
:100350000860002070472DE9F04F4FF0000991B080
:100360000446CB460BF04EF80068CA46007E029069
:10037000D4F82480CDF81CA0208BA18A08442083C7
:10038000608BE18A08446083DDE000274FF48075CC
:1003900046460A970FE0002130460FF091FA3844A4
:1003A00007B2002130460FF0A9FA45432D1230461E
:1003B0000EF082FA0646002EEDD1A069019017B921
:1003C000B5F5807F09D0784201B24FF4803090FBC0
:1003D000F5F20AAB01A811F0D9F9BDF90410002912
:1003E00000DC4942BDF90600002800DC40428142A1
:1003F0004FF0010001DD824600E0079010214046E9
:100400000FF0A8FB00287ED0079D57462E46404699
:10041000CDF800A00EF0AEFAC10700D10027810789
:1004200001D400210091410700D40025000700D429
:10043000002640460EF092FB0F9040460EF048FA20
:100440000E9040460EF0BEFA0D9040460EF01AFB9C
:100450000F99002902DC0E9900290FDD25B1BDF9A5
:10046000062002998A4206DA46B10299BDF90620B1
:1004700049428A4202DCC1464FF00C0B0D9900291B
:1004800001DC002810DD27B1BDF9042002998A4261
:1004900007DA009941B10299BDF9042049428A4224
:1004A00002DCC1464FF0030B0F99002900DC002548
:1004B0000E99002900DC00260D99002900DC002798
:1004C000002801DC0020009027B1BDF9041002983B
:1004D000814214DA009828B10298BDF90410404214
:1004E00081420CDD25B1BDF906100298814206DA81
:1004F0004EB10298BDF90610404281420EDCBAF1BD
:10050000000F03D000E009E0032100E00C2194F883
:10051000400061F3030084F8400018E04FF480715C
:1005200040460FF017FB3AEA000010D14FF400717B
:1005300040460FF00FFB01460798884307D140461D
:100540000EF0BAF98046B8F1000F7FF41EAFB9F192
:10055000000F0AD094F8401000206BF3030184F8D8
:100560004010C4F82C902083608311B04846BDE849
:10057000F08F00002DE9FF4F83B08B4682460EF0CE
:10058000DFFA060012D041F6FF78444600215046BB
:100590000EF0C8FF0090002150460FF011F80190B6
:1005A00050460EF089F8074600255FE0002007B0AE
:1005B000BDE8F08FDAF808003149006850F82500EE
:1005C00081460FF0CEFAE8BB4FF4805148460FF059
:1005D000C1FAB8B3012E04D0022E08D0032E44D1A4
:1005E0001AE0B9F91400BAF81420009932E0BAF808
:1005F00018200199B9F91800511A069A09B2104445
:1006000000B2584531DB059A90422EDC401A00B208
:10061000002821DD014620E0B9F81820B9F81410AF
:10062000BAF81830501A401C00B200EBD070BAF87B
:10063000142001EB6000991A491C0BB2009900B21A
:100640005B1A00E011E00199591A01EBD17300998E
:1006500001EB63011144D0E74142002C01DD224649
:1006600000E06242914200DA04466D1CBD42A1D313
:10067000444501D1002000E0604200B297E700004D
:10068000010004002DE9FF4F83B08B4682460EF037
:100690005EFA060012D041F6FF784446002150462B
:1006A0000EF0E8FF0090002150460EF0D5FE0190BC
:1006B00050460EF001F8074600255FE0002007B025
:1006C000BDE8F08FDAF808003149006850F82500DD
:1006D00081460FF046FAE8BB4FF4805148460FF0D0
:1006E00039FAB8B3012E04D0022E08D0032E44D11B
:1006F0001AE0B9F91600BAF81620009932E0BAF8F3
:100700001A200199B9F91A00511A069A09B210442F
:1007100000B2584531DB059A90422EDC401A00B2F7
:10072000002821DD014620E0B9F81A20B9F816109A
:10073000BAF81A30501A401C00B200EBD070BAF868
:10074000162001EB6000991A491C0BB2009900B207
:100750005B1A00E011E00199591A01EBD17300997D
:1007600001EB63011144D0E74142002C01DD224638
:1007700000E06242914200DA04466D1CBD42A1D302
:10078000444501D1002000E0604200B297E700003C
:10079000010004002DE9FF4F83B00E46DDE910B4DF
:1007A0001746002103980FF0B5F80546002103987D
:1007B0000EF0E0FD0146F07882070BD5C30742F248
:1007C000D17202D0954202D006E0914206D120F0CB
:1007D0000200F070C00701D07B4800E07B488146F2
:1007E000F078C00712D079484FF0000AA4F802A0B0
:1007F000A4F804A0C4F810A0A4F800A0C4F808A0AD
:10080000C4F80CA0804639460197A9E06E48EBE792
:100810000198B84206D04FF4000128460FF09AF92B
:1008200000286FD16A4928460FF09BF900286AD149
:10083000002128460EF08EFD029070B32069401C06
:100840002061A28802EB0B01A180217DC9076DD038
:1008500000EB800080000CF067FA0090E0B1E168E6
:1008600051B12069401E00EB8000820000980CF01E
:10087000F5FAE0680CF0A4FA206900EB800100981A
:1008800000EB81004FF0000140F8145CF078C007E5
:10089000284603D0022202E0FEE735E005220EF0F2
:1008A0003DFF216900B201EB8102009901EB820159
:1008B00021F8100CF0784FF00001C007284601D055
:1008C000032200E006220EF029FF216900B201EBAD
:1008D0008102009901EB820121F80E0C2069029936
:1008E00000EB8002009800EB820040F8081C2069B1
:1008F00000EB8002009800EB820040F804AC009806
:10090000E06013E032E020E028464946884701468F
:10091000F078800705D5B4F90400421806988242A1
:1009200024DCA28801EB0B001044A080284641463D
:1009300088470146B4F90000814202DD284641465D
:1009400088472080A068401CA060F078400702D54E
:100950004FF0FF3000E0012001994118019105D4CA
:1009600003980DF097FE051E7FF452AFB4F9040012
:10097000002802DDA0EB0B00A080206908B10698DA
:1009800001E0B4F904006080CDB10198B84216D1FD
:10099000039901AA8968096851F82050F078C0F3DA
:1009A0008001039800F0B2FE4DB1284641468847C9
:1009B000208028464946884760800120A060019831
:1009C00007B0BDE8F08F0000C3FA010837E801085E
:1009D000010006002DE9F04FB14D93B0044600210F
:1009E0006A880EF09BFE9DF81710421C62F300010E
:1009F000820862F34101C00860F382018DF817108C
:100A000020460021AA880EF089FE8DF814002046A9
:100A10000021EA880EF082FE8DF8150020460021A4
:100A20002A890EF07BFE8DF81600002120460EF07C
:100A300026FC012800D0002081469DF817004FF0C9
:100A40000001C00720460CD00EF002FE82469DF841
:100A500017004FF00001C007204605D00EF044FDFE
:100A600004E00EF041FDF1E70EF0F2FD07909DF875
:100A70001700C007204602D00DF08AFE01E00DF0FD
:100A80006DFE06902046002132220EF047FE0546FC
:100A90002046002110220EF041FEE18A284446182B
:100AA00020460EF069F8301AADF8200020460021EB
:100AB00012220EF033FEA18A2844451820460EF07B
:100AC00054F8281AADF840009DF817009DF81660FC
:100AD000C00701D008AD00E010AD002120460EF0A7
:100AE00019FF1190002120460EF044FC83469DF82A
:100AF0001700C10708D0ABF51C52D13A02D1618C66
:100B0000490509D5C10708D1119AA2F51C51D1395F
:100B100003D1618C090500D40026B9F1000F08D07B
:100B2000C00706D116B1012E02D002E0012600E076
:100B300000260027ADF83C70B8468EB39DF817002C
:100B4000400703D5A0684268521E15E0002213E05A
:100B500000200E9009A90798CDE9000105A92046BB
:100B6000069BFFF717FE0246BDF8241007EB0A00AC
:100B7000084407B208F10108A0684068904201DD0E
:100B8000002AE5DAB8F1000F02D0A7EB0A0007B29D
:100B90009DF81700C007204603D00DF0DFFD02E0EE
:100BA0000BE00DF0F5FD0FA9CDE9005101460FFA5C
:100BB00088F33A46304614F0F7FF9DF817004107D6
:100BC00003D5A1684E68761E00E00026B9F1000F3B
:100BD00004D0C00702D128883844288009AFA06813
:100BE0004068B04249DD002E47DB01200E90079897
:100BF000CDE90007324605A92046069BFFF7CAFD4E
:100C00008046B9F1000F08D09DF81700C00704D145
:100C10002888BDF82410401A2880DDE90601BDF9B6
:100C2000202002AB019283E88300BDF940000090D0
:100C30004346324605A92046F7F748FB46460C983E
:100C40000CF0BEF800200C90B9F1000F03D09DF815
:100C50001700C0070AD02888BDF82410BDF83C2032
:100C6000014402EB0A0008442880B8E7BDF83C20A4
:100C7000298802EB0A00081AF6E7119942F2D170AE
:100C8000814201D0834502D120460FF093FD00221E
:100C90002B21204609F01CF813B0BDE8F08F0000AE
:100CA000A00000202DE9F74F0546007F93464FF046
:100CB000000AC00760D14FF00108EC680026C14669
:100CC0007CB9287FC0F3C000401E304254D1B9F136
:100CD000000F51D00199284688474FF0000804467C
:100CE000C1460EB9261E47D0B8F1000F06D02146E6
:100CF00028465A4690470446B0423DD04FF001087E
:100D0000002CDED020680EF089FA0006D8D42768BF
:100D10001FE0012138460EF01DFFB0B12FB10121B7
:100D200038460EF017FF0028CAD1E868A04223D049
:100D3000B0B1284600F014FB0246E8680F210068B5
:100D400008F0C6FF012817D106E038460DF0B4FDC3
:100D50000746002FDDD1E8E7E86800680FF0E8F902
:100D60002846EC6000F0FCFA0246E8680E210068B4
:100D700008F0AEFF012802D05046BDE8FE8FE868BB
:100D800000680FF0D5F9296909B128468847012084
:100D9000F3E738B504468DF8000069460320ABBE82
:100DA000204638BD10B5002821D0114B0022001F6D
:100DB000196803E0814203D80A4649680029F9D13D
:100DC00052B11368841A9C4204D100681844106020
:100DD000104602E0506000E0186039B102680B1A5A
:100DE000934203D10B681A4402604968416010BD08
:100DF000FC02002070B5426B818C12F0060F06D009
:100E0000C2F34102022A04D0012A05D022E0008D5B
:100E100000E0C08C08441CE0B0F92C50468DAAB20A
:100E2000B24202D202F5B47215B2B0F92830C48CC5
:100E30009AB2A24202D202F5B47003B2701900EB6A
:100E4000D0704010844201DA601802E0834203DD72
:100E5000501881B208B270BD0844FAE72DE9F34F8B
:100E60008FB0054669460DF0ADFC28460EF029FE10
:100E70000B9028460DF0DFFC0A90002128460EF06A
:100E80007BFB0790002128460EF0C4FB074600219B
:100E900028460EF019FC0446002128460EF006FBF9
:100EA0008346002128460EF0DFFB06460021284637
:100EB0000EF02CFB06F0010106EBD67201EB62018D
:100EC00000F0010200EBD07002EB6000491C401CF6
:100ED00009B200B20D2900DB0D218A460D2800DB86
:100EE0000D2081460D2F00DB0D27B8460D2C00DBB1
:100EF0000D2426465846BBF10D0F01DA074600E0E7
:100F00000D2700246BE0A86A00EBC40108A803F0D9
:100F10001CFBBDF920000799884213DCBDF90020B5
:100F20000D2900DB0D21511A00EB0100ADF8200066
:100F3000BDF92200B04233DCBDF902100D2E07DAF4
:100F4000324606E0BDF80020A2EB09010844EDE7B7
:100F50000D22891A00EB01000B99ADF82200BDF9B2
:100F60002400A1EB0801891E424688421EDBBDF920
:100F70000010B8F10D0F0144104600DB0D200844AD
:100F80000A99ADF82400BDF92600C91B891E8842C4
:100F90001DDBBDF902100D2F08440DDA39460CE0B7
:100FA000BDF80220A2EB0A010844D5E7BDF8001005
:100FB000014401EB0900E3E70D210844ADF82600E8
:100FC000002208A81099F4F796F858B905E0BDF882
:100FD0000210014401EB0A00F0E7641CA4B2288E61
:100FE000A04290D8288EA04201D14FF6FF7411B0D4
:100FF0002046BDE8F08F10F00F0000D101207047AF
:10100000B0F90C00032101EB400020F00300103088
:1010100070472DE9F0474FF0000805461C4616467C
:101020000F46A3F80080404606E0296B228831F87D
:101030001010401C11442180B042F6D300212846F4
:101040000EF035F90128284615D00DF08EFD2188C7
:10105000081A2080002128460EF0A6FA21880844AC
:101060002080296B31F816100844401EA080A4F897
:10107000028000201FE00DF078FD218808442080C8
:1010800028460EF01EFD8146002128460EF0DAFAB1
:1010900022880146A9EB0200401AA080296B31F892
:1010A0001610401A2080E2E7E96A628831F81010D1
:1010B000401C11446180B842F6D3002128460EF04E
:1010C00021FB61880844608028460DF055FD618849
:1010D000081A6080E96A31F817100844401EE08061
:1010E000BDE8F0872DE9F05F8946934682460021EE
:1010F0000EF036FA0546002150460EF07FFA804683
:10110000002150460EF0D4FA0446002150460EF05D
:10111000C1F9064650460EF0D4FC411BA1EB08076E
:1011200050460DF088FB001B801B8742504605DAB5
:101130000EF0C7FC411BA1EB080003E00DF07BFBA8
:10114000001B801B00EBD07040F34F00BAF8141066
:1011500042191144A9F80010BAF8161002191144E6
:10116000A9F80210BBF1000F01D0ABF80000BDE8F8
:10117000F09F0000024A002152880EF0CFBA000012
:10118000AC000020034A10B5002152890EF0C6FAC7
:10119000C0B210BDAC000020034A10B500219289F6
:1011A0000EF0BCFAC0B210BDAC000020032901D281
:1011B000012300E00023C01A03EB430301EB83018A
:1011C000891EC1EB41110C23B1FBF3F111446422E0
:1011D000B0FBF2F2014401EB9001891A4FF4C8729E
:1011E000B0FBF2F008440721B0FBF1F201FB120062
:1011F000C0B270472DE9FC470F0023D00469626933
:101200002AB11068B84202D15068BDE8FC87608AF4
:1012100000214FF0040CC0F308030CE0A66801EBBA
:10122000810556F825000CEB8505755B381A85425B
:101230000AD2491C89B28B42F0D81AB11760616991
:10124000002048600020E0E701EB81051221A26840
:1012500001EB85010026515C4FF0060802290BD0F6
:101260004FF00C0A61B1DFF8ACC01022082303294B
:101270000FD0012927D045E008EB8501515A40E005
:101280000AEB850108EB85035158D25A085C161801
:1012900038E0ADF80400CDF800C0A06802EB85018D
:1012A00003EB8509425A50F80910022301A8F5F70B
:1012B00007F838B3A16851F80920801A08EB8502B5
:1012C0004010895A1DE0ADF80400CDF800C0A068B8
:1012D00002EB850103EB8509425A50F809100223FD
:1012E00001A8F4F7EDFF68B1A16808EB850351F898
:1012F0000920801A0AEB850240108A58C95A32F830
:1013000010000E18606910B10760606946603046D1
:101310007BE7000051A602082DE9F0410D46044686
:1013200000F01EF9071E19D0F88A00212D1A384640
:101330000EF081FA0689002138460EF0A3FA00EB80
:10134000D07105EB6101304409B200B291FBF0F0BD
:10135000A18E80B2814201D8491E88B2BDE8F081D9
:101360002DE9F041002607463546304610E000BF23
:101370000AF089F8616DB94209D1022802D0042827
:1013800003D003E02046BDE8F081264625462046EE
:101390000AF03EF80400EBD10EB13046F3E70DB190
:1013A0002846F0E7BDE8F04100200AF031B800001F
:1013B0007CB50369006900255B8AC4689E04A36844
:1013C0002BD4980F17D00120B0EB937F31D101EBD4
:1013D00002402668019018480090A068042320F07D
:1013E0004042314601A8F4F76BFF10B3801B801018
:1013F00061680D561DE001EB02202668ADF804007F
:101400000E4823F0404200900223314601A8F4F731
:1014100057FF70B1801B4010EAE76068405C995C40
:1014200038B131B1637B2268401E10FB0320491E96
:10143000455628467CBD0000BB320108CF3201086A
:101440002DE9F84F0C460646002120460DF0FFFE20
:1014500000EBD07045084FF44037394620460EF077
:1014600079F88246394620460EF0C2F80090394697
:1014700020460EF017F98346394620460EF004F850
:101480000146A08A228D0244531BA3EB0A0060F39D
:101490000F08E08A638D034400985C1B201A60F3F8
:1014A0001F4805EB0B00104460F30F09681818443F
:1014B00060F31F49C6F80080C6F80490BDE8F88FB5
:1014C0002DE9FF4F81B00E461D4617464FF40031FF
:1014D00001980DF0C2FE00EBD07044103F1B019844
:1014E000FFF788FC81465A3000B213F04DF810FB2C
:1014F00007F04FEAE038484613F046F810FB07F0D3
:10150000C7134FF44039494601980EF029F8834635
:10151000494601980EF072F80090494601980EF085
:10152000C7F88246494601980DF0B4FF328820443E
:101530004244A2EB0B01091B2980328800994244E6
:1015400021441144A9807188CA19A2EB0A01091B20
:101550006980718839440844E88005B0BDE8F08F9F
:10156000406A002802D000210DF094B87047002195
:101570000DF090B82DE9F04105460F46698C00202A
:101580000426C1F30513EA680FE000BF06EBC004B0
:1015900014595FEAC41C07D524F07F44BC4203D130
:1015A00052F83000BDE8F081401C8342EED84FF085
:1015B000806000EBB1204FEAB0506884C0F30510A2
:1015C000C10010460BF032FCE860C0B3688CC0F379
:1015D0000514641E16D06FF003025300E86802EB96
:1015E000C40141585FEAC11C0CD489010AD403EB41
:1015F000C40C00EBC4018444641EDCE9000CC1E9A6
:10160000000CEBD1E868082100EBC4000BF0F8FCFB
:1016100008200BF05BFBE96841F8340011F0B1FAE7
:10162000EA6806EBC400115841F080711150EA6875
:1016300067F317011150E86850F83400B2E7FFE78C
:10164000FEE700002DE9FC410068C068C068B0FBFF
:10165000F1F4944200DD1446154F78680068806903
:1016600020B30020ADF80000ADF80400ADF8020092
:1016700025B2681E06B2ADF8066078686946006853
:1016800082699047BDF80600BDF80210401A401C60
:1016900000B2A04202DD351EEBDC01E0002D02DCD1
:1016A0000020BDE8FC81BDF90640641C2046F8E737
:1016B00084000020491E01D5401E0C310C2901DB9D
:1016C000401C0C3901290DD0072091FBF0F200FBE2
:1016D000121000EBD07121F00101401AC0F11F007F
:1016E000C0B2704781070CD16421B0FBF1F201FB5D
:1016F000120149B94FF4C871B0FBF1F201FB1200BD
:1017000010B100201C30EBE70120FBE7136821B18A
:101710005B1E13600BD4806805E05B1C136080685F
:1017200041688B4203DA006850F8230070470020BC
:1017300070472DE9F84315460E46044609F062FE4F
:1017400009F0A1FE01280AD0032808D04FF6FF7047
:1017500005B1288006B130800020BDE8F88309F08B
:1017600051FE694609F064FE4FF0000875B320464B
:101770000DF0FBF9BDF80010084407B20021204627
:101780000DF095FD01280CD0A08A00213F1A2046BB
:101790000DF00AFF381A02B240460021A5F8008079
:1017A00010E0002120460DF04DFF218B081AC01BD0
:1017B000F1E7236B33F81030194409B28A4205DB94
:1017C000401C2880A38C80B29842F2D3FEB1204600
:1017D0000DF0D2F9BDF802100844E18A451A002143
:1017E00020460DF08FFF281A02B240460021A6F8CD
:1017F000008008E0E36A33F81030194409B28A42E5
:1018000005DB401C3080E38C80B29842F2D301208B
:10181000A3E72DE9FF4F83B005461F460598F4F76F
:1018200002FC014601208840B5F8209000F0FF0836
:101830006FEA090080B2019095F822004FF0FF3660
:10184000C0F3C00A00244FF0040B1FE0E96801EB6D
:10185000C4004268920140D5BAF1000F15D10BEBDC
:10186000C4028958049AC1F30741090491420CD17A
:101870000068817911EA080F07D06A46059911F0CE
:10188000DBF8012830D0022831D0641C688CC0F30A
:101890000510A042DAD820E0E96851F834008279D6
:1018A00012EA080F18D00BEBC4028A58C2F30741A2
:1018B0001FFA82FA049A090491420DD1019A1AEA98
:1018C000020F09D1B24507DD6A46059911F0B4F857
:1018D00001280FD002280AD0641C688CC0F30510C0
:1018E000A042D9D8002E0EDB00983860012007B046
:1018F000BDE8F08F5046CA45F6D05645ECDA0646AC
:1019000000983860E8E70020F1E72DE9F0478146CC
:1019100042F30006C0F15A001D460F46540800B2BB
:10192000761C12F031FEA7EB040800FB08F0C7118B
:10193000484612F029FE00FB08F0C011002F06DD1A
:101940007F3F39120A1B32442A80214405E07F3749
:1019500039120A1B21442A80891BA980002806DD30
:101960007F380012011B31446980204405E07F303C
:101970000012011B20446980801BE880BDE8F087CD
:10198000024A0021D2880DF0C9BE0000AC00002040
:101990002DE9FF4F85B0074607980389DDE9150259
:1019A0001044049018440FFA80FAB88C484384B26B
:1019B000A146002559E0BB6A53F8241071B33A6B75
:1019C0000026964632F915B04FF0020C401E12E088
:1019D000A21953F822208AB11278D2070ED005EB53
:1019E00006080CEB48083EF80880761C08EB0B0252
:1019F0000FFA82FBB6B272198242E9DB08788007DF
:101A00000DD507981599B0F90800014416980844B7
:101A10005146504500DC08460FFA80FA21E0DDE926
:101A200013010144ABEB010000B21299CDE90010A3
:101A300000220292B86A50F82410DDE9072303A8B7
:101A4000083112F065FEBDF90E10049808445146A5
:101A5000504500DC08460FFA80FAA01984B2A81994
:101A600085B2641C6D1CA4B2ADB2B88C00EB090148
:101A7000A142A0D809B05046BDE8F08F034A10B586
:101A80000021128A0DF04AFEC0B210BDAC00002049
:101A9000034A10B50021528A0DF040FEC0B210BDBD
:101AA000AC0000202DE9FC410C46064600210DF05B
:101AB000C8FE05464FF4802130460DF0C2FEB5F950
:101AC0000870B0F90850002130460DF0E7FEE91922
:101AD00001EBD17100EB610005B230460CF0ABFEBA
:101AE000F18A00EBD07001EB600005EBD571A0EB43
:101AF000610060802844E080694630460CF062FE58
:101B0000BDF800002080BDF80400A080BDE8FC8185
:101B10002DE9FF410646FFF72AFD040020D04FF4CF
:101B20008027394630460DF08CFE05463046582257
:101B300039460DF0F3FD06B220460AF02CFA0146B4
:101B4000002041F6FF72CDE90002029033462A469A
:101B500003A812F0DDFDBDF90C0004B0BDE8F08172
:101B60000020FAE739B1012909D0022905D004295A
:101B700007D0002070473C307047483070475430E1
:101B800070476030704700002DE9F04104460D4673
:101B9000668C00200423C6F30511E2680BE000BF49
:101BA00003EBC007D7595FEA871C03D527F07F47AF
:101BB000AF4202D0401C8142F2D8814203D002EBF6
:101BC000C000BDE8F0814FF0806000EBB6204FEA26
:101BD000B0506084C0F30510C10010460BF026F928
:101BE000E060608CC0F30510401E0DD06FF007025E
:101BF000E16802EBC00601EBC0030E44401ED6E9CB
:101C00000016C3E90016F3D10821E0680BF0F8F9DB
:101C100008200BF05BF8E168086010F0B2FFE168A3
:101C2000486840F000704860E16865F3170048605C
:101C3000E068C6E738B50C480D46144690F8200019
:101C40004FF00201C0074FF0120002D00FF054FD18
:101C500001E00FF069FD2246294604F001FB0090E7
:101C6000BDF8000038BD00005C5200202DE9F047AF
:101C70004FF0000CDDE90964089DDDF82CA0E14679
:101C80006F1E09BB052A03D0062A01D0042A02D1FF
:101C90000023012D01D0002109E001225FF00001A5
:101CA0009C4436F81180491CC4440FFA8CFCA942AC
:101CB000F6D3ACEB030109B2072A2AD2DFE802F01F
:101CC00004070B2921160D00A4F8009021E0411A09
:101CD00001EBD17112E0411A11E0411A09B23AB296
:101CE00091FBF2F1A4F800900BB212E0411A09B294
:101CF0002AB291FBF2F10BB203EBD37149102180B0
:101D000007E0411A0AB2691C09B292FBF1F10BB269
:101D1000238000210BE000BF34F8112036F811C0F9
:101D2000624404EB410C1A44ACF80220491CB9424D
:101D3000F2D304EB450106EB450231F8021C32F800
:101D4000022C11442288891A0AB2BAF1000F0CD071
:101D5000002108E034F8113036F81170C31ADB1B8B
:101D600024F81130491CA942F4D31046BDE8F0878D
:101D700070B58AB00446FFF7FDF905462046FFF727
:101D8000FFFD002D5CD000285AD069462046F5F7AB
:101D900063FF0C2107A80BF033F920460021322203
:101DA0000DF0BCFC05462046002112220DF0B6FCC9
:101DB00046192046002110220DF0B0FC05442046B3
:101DC0000CF0D3FEA18A3144081AADF82400204655
:101DD0000CF0D2FEE18A2944081AADF8260000254D
:101DE00007E0006807AA694650F8250001F0E0F80E
:101DF0006D1CA0684168A942F3D800980AF0E0FF82
:101E000001980AF0DDFF02980AF0DAFF03980AF061
:101E1000D7FF002120460DF083FD05460021204616
:101E20000DF0AEFA42F2D1718D4201D0884202D15A
:101E300020460EF0BFFC00222B21204607F048FF71
:101E40000AB070BD0021A0F13002092A01D8D1B238
:101E500016E0612801D32038C0B2413806280FD2DD
:101E6000DFE800F0030507090B0D0A2108E00B214C
:101E700006E00C2104E00D2102E00E2100E00F211C
:101E8000084670472DE9F0470446406A4FF4404148
:101E900002F02AFE94F92E10A08D0122FFF786F998
:101EA0000546206B18B300264FF002084FF00309D7
:101EB000AF1D4FF4004A17E0206BA28D30F82610BA
:101EC00091420FD108EB8601415694F92E209142A0
:101ED00008D109EB860140565246384481B2606A07
:101EE00003F010F9761CB6B2A08EB042E4D8A08DF3
:101EF000218D884211D194F92E1094F92A00814243
:101F00000BD194F92B00AD1D284481B2606ABDE865
:101F1000F0474FF4804203F0F5B8BDE8F0872DE9B3
:101F2000F0410446806D0D4600282BD0A96802229E
:101F300030F9217002EB8101465EA87B01280AD1AD
:101F4000B4F91000B84203D1B4F91200B04202D083
:101F5000201D00F0BFFC201D00F06CFD002811D1F9
:101F600027816681A87B012804F104000CD000F0D1
:101F7000B1FC201D00F05EFD002803D120892082E5
:101F800060896082BDE8F08100F0B2FBF1E70000FB
:101F900070B5254C0546042160680DF0DBFD002876
:101FA00028D0296B6068814224D00CF03FFC0646A3
:101FB000286B08B10CF03AFC86421CD11EB1606857
:101FC00008F0B0FA0FE0286B40B10F21A26807F0CB
:101FD0007FFE284600F02EFD00280BD1D4E9010237
:101FE0000E2107F075FE284600F024FD002801D1DF
:101FF0006068286370BD78B12B6B53B1A26888B15B
:102000001021184607F064FE284600F013FD002852
:10201000F0D1002EE2D0D2E7286B0028F9D00F21B2
:10202000A268EFE70F21ECE7640000202DE9F047FC
:102030000D460446897B40794FF0000801292AD0DB
:10204000010708D520F0080121F00101C4F84880FB
:10205000617184F80880277AA87B20726868E06044
:10206000D4F854905FEA09007ED008F0C5FABF4E5C
:102070000028706078D0A87B08B1A5F80C8048468D
:1020800008F0BAFA706000286ED0A97B012905D04B
:1020900000296AD00EE1000766D4DCE717B1012FF2
:1020A00036D007E112F01AF8A06469680A2906D050
:1020B000142917D0132918D01B291AD024E07068CE
:1020C0000EF073F820B9102170680DF043FD08B1CF
:1020D000012700E00027484608F088FA8743D9D155
:1020E00001216AE0A889401E01E0A889401CA8815E
:1020F000E0E01B21484608F0E9FA201D00F09AFCB8
:10210000002831D1202158E0484608F0DFFA58E095
:102110006079C0073ED1A06C11F0DAFF2168898B8D
:102120008842607934D940F00100607111F0D6FF27
:10213000E06468680A281CD170680EF036F820B98F
:10214000102170680DF006FDB8B1484608F05BFA42
:1021500001280ED9484608F049FA80F001014846A6
:1021600008F0C5FA202101E090E030E070680BF043
:10217000B1FE607940F001009BE0D6E90102052143
:1021800007F0A6FD201D00F055FC00287ED1F0E7E9
:10219000C0071BD0E06C11F09BFF2168C98B8842FF
:1021A00014D911F09BFFE06469680A2904D014294E
:1021B00098D01329A8D198E70621D6E9010207F0A3
:1021C00087FD201D00F036FC00285FD172E0012F52
:1021D00070D169680A2967D10DF0E7FF20B9102195
:1021E00070680DF0B7FCA8B3484608F0FFF9002866
:1021F00060794FEAC07052D020B1484608F003FA27
:10220000012847D8D6E90102082107F061FD201D09
:1022100000F010FC00286FD1D6E90102042107F07C
:1022200057FD201D00F006FC002865D1D6E901020B
:10223000072107F04DFD201D00F0FCFB00285BD1BD
:102240000A21484608F042FA201D00F0F3FB00285E
:1022500052D129E0FFE7D6E90102082107F038FD55
:10226000201D00F0E7FB002846D16079C00704D1AB
:10227000D6E90102042107F02BFD201D00F0DAFB56
:10228000002839D1D6E90102072100E034E007F047
:102290001FFDD9E7202170680BF01CFE04E018B97F
:1022A0000121484608F023FAC4F84880607920F0FC
:1022B00001006071C6F80480A88900281CD0484637
:1022C00008F094F90028B5F90C0029D0002815DA97
:1022D0004FF000060BE000BF4FF01401484608F035
:1022E000F5F9201D00F0A6FB002805D1761CB5F9F4
:1022F0000C004042B042EFDCBDE8F087FCDD002678
:1023000009E01321484608F0E1F9201D00F092FB96
:102310000028F1D1761CB5F90C00B042F1DCEBE7F6
:10232000002811DA4FF0000608E0484608F042F9AC
:10233000201D00F07FFB0028DED1761CB5F90C00D3
:102340004042B042F1DCD7E7D6DD002608E048463F
:1023500008F0D2F8201D00F06DFB0028CCD1761CCF
:10236000B5F90C00B042F2DCC6E7000064000020C2
:1023700070B50446C06A002870D194F84100C007C7
:102380006CD14FF40046656A03E028460CF094FADD
:102390000546002D62D0314628460DF0DBFB0028B3
:1023A000F3D1B4F91400002801DD014600E04142F8
:1023B0002B4A926813689B7E994209DAB4F9161089
:1023C000002900DC4942994202DA0021A187E18715
:1023D000A18F084400B2A087E18FE38A0028194446
:1023E00009B2E18701DD034600E043421668F67E4C
:1023F000B34206DC002901DD0B4600E04B42B3424C
:102400002CDD012384F84130002801DD034600E083
:102410004342002901DD0E4600E04E42B34209DD91
:10242000002894F8400020F0F00001DD20300AE0A0
:10243000103008E094F84000002920F0F00001DDA1
:10244000803000E0403084F840000C21284607F03E
:102450003FFC2046BDE8704000F0ECBA70BD0000C3
:10246000640000202DE9F0470E460446897B407940
:102470004FF00008012923D0010708D520F00801FA
:1024800021F00101C4F84880617184F80880D4F813
:1024900054905FEA09007CD008F0AEF8664D002841
:1024A000686076D080210DF061FB0746E1687068B6
:1024B000E060207AB27B2272B27B012A03D003E073
:1024C000000766D4E3E708B1AFB3B0E011F006FE51
:1024D000A0647168092903D00B2909D087B1A6E04F
:1024E0000021484608F003F9484608F005F856E090
:1024F0000021484608F0FBF8484608F05BF84EE03B
:102500000A2902D01B290BD016E00A21484608F000
:10251000DDF8201D00F08EFA00283AD1012137E0C5
:102520001B21484608F0D2F8201D00F083FA00284D
:102530007FD120212CE003E0484608F0C7F82EE0C8
:10254000012A01D032B372E0012870D170680A28E4
:1025500009D1D5E90102022107F0BAFB201D00F0E4
:1025600069FA002865D16079C00720D1A06C11F00C
:10257000AFFD2168898B8842607916D940F001004F
:10258000607170680A2852D111F0A8FD0521E0643D
:1025900001E04EE01FE0D5E9010207F099FB201DA4
:1025A00000F048FA002844D141E0C0073FD0E06C79
:1025B00011F08EFD2168C98B884238D911F08EFD4B
:1025C000E06471680A2904D0092989D00B29B3D1A4
:1025D0008EE70621DCE7012829D171600A2920D184
:1025E000D5E90102082107F073FB201D00F022FA53
:1025F00000281ED16079C00709D1D5E90102042164
:1026000007F066FB201D00F015FA002811D1D5E96E
:102610000102072107F05CFB201D00F00BFA0028E7
:1026200007D1C4F84880607920F001006071C5F8D6
:102630000480BDE8F08700006400002070B5044607
:1026400000680D4609880069A1826988E1820268F4
:10265000117CC1F30111022901D003290AD111888B
:102660002A88891A491E298001686A884988891A36
:10267000491E69800168097CC1F30111012901D05B
:10268000032907D169882A886A8000684088401A2F
:10269000401E28802068006904F036FA206800692E
:1026A00004F078FA206D78B1B4F91020B5F9001073
:1026B0008A4205D1B4F91220B5F902309A4203D00A
:1026C000B5F902200EF0DCFD288820816888608141
:1026D0002079012804F1040006D000F0FBF82089DD
:1026E00020826089608270BD00F002F8F7E7000088
:1026F0002DE9F041764D0446406A6860617809072B
:102700007DD4A968002609680F6930B1E16A39BB38
:102710004FF400510DF01EFA10BB384604F00AFACF
:10272000211D08F08CFF686070B9384604F00AFA81
:10273000211D08F084FF686030B9384604F014FAAF
:10274000211D08F07CFF6860A06A48B1A683E6837B
:102750002046F3F70AF8204600F06CF900284ED125
:10276000606A696888423CD0A188A181E188E181E2
:1027700040B10321AA6807F0ABFA204600F05AF9ED
:1027800000283CD168686062A06250B311F0A6FCDA
:1027900060646078012120F0010060702683668308
:1027A00094F8400020F0FF0084F8400084F8416075
:1027B000A687E687A682E682D5E9010207F088FAB5
:1027C000204600F037F900287FD1A8684179090731
:1027D0007BD4001DFFF7DCFB204600F02BF900281E
:1027E00073D1A088A189401A00B2A082E188E28951
:1027F000891A09B2E182B4F91C20104400E064E0B7
:1028000000EBD0704010A083B4F91E00084400EB28
:10281000D0704010E083E06920626868002854D0DE
:102820000221AA6807F054FA204600F003F90028B4
:102830004BD1A8684079000747D42046F2F7DEFE66
:10284000204600F0F7F800283FD12046FFF790FD22
:10285000204600F0EFF8002837D1E06A002834D194
:102860006078C0071DD1606C11F032FCAA68116855
:10287000898B88420FD90521686807F029FA20461C
:1028800000F0D8F8002820D1607840F00100607096
:1028900011F024FCA064E06A002816D16078C0071B
:1028A00013D0A06C11F014FCAA681168C98B88427F
:1028B0000BD90621686807F00BFA204600F0BAF839
:1028C000002802D111F00AFCA064BDE8F0810000EC
:1028D000640000202DE9F84304464078444E000788
:1028E0004FF0000511D5606A0321B26807F0F0F9D6
:1028F000204600F09FF8002877D16562A5626564E4
:10290000A564607820F008006070606A7060D4F898
:102910002C8000285ED00821B26807F0D9F9204643
:1029200000F088F8002860D1B8F1000F16D1607867
:10293000C00709D1D6E90102042107F0C9F92046F0
:1029400000F078F8002850D1D6E90102072107F0FD
:10295000BFF9204600F06EF8002846D16562656434
:10296000A564B8F1000040D04FF4807900950027AD
:102970004E46054600216E220CF0D0FE384407B2C8
:10298000284600216D220CF0C9FE00B2C11700EBF1
:102990001160001210FB06F006B228460BF08CFF07
:1029A0000500E7D10FB94E4514D0784205B24FF477
:1029B000803090FBF6F006B26B463246294604F1B1
:1029C0001C000EF0E3FE6B463246294604F120005F
:1029D0000EF0DCFEB8F1000F07D02046F2F7C5FE7E
:1029E0002046BDE8F84300F025B8BDE8F8830000B4
:1029F000640000204279910718D500218162C162EC
:102A000001638164C1648183C18390F8443022F002
:102A1000030223F00F0380F8443001844184A0F8BE
:102A20004010A0F842104271014841607047000018
:102A3000640000204078810702D5034A00215160DC
:102A4000C0F3400070470000640000202DE9F04111
:102A5000044690F82A00C00738D0A08C0721B0FBAC
:102A6000F1F0E18CB1FBF0F200FB121200EB40013F
:102A70000A4492B2B2FBF0F300FB13200844E28454
:102A80002085002120460CF0DCFE05460021204672
:102A90000CF004FF0746B5F9085020460BF05EFE27
:102AA00006462046FEF763FD0246E18CE8194143E5
:102AB00006EBD67005EBD573BDE8F0414010A0EBF6
:102AC0006300401A01B210460EF0B2BDBDE8F081BD
:102AD0002DE9F843C56A0446802128460DF03AF8EE
:102AE0004D4FFE0CC8B128460CF031F801281DD01E
:102AF000022828D0032837D0E786668728460CF0BE
:102B00001FF8012847D0022850D003285AD0A786A2
:102B10002687A08E002872D072E0334639463A46A6
:102B200004F13400009601F08CFDF2E7E88A0023FE
:102B3000401C01B232462846FDF7A4FDE086E88A33
:102B4000401E02B209E0B5F91A10002332462846A9
:102B5000FDF798FDE086B5F91A200023394628468E
:102B6000FDF790FD6087C9E7688BE98A0023401A6A
:102B7000401C00B200EBD07001EB600808F10100CE
:102B800001B232462846FDF77DFDE086A8F101003E
:102B9000002302B2E2E7B5F91410002332462846BA
:102BA000FDF7E8FCA086B5F9142009E0B5F9181086
:102BB000002332462846FDF7DDFCA086B5F9182033
:102BC000002315E0288BA98A0023401A401C00B27C
:102BD00000EBD07001EB600808F1010001B2324651
:102BE0002846FDF7C7FCA086A8F10100002302B229
:102BF00039462846FDF7BEFC20878AE7FFE7A7860F
:102C0000208F00B92687E08E00B9E786608F002804
:102C100000D16687BDE8F88301E0FFFF70B50D4C79
:102C2000064600200D460A4620601D21304607F06A
:102C30004FF8206858B1017839B12946EDF7A6FB65
:102C400028B13046216810F045FE002070BD0120FB
:102C500070BD0000580200202DE9F04188B01F46E9
:102C600014460D4606460DF0D1FA002842D0A54282
:102C700040D04FF4B470854202D9A5F5B475ADB219
:102C8000844202D9A4F5B474A4B2B18C4A1995B2A5
:102C900021448CB2854202D9A5F5B475ADB2844207
:102CA00002D9A4F5B474A4B207AA06A93046FEF767
:102CB00019FA394630460CF0D0FA8046304639468B
:102CC00051220CF02BFD04A908B1012200E00022E2
:102CD000CDE90221CDE90048BDF81C00BDF91A106C
:102CE00082B2BDF918002B4603F0B2FF04A93046AA
:102CF0000DF041FA08B0BDE8F0811FB5044603AA03
:102D000002A9FEF7EFF96B46BDF90C2002A9204697
:102D1000FEF7D6FB204600F019FB011E03DD02463C
:102D2000684601F074FC694620460DF024FA1FBD88
:102D3000F0B50546A1F57F408BB00E46FF3858D060
:102D4000288EB04255D9A86A00EBC601684601F04A
:102D5000FCFB03A928460BF035FD002128460CF0AA
:102D600083FC0746002128460CF0D0FB0446284689
:102D70000BF02EFD03F0B6FE0A2190FBF1F2BA42F1
:102D800001DB90FBF1F790FBF1F33AB2A34201DBD8
:102D900090FBF1F4BDF80C30BDF80000991A08441E
:102DA000ADF80000BDF80E10BDF802000F1B38444E
:102DB000BDF8047000B23B441A44ADF80420BDF8DD
:102DC0000620ADF802001144214409B2ADF8061006
:102DD000AA8EB24209D1EA6A32F81620520504D509
:102DE000091A491C401AADF80200694628460DF040
:102DF000C2F90BB0F0BD1CB5044601466846FEF7AB
:102E00001FFB694620460DF0B6F91CBD2DE9FC47B5
:102E10000446B0F882000D46A8427DD920460BF04A
:102E2000B7FCB4F88410484340F30F2620460BF05B
:102E3000C9FD074694F88800010705D500F0070092
:102E4000012806D002286DD02046BDE8FC470DF0D1
:102E50006FB9002120460CF05DFA80460021204623
:102E60000CF072FBA28A40441044C01B0FFA80F998
:102E700020464FF4A02149220CF050FC0FFA80F8B4
:102E80004FF4003120460CF051FD0746A08AADF802
:102E90000000E28AADF80220208BADF8040008EBB8
:102EA0000700618B121A0844ADF80220ADF8060045
:102EB000B4F88200401EA84217DD06FB05F191FB25
:102EC000F0F24A44A2EB0801C91BADF80010691CDE
:102ED000714391FBF0F1494401EB08003844ADF82F
:102EE0000400694620460DF046F9002D47D0681EC3
:102EF00006FB00F1B4F88200401E91FBF0F24A4458
:102F0000A2EB0801C91BADF800106E4396FBF0F16F
:102F1000494401EB080001E031E003E03844ADF83A
:102F2000040028E0002120460CF0EAFAB4F88410EE
:102F300048434FEA2028B4F8820006EB080191FBD1
:102F4000F0F6002120460CF0E5F98146754300219A
:102F500020460CF0F9FAA18A4844294445186946EC
:102F600020460BF02FFCE81B8119A0EB0800ADF800
:102F70000410ADF80000694620460DF0FCF8BDE8ED
:102F8000FC8770B505460CF09CFD044628460BF006
:102F900052FC844201DB012070BD002070BD28B1CD
:102FA0000A2803D00D2801D0002070470120704767
:102FB0002DE9F74F0D4682B00446B0490CF0D1FD23
:102FC00000287DD12046FEF7E7F882462046FEF72E
:102FD0005FFD5FEA000973D0BAF1000F70D02046A0
:102FE000FEF7D0F807462046FEF748FDDFF890B21E
:102FF000064620460021BBF80E200CF08FFB00F0A7
:10300000FF0820460021BBF814200CF087FBC0B25B
:1030100001902B6807EB0A006FF00102D5F808C099
:1030200033F8171002EB40001B5A3CF8000018441C
:10303000401A00B200906B6806EB090002EB4000FA
:1030400033F816101A5AEB68185A1044401A0FFA3F
:1030500080FB002120460CF018F901280AD1B8F1B4
:10306000000F03D0B8F1020F02D003E0022000E00D
:1030700000208046208BA18A401A401C0FFA80FA5B
:10308000608BE18A401A401C0FFA80F94046B8F183
:10309000010F1BD0022824D02868B8F1030F30F9A3
:1030A000170028D18046608CDDF800A040F4006055
:1030B0006084019801287BD0022877D0032800E0A3
:1030C000D8E0686830F9167071D119E02968009865
:1030D000A0EB0A0031F8171000EBD07001EB600094
:1030E00008E020460CF0EDFC296831F81720009923
:1030F0001144081A00B28046608C20F40060D7E7C3
:10310000608CD94640F48060608420460CF0D9FC85
:10311000504504D120460BF08EFB484527D0A08AAD
:10312000ADF80000E08AADF80200208BADF8040095
:10313000608BADF8060020460CF0FAFF04F1140095
:103140005146054601F089FA4946284601F080FAC1
:1031500020460CF0EDFF6A462921204606F0B8FD16
:1031600020460BF0A9FB2246222106F0B1FD2046A5
:1031700000216B220CF0D2FA06B2204600216C220C
:103180000CF0CCFA05B220460CF09BFC81462046A0
:103190000BF051FB0146C6F3413064224FF4FA6351
:1031A0004FF47A7C01281BD027E001E00AE013E00D
:1031B0006968ABEB090000EBD07031F8161001EB39
:1031C000600008E020460BF036FB696831F81620F5
:1031D00002EB0B01081A07B2608C20F4806093E7C1
:1031E00026F4C040984208DC604501DDC0F57A70E5
:1031F00000FB09F090FBF2F006B2C5F34130012864
:103200000BD125F4C040984207DC604501DDC0F5D4
:103210007A70484390FBF2F005B2049A08EB06007E
:10322000791912891044A28A801A05B2049840893B
:103230000844E18A401A06B255EA06001AD0204630
:103240000CF076FFA08A2844A082208B284420839B
:10325000E08A3044E082608B3044608320460CF08A
:1032600067FF05B0324629462046BDE8F04F0023EF
:103270000DF004B805B0BDE8F08F000001000600B5
:10328000AC0000202DE9F041064615460F4600200F
:1032900005E039462046B04701280AD0204612F002
:1032A000B9F8040002D060688000F2D10020BDE8C7
:1032B000F08105B12C600120F9E703880A88934268
:1032C00001D0981A704740884988401A704703789F
:1032D0000A78934201D0981A704740784978401A8A
:1032E000704700002DE9F0414268096822F0404231
:1032F0008A4227D10446FDF783FEDFF84C8005465D
:10330000D8F80820131BA2EB05005E1BC8F80800C4
:1033100015D0274661193246384609F09FFD06E070
:10332000A068401BA0602046FDF76AFE0444D8F860
:1033300008008442F4D1B819294609F061FE012041
:10334000BDE8F0810020FBE78C0000202DE9F04172
:103350004FF440360446402231460CF0DFF9054672
:103360002046432231460CF0D9F9284405B23146B3
:1033700020460CF029FA00283146204602DD0CF0E8
:1033800023FA02E00CF020FA4042284405B231460C
:1033900020460CF025FA00283146204602DD0CF0CC
:1033A0001FFA02E00CF01CFA4042284405B2204605
:1033B000352231460CF0B2F9074620463822314614
:1033C0000CF0ACF9384400B2854200DD2846BDE877
:1033D000F08170B5054606F039FC0446284606F033
:1033E00073FC06460BF068FA05462A2C01D0292CFE
:1033F0000BD10021304609F0B9F9284613F0A2FAA2
:103400002846BDE8704014F09FBC70BD2DE9FC411A
:10341000064614468846D80729D004F1080001253D
:10342000002206F114010746F1F7A5FD58B100206E
:103430008DF800006A4612213046019706F048FCDC
:103440009DF8000098B16089218A0844401EE081FF
:10345000B4F90E10B4F90600814200DDE08102B03B
:103460002A4621464046BDE8F04104F0DDB800257B
:10347000EEE72DE9F041074688B01D46164688461E
:103480000846F2F7E1FB044602A940460BF09AF920
:103490002246114602A801F0BAF8022E05D0012EEC
:1034A00029D0002008B0BDE8F081DDE90201CDE9B6
:1034B000040100231A4604A940460CF04FFA04AA5E
:1034C0006846B968F1F72FFD0028EBD0DDE900016F
:1034D000CDE906010123002206A940460CF03EFA80
:1034E00006A902AA0846F1F71EFD0028DAD00698C0
:1034F0002860079809E002AA6846B968F1F713FD49
:103500000028CFD000982860019868600120C9E7A2
:1035100070B504460BF0D0F80646002506E0A0681A
:10352000006850F82500FFF7F3FF6D1CB542F6D395
:10353000608CC1071AD020F00100608420460DF095
:1035400039F920460DF058F886B1002120460BF0DD
:1035500029FF58B10C494968884207D80B490968C6
:1035600001EBC00050E9022120469047608C8107A2
:1035700008D520F0020060842046BDE8704000219C
:103580000CF07EBF70BD000078000020DC01002040
:103590002DE9F0478046089D1F46E86900FB01F3CE
:1035A0009B12002807DD934207DD00BF95F8280035
:1035B00080070DD48BE09342F8DBCB1943439B1279
:1035C000002808DD934239DA95F8280080077ED478
:1035D0000120BDE8F0879342F6DCA869521C5043F5
:1035E00040F395000312C0B2FF22002828D000BF8C
:1035F0006E6AC0F1FF0404FB06F4A2EB242600BFB0
:10360000A3EB0104A14636D0002C15DBBC4213DA33
:10361000C0F1FF00C6F1FF014843A2EB6020C1B238
:1036200095F82800800701D5C1F1FF0118F80400C2
:1036300011F0BEFD08F80400641C1CE0A869CEE788
:103640004FF0FF06DCE7002C10DBBC420EDAA6EBE5
:103650006000C1B295F82800800701D5C1F1FF01D3
:1036600018F8040011F0A4FD08F80400686A641C4E
:10367000361ABC4202DA686AB042E4DBBC4218DAAD
:10368000002C16DBA869704380127043C0F34721F9
:10369000E869002801DAC1F1FF0195F828008007E8
:1036A00001D5C1F1FF0118F8040011F081FD08F8FF
:1036B000040095F82800800707D54946B94506DC7F
:1036C00000290DDB404609E001E0641C01D5002023
:1036D0007FE7BC4204DC391B08EB040009F090FCD6
:1036E000022076E72DE9F05F06460A9F8A461D46CE
:1036F000B86900FB02F18C12002800DD641C97F809
:103700002830544502DA980707D4D5E08C120AEB2A
:10371000050CA44502DA98077ED483E0521C42438C
:1037200041F3950142F395044FEA2129221204F056
:10373000FF08C9B2A9EB0A04914505D0002803DAB5
:1037400011B9FF219146641E914528D1002C0CDB54
:10375000AC420ADA01EB08004108980701D5C1F133
:10376000FF01305D11F024FD305597F82800641CEE
:10377000800706D5A9EB0A01A9424DDA8EE0304652
:103780000AE0AC4200DD2C46002C45D006DD00BF2F
:10379000A5EB040106EB040009F032FC89E04FF0D0
:1037A000FF0B002844DAF869404248434FEAA0285A
:1037B000002C0DDBAC420BDA08FB01F0C0F3472113
:1037C000980701D5C1F1FF01305D11F0F1FC3055D2
:1037D000B969A8F1FF0041438812641E11D4AC42BC
:1037E0000FDAC8F1FF014143ABEB6120C1B297F89A
:1037F0002800800701D5C1F1FF01305D11F0D8FC30
:10380000305597F82800A41C800709D5A9EB0A01B8
:10381000491EA9424DDC00E04EE00029AFDC48E043
:10382000AC4202DD0120BDE8F09F002CB0DA40E0A0
:10383000C1F1FF00F96941434FEAA128002C0EDBDA
:10384000AC420CDA00FB08F0ABEB6020C1B2980789
:1038500001D5C1F1FF01305D11F0AAFC3055B96905
:10386000C8F1FF0041438912641C0ED4AC420CDA4B
:103870004843C0F3472197F82800800701D5C1F1DC
:10388000FF01305D11F094FC305597F82800641C5E
:10389000800707D5A9EB0A01A9420DDC0029BFF674
:1038A0006EAF06E0AC4200DD2C46002C04D03FF7A2
:1038B0006FAF4FF00200B6E74FF00000B3E77CB502
:1038C000446A07F09FFD054607F0DDFD04280CD192
:1038D000E18E204621870AF0A9FF064606F086FE03
:1038E00018B10021304606F002FF284607F0CBFD54
:1038F000012804D0284607F0C6FD03280AD101A9F3
:10390000284607F095FDBDF906102046FDF704FD99
:10391000E0862087204605F065FEA06A10B92046A3
:103920000CF006FCE08E00906A461C21204606F052
:10393000CFF97CBD2DE9F0410746884600261448A2
:10394000F2F7A5F804461DE021461148F2F7B1F858
:1039500005462068B84200D09FB96168414502D051
:10396000B8F1000F0DD121460948F2F72BF9216972
:1039700009B120468847204609F034FAF3F75AFD8A
:1039800001262C46002CDFD13046BDE8F081000036
:10399000B052002070B505460C460948F2F777F89A
:1039A0000BE00168A94204D14168A14207D0002C74
:1039B00005D001460248F2F77CF80028F1D170BD2D
:1039C000B052002010B50446442109F019FB4FF411
:1039D000FA70E062002020626420A0620120A4F856
:1039E00040000448E06194F8420040F0010084F88F
:1039F000420010BD5F3A010838B504464FF48065B7
:103A00000095D4E90B200023194609F041F94FF441
:103A10006E7332220021009501F002F8226AA16A39
:103A2000891A414302EBA12038BD38B504464FF452
:103A300080650095D4E90B200023194609F028F988
:103A400040F2B6334FF461720021009500F0E8FFB8
:103A5000226AA16A891A414302EBA12038BD38B518
:103A600004464FF480600090D4E90B2000231946EF
:103A700009F00EF9226AA16A891A414302EBA120DA
:103A800038BDD0E90B128A4201DB806A7047006AB8
:103A900070478B1A002B00DC531A4FF47A714B439A
:103AA000B3FBF0F0002800D10120704770B54168E9
:103AB000054611B12868FFF73DFF1948F2F779F87C
:103AC000184E10B110F00AFB70601548F2F704F8B8
:103AD000040024D04422294609F0C0F92868A842ED
:103AE00000D12460717894F8420061F3820084F878
:103AF0004200C0070FD0616939B120468847216A6A
:103B000001442162A16A0844A06262681AB1206877
:103B100008B1216A9047F3F78DFC204670BDFEE79F
:103B2000B0520020C401002070B5458D848D002363
:103B3000A54201D22B4602E0C5F5B4752C448B4258
:103B40000FD8A1420DD8E21AB1EB520F416B02D847
:103B500041F0080101E021F00801416341F010014A
:103B600034E04FF4B475934207D19E1A2644AE4216
:103B700003D0416B41F00801F0E7934209D3C2F54D
:103B8000B4768E4205D8A94203D8416B41F00801B2
:103B90001AE0934206D2D61AC6F5B4768E4201D800
:103BA000A942F2D92244AA4205D81944A14210D30D
:103BB000914206D90DE0A2F5B4728A4209D3A1421E
:103BC00007D9416B21F0080121F010014163012068
:103BD00070BD002070BD10B500200C468884872180
:103BE00061852D22A285E18449002185616B21F048
:103BF000060161634FF40041E185616B208664201A
:103C000041F00801608621F0010060631001A063AB
:103C100010F064FAE063208DA4F84000606B02218C
:103C200020F010006063204609F034FD4FF4447129
:103C300020460AF015F92046BDE810400D210DF090
:103C40003EBA00002DE9F04FAFB0044606F03CF854
:103C50000746204606F000F82A9028AA2CA93846E4
:103C6000FDF740FA06A82A990AF052FBBDF9A00018
:103C7000DFF888810DF1B00A0DF1080B00282DDD69
:103C8000584602F0C3FF02AA002138460BF0A2FFFB
:103C90000020CDF83CA01390CDE90780BDF8A0002E
:103CA000ADF8540006AA1A213846CDF838B006F00F
:103CB0000FF8B98DB88C7A8D0144104489B280B266
:103CC000CDE90001BDF854302CAA02A92A9802F0CF
:103CD0008DFF06AA1B21384605F0FAFF4FF4003984
:103CE000494638460BF03CFC0646494638460BF040
:103CF00085FC0546494638460BF0DAFC0446494641
:103D000038460BF0C7FBAE4201DD314600E02946E4
:103D1000844201DD224600E00246914205DDAE42CA
:103D200001DD304604E0284602E0844200DD204602
:103D3000BDF8A010081A04B2002C34DD02A802F06D
:103D400065FF02AA4D46494638460BF043FF012065
:103D5000CDF83CA01395CDE90780ADF8544006AAF4
:103D60001A213846CDF838B005F0B2FFBDF90A1077
:103D7000BDF95400814201DDADF80A00398DB88CDF
:103D8000FA8C0144104489B280B2CDE90001BDF83B
:103D900054302CAA02A92A9802F028FF06AA1B2157
:103DA000384605F095FF2DABBDF9A0202CA938466B
:103DB000FDF786FB18A804F0E1F94FF4403418AA87
:103DC000214638460CF058F802201394CDE90780BC
:103DD0002DA8099018A80A9006AA1A21384605F0BD
:103DE00077FF2DAA18A92A9804F0B4F906AA1B2176
:103DF000384605F06DFF2FB0BDE8F08F5816030868
:103E00002DE9F04786B08A46FD480AF02DFC0128CE
:103E10007ED1504605F01AFF0546504605F054FF86
:103E20000646504605F050FF0446022D11D0082DDD
:103E30006FD0032DFCD00D2D6CD0112D6BD0132D18
:103E40006AD0152D64D106B05046BDE8F047FFF7A3
:103E5000F9BE07F0D7FA05005AD007F014FB012885
:103E600056D101A9284607F0E3FA03AA02A9304671
:103E7000FDF738F9BDF80400BDF80810401AADF898
:103E80000400BDF80600BDF80A10401AADF806009F
:103E900094F83400C00744D14FF4003130460BF0A1
:103EA000DCF90546BDF80C004FF48031401BADF83D
:103EB0000C0030460BF04EFE10B1BDF80C0008E0CF
:103EC000BDF90C00C11700EB9171B5EBA10F00DA41
:103ED0008D10401BADF80C0000B2012802DA012061
:103EE000ADF80C00BDF8040010FB00F1BDF80600B1
:103EF00010FB0010BDF80C1011FB01F1884206DD2B
:103F0000606B40F00100606310F0E8F8E06304E0EB
:103F100079E0DEE0F7E01AE15AE194F83400C007F6
:103F200071D0BDF9041019B9BDF8060000286AD097
:103F3000B4F92C70628DB8B2904202D200F5B47020
:103F400007B2BDF9060000F08DFBA18C401A618D0F
:103F5000401A05B2002D02DA05F5B4752DB2BDF890
:103F60000C004FF41D7110FB01F06421B0FBF1F85F
:103F7000002002F0B7FD00EBC00101EB00114FF093
:103F8000500909EB4100B0F5A07F0CD3002002F0EE
:103F9000A9FD00EBC00101EB001109EB4100A021DC
:103FA000B0FBF1F000E001204FF4B4714843B0FBE6
:103FB000F8F294F834002946C0F3C0093046FFF700
:103FC000B3FD00281FD0618DB4F84020781A511A33
:103FD0000FFA81F8A5EB080109B24FF40C7301F553
:103FE0008C7100B2994205D994F8342012070BD590
:103FF00000250AE0626B5FEAC26C06D4120703D5A3
:10400000424215B201E061E00546B9F1000F08D067
:10401000606B02070ED4C0060CD499420AD9002561
:1040200008E0B9F1000F05D1616B0A0702D5C90696
:1040300000D40546A5EB080005B2E06B10F048F887
:10404000A16B41434FF47A70B1FBF0F080B285422E
:1040500002DC4042854200DA05B2618DB4F93220BB
:10406000B4F9303008EB0500A7EB010CD51A4FEA84
:10407000CC0C9CFBF5F52D1D00EB2510B4F92E5052
:104080000844009200B23A4608F002FE07B2B6F9C0
:104090002E00B8420FD010F021F8E06339463046C8
:1040A00000F0F7F9AF4206D000221C21304605F09F
:1040B0000FFE01280AD1B4F93000B84203D0B4F998
:1040C0003200B84202D110F009F8E06306B0BDE852
:1040D000F087606B20F00100606330460AF0A6FBB9
:1040E000054606F083FA044607F08CF907F0CBF991
:1040F0000428EBD1002CE9D006B02846BDE8F047F3
:10410000002106F0F4BA504605F0DCFD0078B4F961
:104110002E50132806D0112804D0142805D01228B8
:1041200003D008E0F08D401C01E0F08D401E01B28C
:10413000304600F0AEF9B4F92E00A842C6D006B061
:104140003046BDE8F04700221C2105F0C1BD5046B5
:1041500005F0B8FD044604AA03A93046FCF7C2FFE7
:10416000B068002508B1B0F91450002130460BF0BA
:1041700074F80646BDF810102844081ABDF80E2041
:10418000ADF81000111809B20091BDF80C10121A08
:104190000B18081A01B21BB212B201A800F051FAB2
:1041A00047F6FF773A4601A82168F0F7A4FF08B167
:1041B00000200BE006EB450002B2114601A800F01A
:1041C00026FA3A4601A82168F0F795FF20717DE7AD
:1041D000002130460BF0C4F90746002130460BF0B1
:1041E0000DFA0546002130460BF062FA0446002124
:1041F00030460BF04FF9AF4204DD394603E00000D2
:10420000581603082946844201DD224600E0024692
:10421000914205DDAF4201DD384604E0284602E068
:10422000844200DD204680464FF4403949463046FE
:104230000BF096F90746494630460BF0DFF9054684
:10424000494630460BF034FA0446494630460BF0F6
:1042500021F9AF4201DD394600E02946844201DD03
:10426000224600E00246914205DDAF4201DD3846BC
:1042700004E0284602E0844200DD2046801CA0EBDA
:1042800008043046FFF762F8204404B2504605F0B7
:1042900019FDB0F90010A14200DD0C46048015E7BD
:1042A00070B50C460546114600F07EF821462846BA
:1042B000BDE8704000F0B4B870B50C460546114634
:1042C00000F006F821462846BDE8704000F036B8F8
:1042D00070B54FF4B47305460C46994202D9A1F566
:1042E000B474A4B2A88D698D421A611A12B209B2CF
:1042F000002A02DA02F5B47212B2002902DA01F5DC
:10430000B47109B28E1AB4369E4203D928460BF016
:104310000FFF0DE0914203DA00230246214604E03C
:104320008A4205DA0023224601462846FEF794FC1D
:104330002846AC85BDE8704016F052BD70B54FF40C
:10434000B47305460C46994202D9A1F5B474A4B2DF
:10435000A98D688D0A1A091B12B209B2002A02DA65
:1043600002F5B47212B2002902DA01F5B47109B291
:104370008E1AB4369E4203D928460BF0D9FE0DE0C2
:10438000914203DA00232246014604E08A4205DA1C
:104390000023024621462846FEF75EFC28466C852F
:1043A000BDE8704016F01CBD70B54FF4B4730546FF
:1043B0000C46994202D9A1F5B474A4B2288DE98CB7
:1043C000421A611A12B209B2002A02DA02F5B47274
:1043D00012B2002902DA01F5B47109B28E1AB436AC
:1043E0009E4203D928460BF0A3FE0DE04FF40033A4
:1043F000914202DA0246214603E08A4204DA22466A
:1044000001462846FEF728FC2846FEF776FC28469B
:104410002C85BDE87040FEF770BC81840BF088BE2F
:1044200070B54FF4B47305460C46994202D9A1F514
:10443000B474A4B2298DE88C0A1A091B12B209B20D
:10444000002A02DA02F5B47212B2002902DA01F58A
:10445000B47109B28E1AB4369E4203D928460BF0C5
:1044600067FE0DE04FF40033914202DA2246014626
:1044700003E08A4204DA024621462846FEF7ECFBB6
:104480002846FEF73AFC2846EC84BDE87040FEF76B
:1044900034BCB0F92E308B420ED0B0F932208A42B3
:1044A00000DA1146B0F930208A4200DD11468B4215
:1044B00002D0C18516F094BC70470A8802804A88F1
:1044C00042808A888280C988C18070470A880280B9
:1044D0004A8842808A888280C988C18070470A8859
:1044E00002804A8842808A888280C988C180704759
:1044F0000A8802804A8842808A888280C988C1806E
:1045000070470A8802804A8842808A888280C988E7
:10451000C18070470A8802804A8842808A888280E7
:10452000C988C18070470A8802804A8842808A8888
:104530008280C988C18070470A8802804A88428088
:104540008A888280C988C18070470A8802804A8828
:1045500042808A888280C988C18070470A88028028
:104560004A8842808A888280C988C18070470A88C8
:1045700002804A8842808A888280C988C1807047C8
:104580000A8802804A8842808A888280C988C180DD
:104590007047C1884088081A401C00B27047C18823
:1045A0004088081A401C00B27047C1884088081A29
:1045B000401C00B27047B0F90410B0F90020891A0D
:1045C000B0F90620B0F90200101A401C491C4843FB
:1045D000704781880088081A401C00B270478188A3
:1045E0000088081A401C00B2704781880088081AA9
:1045F000401C00B2704781880088081A401C00B235
:10460000704781880088081A401C00B270470388F0
:104610005B1A03808388194481804188891A41800C
:10462000C1881144C180704703880B44038083888C
:1046300019448180418811444180C1881144C1805E
:10464000704710B5029C018042808380C48010BDF9
:104650004288491E1144C18070470288491E114496
:10466000818070470022002801DA0122404200299F
:1046700001DA4942921C884207D9C1EB011101EBD2
:104680004101B1FBF0F3103205E0C0EB001000EB8C
:104690004000B0FBF1F30020D9B216290BD92C2928
:1046A00000D80120292900D8401C252900D8401C09
:1046B00020290BD90BE0022900D30120062900D3C1
:1046C000401C0A2900D3401C0F2900D3401C184469
:1046D000D10601D5C0F15A0091074FEAC27105D544
:1046E00009B1B43005E0C0F1B40002E009B1C0F591
:1046F000B47080B27047C16000680BF019BD0068EB
:104700004FF0FF320168C26001F13C02904202D1D9
:1047100082684A6205E001F14C02904201D1826850
:104720000A6300680BF004BD10B50C46002064213C
:10473000C4E90A0120636062A0862087E086608762
:1047400084F85C0004F13C01204600F0B2F804F16A
:104750004C01204600F0ADF80821204609F080FB0E
:104760001021204609F07CFB20460022BDE81040C5
:10477000114600F0F4B8000010B50146034809F0F6
:10478000C1FA044609F032FB204610BD7416030836
:1047900010B50C46002104F13C00FFF7CBF804F102
:1047A0004C00BDE810400021FFF7C4B82DE9F041EE
:1047B0000D46314809F058FF012854D1284605F02C
:1047C00045FA0446284605F07FFA8046132C0AD0A5
:1047D000012C4AD0082C48D0152C44D12846BDE8DD
:1047E000F041F6F76BBB4FF4003109F007FA0446CD
:1047F000284605F067FA0546B0F90000A04200DD42
:1048000004462C80002140460AF0B0FE07460021F5
:1048100040460AF0F9FE0646002140460AF04EFFE7
:104820000446002140460AF03BFEB74201DA394611
:1048300000E03146844201DA224600E0024691421D
:1048400005DAB74201DA384604E0304602E0844235
:1048500000DA2046002806DAB5F90010404281420D
:1048600000DC01462980BDE8F08108F134014046B2
:10487000BDE8F0410BF07FBC7416030890F85C00B3
:1048800000F00300704790F85C1001F0030102296A
:1048900001D0806A7047816D491C01D0406D70471E
:1048A000006B7047816C491C01D0406C7047406AB6
:1048B00070470860002048608860401EC8607047EC
:1048C00070B50446806A0D46A84202D1E06A904263
:1048D0001FD0C4E90A5294F85C0000F003000228DB
:1048E00000D02563606A904205DD11466262204671
:1048F000002200F034F8606AA84205DA2046294612
:104900000022656200F02BF82046BDE870400BF0F5
:104910000FBC70BD38B5134690F85C2002F003025E
:10492000022A1BD1D0E90A428A4201DD0D4600E08D
:104930001546AC4201DD214602E08A4200DC114608
:10494000426A8A4200DA1146026B8A4206D000931C
:1049500000F14C0300F1300200F022F838BDF8B548
:10496000456A13468D421AD0D0E90A428A4201DDD7
:104970000E4600E01646B44201DD214602E08A42BE
:1049800000DC1146026B8A4200DD11468D4206D0E2
:10499000009300F13C0300F1240200F001F8F8BD9F
:1049A000F0B591B0074616981C4616460D4618B34A
:1049B000E068401C2ED0A068C4E90105002118461B
:1049C0001560FEF7B7FF6846FEF7FCFF12484FF48C
:1049D0008071CDE9004000200890CDE909010F4821
:1049E00003903846002165220AF098FE0B90684635
:1049F000FFF75CF811B0F0BD00211846FEF79AFFF2
:104A00004FF0FF30E060356011B03846BDE8F0404F
:104A10000BF08EBB3068CFE7F7460108FF46010870
:104A2000F0B5C0F5806404FB04F5AD0A05FB04F69F
:104A30004FEA962C00FB00F6B60A06FB00F745434A
:104A40005543BF0A0CFB01FC74434FEA9C2105EB64
:104A500045005C43DDF814E004EB440201EB105028
:104A600007FB0EF700EB125000EB9720F0BD10B5DE
:104A70000C461021204609F0F3F92046BDE810400D
:104A80004FF4806108F006BE10B50146034809F0F6
:104A900039F9044609F0AAF9204610BD901603081A
:104AA00070B50646008E0D461446A8421BD9E00696
:104AB00008D5012130460BF04DF818B101213046E0
:104AC00009F0CEF9F06A30F81510A14320F815105E
:104AD00029463046FEF72CF9600504D53046BDE87E
:104AE00070400BF0BDBF70BD70B50E46054600248A
:104AF00006E0324621462846FFF7D2FF641CA4B2E6
:104B0000288EA042F5D870BD084600210186418656
:104B10004FF6FF7282868162C162416280F8361070
:104B2000014900F049BB00003C02002010B50146DD
:104B3000034809F0E7F8044609F058F9204610BD8B
:104B4000AC16030810B50C46886A08F04BF9E06A09
:104B500008F048F90020A062E06210BD2DE9FC4792
:104B60008A46FC4809F080FD012844D1504605F0F2
:104B70006DF80646504605F0A7F800270446132EA8
:104B800002D02A2E4AD01BE0608EA146002832D0E7
:104B90000025D9F8248032E0D9F82C0030F815002F
:104BA000C0F3802048B3608E30B1204609F0D6FDB6
:104BB0000146608E91FBF0F001B2504605F0A8F876
:104BC000292E2FD04FF6FF75012E2DD0022E74D036
:104BD000082E6DD0062E6CD0032E6BD00E2E6AD010
:104BE0000F2E69D0102EFCD00D2E7DD0152E02D1A7
:104BF0005046F7F7D7F9BDE8FC876D1CADB258F801
:104C000025000028F7D0D4A1EBF7C0FB0028F2D094
:104C100058F8250000780028BED1ECE7616A00F062
:104C2000CBFAE8E72046F9E7504605F04BF8064690
:104C30002046A18EFEF77CF806F0E4FB06F023FC8C
:104C4000012801D003281BD16946304606F0F0FB4D
:104C500069462046FCF702F92146A586A8421CD0E9
:104C6000E16A31F81010C1F38012002AC3D1C1F3F8
:104C700000110029BFD1A08601462046FEF758F852
:104C8000A08EA842B7D0E16A31F81000C0F34021ED
:104C90000029B0D1C0F38021A2E08D86ABE700BF30
:104CA000C0F300100028A6D1A08E019049E004E0D6
:104CB0004DE08DE09CE09EE0DFE0504605F002F81C
:104CC000074606F09FFB064606F0DDFB042892D05F
:104CD000022890D06946304606F0AAFB6946204675
:104CE000FCF7BCF8064600E0CFE0A18E2046B142BA
:104CF00081D0A94201D0FEF71BF8A686384606F0FF
:104D000073FCAE4289D0E06A30F81600C0F380111F
:104D1000002986D1C0F300100028BFD131462046BB
:104D2000FEF706F8E06A30F81610C1F340210029BA
:104D3000B4D1A18E30F81100C0F380200028ADD18D
:104D4000019601AA1C21204604F0C2FF53E7A18E60
:104D5000A94238D0E26A32F81100C0F3C013ABB1F7
:104D6000C0F3801393B9C0F300231BB194F836301D
:104D7000DB0713D040F4807022F8110094F836005D
:104D8000C00703D02046A18E0FF002FFA08EE16A7B
:104D900031F81000C0F3402131B902E020F48070F6
:104DA000EAE7C0F3802171B1C0F3801159B9C0F3B3
:104DB000001040B9A08E019001AA1C21204604F0E9
:104DC00087FF0128C2D12046A18EFDF7B1FF12E76F
:104DD000A08EA842BAD0E16A31F81000C0F34011A9
:104DE0000029B3D1C0F3801100293FF459AF02E785
:104DF0002046A18E45E0208E0028A7D0504604F022
:104E000061FF074606F03FFB06462FB9002006F07B
:104E1000FFFA06F038FB0646204609F007FD05F0CC
:104E2000E5FBA18EA94291D1022E02D0042E2AD1F7
:104E300048B394F836100020E26AC90701D110E0A7
:104E4000401C32F81010C1F30013002BF8D1C1F34D
:104E50008013002BF4D1C1F300210029F0D00AE027
:104E6000401C32F81010C1F30013002BF8D1C1F32D
:104E700080110029F4D1A086BDE6A18E2046A9426A
:104E800001D0FDF755FFA586B5E62046A18EFDF7BA
:104E90004FFF504604F016FF0078132813D0142853
:104EA00036D004264FF00209122857D011288AD193
:104EB000002120460AF02AFBA28E8446AA427AD11B
:104EC000A786E26AA4E0A08EA84201D1A78601E0ED
:104ED000401CA086A18E238E994200D3A786A28E65
:104EE000E66A08E0491C88B2A086984200D3A786EB
:104EF000A08E90427ED0A18E36F81100C0F3001C27
:104F0000BCF1000FEED1C0F380100028EAD15AE7BF
:104F1000A08EA84201D1A78600E000B9208E401ED5
:104F2000A08683B2E26A09E011B1491EA18602E0BF
:104F3000208E401EA086A08E984267D0A18E32F8A7
:104F40001100C0F30016002EEED1C0F3801000282F
:104F5000EAD138E7AC1603080A0000000021204619
:104F60000AF0D4FAA28E8046AA4214D1A786E26A39
:104F700005E0491C88B2A086218E884246D2A18EC7
:104F800032F81100C0F30013002BF2D1C0F38010EF
:104F90000028EED117E7A16A06EBC2000B5A31F8E0
:104FA00032001B1A5B1C43F34E0318440FFA80FCBB
:104FB0001046238E1DE037E009EBC00709EBC20560
:104FC000CF5F4D5FAF4212DD31F9305065450EDCE9
:104FD00006EBC0054D5F4544654508DBE56A35F8DD
:104FE0001070C7F3801515B9C7F300152DB1401C1B
:104FF00080B200E00AE08342DED8834247D8E2E68E
:10500000491C88B2A086218E884201D3A586DAE6A3
:10501000A18E32F81100C0F30013002BF0D1C0F3C1
:1050200080100028ECD1CEE6A16A06EBC2000B5A34
:1050300031F832001B1A5B1C43F34E03184405B2CF
:10504000B4F934001EE000BF09EBC00709EBC2034E
:10505000CF5FCB5E9F4213DA31F93030A3EB0C0304
:10506000AB420DDC06EBC003CB5EAB4208DBE36A70
:1050700033F81030C3F3801717B9C3F3001323B10B
:10508000401E00B20028DFDA9DE60028B7DBA086CC
:1050900099E600002DE9F0410F46A1F57F41FF3967
:1050A00018D00546008EB84214D3002426460CE0E2
:1050B000641C686AA4B2761CB6B250F8240009A138
:1050C000EBF764F908B9641CA4B2BE42F0D1288E93
:1050D000B04202D10020BDE8F081686A50F8240097
:1050E000F9E700000A000000808E7047038E8B42B3
:1050F00004D9C06A30F81100824301D00020704703
:105100000120704770B50446008E0E461546B04229
:1051100034D994F83600C00706D0E80504D54FF41A
:1051200080712046FFF7E0FCE80616D5218E0120AD
:1051300001290ED9002309E0B34205D0E26A12F832
:105140001320D20600D400205B1C9BB29942F3D8F6
:1051500018B10121204608F09DFAE06A30F81610D7
:10516000294320F8161031462046FDF7E1FD680579
:1051700004D52046BDE870400BF072BC70BD70B520
:105180000E460546002406E0324621462846FFF733
:10519000B9FF641CA4B2288EA042F5D870BD10B52A
:1051A0000446008E4200E06A07F058FE2046616A1D
:1051B000BDE81040AFF300802DE9F34F97B00D002C
:1051C00079D0179C2046F1F7E1FF65620021162295
:1051D00017980AF0A3FAC0B21290002117980AF0AB
:1051E000CBF90B90002117980AF06EFA0F9000216E
:1051F00017980AF039FA0290002117980AF086F9F8
:105200000990179809F0C4FA0490179809F0A6FAC3
:10521000618E0027C1F101020299A94601FB02003B
:1052200000B21090384685E04FF0000B5D460AE072
:10523000E06A791930F81100FBF7DDFE58446D1C67
:105240001FFA80FBADB259F8250040B142A1EBF73F
:105250009DF820B159F8250000780028E8D15DB309
:105260001099608E01FB08F1B1FBF0F20F99531811
:10527000029A08FB023109B20891109908F1010263
:105280005143B1FBF0F10F9A0298491E08FB002030
:10529000084400B2149009990498C5F1010201FB79
:1052A000020000B20E90002801DA00200E904FF0AC
:1052B000000A564636E04BE0FFE709F1040036E00D
:1052C000E06A30F81700FBF796FE0E9901FB0AF131
:1052D000B1FBFBF20999824406FB01210E9A09B247
:1052E0000AFB02F0B0FBFBF0099A401E06FB02002D
:1052F000129A00B2012A06D10A460499081A01B28C
:105300000498801A00B20B9A104403B214980090CB
:105310001144A06A09B200EBC700089AFFF791F99F
:10532000761C7F1CAE42CBD309EB8500001D814665
:1053300008F101008046608E40453FF675AF179832
:105340000BF08EFB179819B0BDE8F04F0AF0F0BED5
:1053500019B0BDE8F08F00000A00000080F8361098
:1053600000210FF015BC70B50446008E0D46A84212
:1053700003D8A5F57F40FF380AD12046A18EFDF75E
:10538000D7FC2046A5862946BDE87040FDF7D0BC75
:1053900070BD00002DE9F0410F460C4640F2E4716B
:1053A0002185012084F82A0084F82B00A18584F847
:1053B0002E0084F82F0000202063A086A82104F589
:1053C0008C7007F01DFE002108462D4B782506E065
:1053D00028B14207B2F1604F08D0072808D253F82D
:1053E000202000BF04EB8006B2630CE025A2F9E7A1
:1053F00004EB810204EB800682F8185102F58C72EE
:10540000491CC9B2B263401CC0B23828E0D31EA008
:10541000C4F814013846FFF789FB04F138016062D3
:10542000FFF7CAFE54F8240F4FF40871FFF7A7FEE8
:1054300000231A221549206808F0E0F842F26401BE
:1054400020680CF0C9F8012138460BF05DFE0121FF
:1054500020680BF069FE94F90A202189384600F093
:1054600019F894F9073094F90620A188384600F01D
:10547000ADF82068BDE8F0414FF4804108F00AB96A
:10548000E40000200A000000000000002DD2000807
:105490002C3070472DE9F05F044688B2A08555B2E4
:1054A00084F82E50012184F82F1082464021606A32
:1054B000FFF71AFB0026B1B24022606AFFF722FE16
:1054C000761C072EF7D3564629463046FCF7F2F8ED
:1054D0008346294601223046FBF768FE06463746DA
:1054E0004FF001080BEB07090EE000BF04EB87004B
:1054F000434635A2042100F58C700DF093F808F1B5
:10550000010000F0FF087F1CB945EFD8691E504626
:10551000FCF7D0F80025801B401CC7B212E000BF8A
:1055200004EB85003B4628A2042100F58C700DF0A9
:1055300079F8E81D81B24022606AFFF7E3FD7F1C25
:10554000FFB26D1CB542EBD306EB0B05012711E052
:1055500004EB85003B461CA2042100F58C700DF085
:1055600061F8E81D81B24022606AFFF7CBFD7F1C25
:10557000FFB26D1C2A2DEBD32046FCF783FC606A3A
:10558000FFF7B2FDA0F57F41FF3903D0F11D606A3E
:10559000FFF7E9FE20460AF0CBFD204609F08CF823
:1055A000064600250BE02946204609F073F8616A9B
:1055B000814203D022461C2104F08AFB6D1CB542B7
:1055C000F1D3BDE8F09F000025640000018580F85C
:1055D0002A2080F82B30FCF755BC10B50C46102162
:1055E00004F12400F0F770FA102104F13000F0F714
:1055F0006BFA002024F86C0F2081608060816420A9
:10560000A080A081E080E081032060820520A0824C
:105610000A20E08247F6FF702082207F20F00700FA
:10562000401C20F0080020774FF4807020836083B6
:1056300010BD000070B50C4601F1240610E000BF5B
:10564000F0F725FA0546007B400702D4686807F0AA
:10565000C9FB29463046F0F7B5FA284607F0C2FBE9
:10566000A06A00283046EBD1F0F7FBF904F13005D1
:105670000AE000BFF0F70BFA064601462846F0F7AD
:10568000A1FA304607F0AEFB606B00282846F1D146
:10569000BDE87040F0F7E5B9F8B50D467E4808F072
:1056A000E3FF012874D1284604F0D0FA06462846C4
:1056B00004F00AFB0446012E2DD0082E69D0292EB5
:1056C00068D0132E67D02C2E7ED0152E7FD1284681
:1056D00004F0C2FA054601462046F5F799F8264639
:1056E000002229462046FAF77FF801222946304653
:1056F000FAF77AF8022229463046F9F7D5FE042255
:1057000029463046F9F7D0FE04F12400F0F751FAAB
:10571000002871D0B9E005F075FE694605F088FEF5
:10572000BDF80010A08A2546081AADF800002846EA
:1057300009F048F9BDF800104618284609F028F885
:10574000B5F88410484340F30F270021284609F09C
:10575000FBFE301A00B20026002822DBB84203DD2F
:10576000B5F88260761E1CE095F8881001F00701FC
:10577000012902D002290FD013E0B5F88210491E8A
:10578000414307EBD77001EB600090FBF7F608E0B0
:105790001DE01DE024E027E0B5F88210414391FBB5
:1057A000F7F6B4F97C00B04211D0B1B22046FDF753
:1057B0002DFB2046B4F87C10FDF728FB0022204684
:1057C000A4F87C601C2100E031E004F081FAF8BD0F
:1057D00034F87C1FFDF71AFB47F6FF702080F8BDF8
:1057E000BDE8F8400BF068B9B4F94020B4F94C00BA
:1057F000824202DD164601E02EE0064634F9581FCB
:10580000B4F90C30994201DD0C4600E01C46A6427A
:1058100005DD824201DD114604E0014602E09942C5
:1058200000DC19462846BDE8F84004F071BA284665
:1058300004F048FA0546204608F0AAFFB4F88410A0
:10584000484300122880204608F088FFB4F88610EC
:10585000484300126880F8BD94F8880000F0070003
:10586000012804D0022807D003280AD00DE02946D9
:105870002046F8F74FFA08E029462046F8F72CF9B9
:1058800003E029462046F8F75FFC29462046BDE89C
:10589000F840F4F7F3BD0000C8D702082DE9F04F37
:1058A0008BB090460E4604001D460AD056B1B4F89F
:1058B0008210414507D80020288058800BB0BDE8F1
:1058C000F08FFEE7FEE7204608F062FFB4F8841090
:1058D000484340F30F27204608F040FFB4F88610F5
:1058E000484340F30F20049094F8880000F007002C
:1058F000012804D003280AD0022819D065E0B4F8A2
:10590000820007FB08F7401E97FBF0F05CE0009771
:105910003168002331F91800317BC1F3C00204EB78
:105920004201B1F97820B1F9741007F0B1F94BE0F8
:1059300004F1240003900790F0F7ADF881464FF48E
:10594000A021204609F0DCFDB4F884104843001281
:1059500006900021204609F0D3FDB4F884104FF0E2
:10596000000A484301120291B4F88200C0F101021A
:1059700002FB017191FBF0F00FFA80FB0798F0F742
:105980009FF806E0B14206D00AF1010A0398F0F749
:1059900094F80100F6D10298B4F88210384400FB64
:1059A00008F090FBF1F00BFB0AF1B1FBF9F1069A5C
:1059B000C9F1010302FB03B20144B2FBF9F000B2EA
:1059C00000EBD07001EB600028800021204609F038
:1059D000A1FC07460021204609F0B6FD298838447D
:1059E00008442880204608F0EDFF2988081A2880FE
:1059F0003146204600F02CF800EB0801B4F8820094
:105A0000049B91FBF0F200FB1210716880B231F937
:105A10001000317BC1F3001204EB420232F96C1F1B
:105A2000401AB2F904205843511A90FBF1F0181AA9
:105A300068800021204609F02FFE69883844084418
:105A40006880204609F08AF86988081A688035E776
:105A500029B190F88800000702D448897047FEE712
:105A60000020704710B50AA0486201200C468862E9
:105A70000221204607F00EFE0821204607F00AFE0C
:105A80002046BDE810404FF4806107F003BE0000DF
:105A9000436865636B20626F7800000010B591F871
:105AA00028000C46C00704D1606A07F09BF900206B
:105AB000606210BD2DE9F04FBDB0054604F004F959
:105AC0000446284604F0C8F83B900021204609F01F
:105AD000AFFE3290B0F9087000213222204609F062
:105AE0001DFE05460021204609F0F4FD00EB050BE4
:105AF0000021204609F046FD05440021204609F01A
:105B00000BFD34904FF40031204609F03BFD8146F7
:105B10004FF40031204609F083FD06464FF4003172
:105B2000204609F0D7FD33904FF40031204609F0AC
:105B3000C3FC359069224FF40031204609F0EEFD98
:105B400082466A224FF40031204609F0E7FD804684
:105B500015A802F013FB15AA4FF4003120460AF0F5
:105B60008BF9A08A4119CA1909EB06000244A2F177
:105B70000109E28A339802EB0B05359AEB191044C0
:105B80001E18A1EB0A00ADF8E40009EB0A00ADF81D
:105B9000E800A5EB0800ADF8E600761E06EB08006D
:105BA000ADF8EA0003A83B9908F0B2FB15A80790EE
:105BB0002D484FF00008CDE9040839A806904FF4AD
:105BC0000030109003AA1A21204604F081F839AA67
:105BD00015A93B9802F0BEFA03AA1B21204604F047
:105BE00077F80021204609F047FE82460021204632
:105BF00009F030FE41F6FF72CDF800A0CDE9012892
:105C00000346616A2FA8329A0EF082FD27A801F0A0
:105C1000E5FC27AA002120460AF080F8701B401CF2
:105C200000B2C01B00EBD070411034984844ADF86E
:105C30009400BDF8BC201044ADF89800E28A0BEB4C
:105C400001001044ADF89600BDF8BE10CDF80080FC
:105C50000844ADF89A0025AA27A9636A3B9801F089
:105C60001DFA3DB0BDE8F08FC81603082DE9FF5FAF
:105C70000E463C4808F0F8FC012862D1304603F09B
:105C8000E5FF0546304604F01FF804464FF400389F
:105C90002C2D09D0132D56D0152D52D104B03046DD
:105CA000BDE8F05FFFF706BF304604F00BF805468D
:105CB0000021204609F0BCFD064607890021204648
:105CC00009F0DAFD81460021204609F0C3FD0021DC
:105CD00041F6FF72CDF80090CDE90121034632462E
:105CE00003A8616A0EF014FD0021204609F014FC9F
:105CF000834646464146204609F044FC81463146EB
:105D0000204609F08DFC80463146204609F0E2FC31
:105D100082463146204609F0CFFB024607EB0A00D7
:105D2000104407EB0901BDF80C2041440A4402EB82
:105D30000B012980BDF90E1000B2884200DC084634
:105D40006880BDE8FF9F304603F0BCFF0546414632
:105D5000204607F053FFB5F90010814200DD0846E8
:105D60002880EEE7C8160308F0B504464FF4FA663B
:105D7000C1F341307710642501280BD121F4C040D4
:105D8000B04207DCB84201DDC0F57A70584390FBA1
:105D9000F5F001B2C2F3413001280BD122F4C0402A
:105DA000B04207DCB84201DDC0F57A70584390FB81
:105DB000F5F002B2944201DA204600E01046884233
:105DC00001DA0846F0BD944201DA2046F0BD1046E3
:105DD000F0BDF0B504464FF4FA66C1F341307710D8
:105DE000642501280BD121F4C040B04207DCB84241
:105DF00001DDC0F57A70584390FBF5F001B2C2F3B3
:105E0000413001280BD122F4C040B04207DCB84237
:105E100001DDC0F57A70584390FBF5F002B2944270
:105E200001DA204600E01046884201DA0846F0BD5B
:105E3000944201DA2046F0BD1046F0BD002208B5BC
:105E40001146104600F043F90090BDF8000008BD6F
:105E5000002208B51146104600F052F90090BDF836
:105E6000000008BD08B50020BDF8001060F3020175
:105E700089B260F3C70189B260F30C2189B260F383
:105E80004F31ADF8001088B20090BDF8000008BD99
:105E9000002208B51146104600F064F90090BDF8E4
:105EA000000008BD80B2C0F3C402C2EBC20303EB22
:105EB0000222D21D520962F317414207920E02EBF1
:105EC000503202EB420303EB0222D21C920962F32E
:105ED0000F21C0F30420C0EBC00202EB0020C01D64
:105EE000400960F30701FF2060F31F61C1F3074021
:105EF000C1F3072200EB400000EB8200C9B2084466
:105F0000C0F3C700704738B50C460546FFF7C0FF21
:105F10002246294600F0F0F90090BDF8000038BD97
:105F200007B58107BDF8043002D020F8023B521EAD
:105F3000BDF8041001EB01410EE002C0103A02C0AE
:105F400040F8081B40F8041C40F8101B40F80C1CDB
:105F500040F8081C40F8041C102AEED803E000BFEB
:105F600020F8023B521E002AFAD10EBDF82101EAA8
:105F70001041C0F34232114300F4E05208B541EA47
:105F8000C20100F0F80041EA4010ADF8000080B214
:105F900008BDF82101EA1041C0F34232114300F478
:105FA000E05208B541EAC20100F0F80041EA4010B1
:105FB000ADF8000080B208BDF8B5C0EB00204FF48A
:105FC000B473B0FBF3F083B2C1EB01206421B0FBEA
:105FD000F1F0C2EB0222B2FBF1F110F0FF00CAB205
:105FE00026D02B21B3FBF1F1C9B2552411FB04F4E7
:105FF000234403EB43035B061D0EC0F1FF0313FBB9
:1060000002F31B0A10FB05F4FF26A6EB14245443ED
:10601000240AC5F1FF0515FB00F0A6EB1020504344
:10602000050A052918D2DFE801F006090D11140050
:106030001146084613E01046294601E02046114665
:106040001A460CE0114618462A4608E01846214632
:1060500005E02846194602E010461946224600F09F
:1060600081F80090BDF80000F8BD18B54C09BDF8E6
:106070000030D20864F30203ADF80030C308BDF865
:106080000000890863F3C70080B262F30C2080B27D
:1060900061F34F30ADF8000080B218BD18B54C095F
:1060A000BDF80030D20864F30203ADF80030C30835
:1060B000BDF80000890863F3C70080B262F30C20CA
:1060C00080B261F34F30ADF8000080B218BD18B552
:1060D0004C09BDF80030D20864F30203ADF800307B
:1060E000C308BDF80000890863F3C70080B262F3FB
:1060F0000C2080B261F34F30ADF8000080B218BDC3
:1061000018B54C09BDF80030D20864F30203ADF8AD
:106110000030C308BDF80000890863F3C70080B2EF
:1061200062F30C2080B261F34F30ADF8000080B212
:1061300018BD18B54C09BDF80030D20864F302034D
:10614000ADF80030C308BDF80000890863F3C7004C
:1061500080B262F30C2080B261F34F30ADF80000E2
:1061600080B218BD18B54C09BDF80030D20864F3F0
:106170000203ADF80030C308BDF80000890863F3DE
:10618000C70080B262F30C2080B261F34F30ADF8EB
:10619000000080B218BD18B54C09BDF80030D20817
:1061A00064F30203ADF80030C308BDF800008908AD
:1061B00063F3C70080B262F30C2080B261F34F300A
:1061C000ADF8000080B218BD18B580B2030243EAF2
:1061D000102084B288B2010241EA1020121D0C493D
:1061E00080B2D30840EA004044EA044208400A4032
:1061F000121A5A4300EB5210084040EA104080B295
:10620000010241EA1020ADF8000080B218BD000084
:106210001FF8E00718B580B2030243EA102084B2E9
:1062200088B2010241EA1020121D0C4980B2D30845
:1062300040EA004044EA044208400A40121A5A4325
:1062400000EB5210084040EA104080B2010241EADF
:106250001020ADF8000080B218BD00001FF8E00764
:1062600018B580B2030243EA102084B288B201025A
:1062700041EA1020121D0C4980B2D30840EA0040C8
:1062800044EA044208400A40121A5A4300EB5210F2
:10629000084040EA104080B2010241EA1020ADF807
:1062A000000080B218BD00001FF8E00718B580B2EA
:1062B000030243EA102084B288B2010241EA1020AE
:1062C000121D0C4980B2D30840EA004044EA04425F
:1062D00008400A40121A5A4300EB5210084040EAA4
:1062E000104080B2010241EA1020ADF8000080B2F7
:1062F00018BD00001FF8E00718B580B2030243EA9A
:10630000102084B288B2010241EA1020121D0C490B
:1063100080B2D30840EA004044EA044208400A4000
:10632000121A5A4300EB5210084040EA104080B263
:10633000010241EA1020ADF8000080B218BD000053
:106340001FF8E00780B2C0F3C402C2EBC20303EB44
:106350000222D21D520962F317414207920E02EB4C
:10636000503202EB420303EB0222D21C920962F389
:106370000F21C0F30420C0EBC00202EB0020C01DBF
:10638000400960F307010846FF2161F31F60704771
:10639000FF2208B511461046FFF767FE0090BDF8D2
:1063A000000008BDFF2208B511461046FFF7A8FE01
:1063B0000090BDF8000008BD08B50720BDF800102A
:1063C00060F30201ADF80010BDF800201F2161F359
:1063D000C70292B261F30C2291B260F34F31ADF873
:1063E000001088B20090BDF8000008BD10B5002074
:1063F0000C468884642184F8261084F8271094F8C9
:106400003C1021F0070184F83C10206360630948C8
:106410004FF48031C07884F82C00204607F03AF918
:106420004FF44071204607F01BFD2046BDE81040A8
:1064300010F0E2BB380100202DE9F04391B089460D
:10644000FE4808F011F9012827D1484603F0FEFB69
:106450000646484603F038FC04464FF44037132EF6
:106460001ED0292E50D02A2E67D04FF4B4750D2E91
:1064700068D0012E7DD0022E7CD047F6FF75112EFC
:1064800079D0152E78D0122E07D1484603F01AFC89
:106490000178022901D00121017011B0BDE8F0831B
:1064A000B846394609F056F807464146204609F0F5
:1064B0009FF806464146204609F0F4F80546414655
:1064C000204608F0E1FFB74201DD394600E03146E1
:1064D000854201DD2A4600E00246914205DDB742D1
:1064E00001DD384604E0304602E0854200DD284602
:1064F000801C04B2484603F0E5FBB0F90010A1424D
:1065000000DD0C460480C8E7484603F0DBFB054687
:10651000204609F0D6FAA9882A88891A491C09B2A6
:10652000884209D1204608F086F9E9886A88891AE4
:10653000491C09B28842B0D0204611B0BDE8F043F2
:1065400010F05ABB484603F0BDFB0068132814D076
:10655000112812D0142801D012289ED194F83C00A2
:10656000616A10F003003AD001283ED0022829D1F8
:1065700044E04CE05AE029E134E194F83C00616ADF
:1065800010F0030205D06420012A0BD0022A19D191
:1065900010E0A08C401CB0FBF5F205FB120060F38C
:1065A0000F010FE094F82620521CB2FBF0F300FB21
:1065B000132020E094F82720521CB2FBF0F300FBDC
:1065C000132021E0204600F047F900289BD011B0AD
:1065D0002046BDE8F04300221C2103F079BBA08CCB
:1065E00000B1451E65F30F01ECE794F8260008B1F1
:1065F000401E00E0642060F31741E3E794F82700B1
:1066000008B1401E00E0642060F31F61DAE70DF07E
:1066100065FD606304F0F6FE04F1380104F008FF44
:1066200011B02046BDE8F043F2F714BD04F0EAFED5
:106630000600CBD004F027FF042876D0022874D0BF
:106640006946304604F0F4FE3068BDF90030B4F914
:106650003820007E991A002900DCD11A814209DC19
:10666000BDF90220B4F93A30D11A002900DC991A98
:10667000814208DD0DF032FD6063BDF80010218716
:10668000BDF802106187BDF80010A08A081AADF8A5
:106690000000BDF80210E08A081AADF8020020469A
:1066A00009F00FFA87B20021204608F0D0FD01461C
:1066B000BDF800207808121A13B2ADF80030BDF80A
:1066C00002200127121A401A12B200B2ADF80220BD
:1066D000412807DD01EBD171A0EB610000B2412838
:1066E00000DA412013FB03F112FB021110FB00F052
:1066F000814200DA0027606B0DF0EAFC57B3BDF968
:106700000210BDF90000FDF7ADFFB0FBF5F105FB90
:10671000110094F83C20616A12F003023BD0012A78
:106720003CD0022A47D140E0FFE7204609F0C9F9F2
:10673000A18A00EBD07001EB6000ADF800002046AC
:1067400008F079F8E18A00EBD07001EB6000ADF859
:10675000020079E73168898B8142BFF4D4AE94F8A6
:106760003C0041073FF5CFAE00F003010322491C76
:10677000B1FBF2F302FB131161F3010084F83C005A
:10678000204610F039FA204609F0D2FC04F03AFE17
:1067900004F08CFF81E660F30F010CE064225043AB
:1067A00090FBF5F060F3174105E06422504390FB45
:1067B000F5F060F31F61204600F04EF80028E9D0A4
:1067C00000221C21204603F083FA66E6484603F0C7
:1067D00079FA064601682A4604F11400EEF78BFCAC
:1067E00030715AE64846F3F757FF4E46484603F0E5
:1067F0006BFA0446304603F02FFA0646684601F06D
:10680000BDFC6A463946204609F036FBADF800501B
:1068100094F82C00C00707D0204600F011F8109023
:10682000BDF84000ADF8040021460EA8FAF708FEB6
:106830000EAA6946304601F08DFC2EE6E4D7020828
:1068400008B590F8272090F82610808CFFF7B4FB4D
:106850000090BDF8000008BD10B5044688B24FF4A2
:10686000B472904205D9B0FBF2F302FB130060F35F
:106870000F01C1F307426420642A01D960F3174174
:106880000A0E642A01D960F31F61A08C8AB290427B
:106890000CD194F82600C1F30742904206D194F837
:1068A00027000A0E904201D1002010BD20466162EF
:1068B00010F0A2F9204609F03BFC012010BD70B594
:1068C0000C00054611D000F00DF910FB04F050301B
:1068D000B0F5A07F0BDB284600F004F910FB04F0B4
:1068E000A021503090FBF1F002E0002000E00120F8
:1068F00000B270BD2DE9F0410D461E461746044614
:106900001C2106F07DFBC4E90057C4E90256BDE82E
:10691000F081000038B50446502106F071FB4FF4B9
:10692000A0702080F02060804FF0FF30A080E080D9
:106930000020208160812069822120F0400040F009
:10694000080061F3D01020614EF20700ADF800009E
:106950000090BDF800002087024820646064582041
:10696000A06438BD358B0108F8B505465248EFF7ED
:10697000B3F8040002D0E86B08B10AE0FEE7A86CA7
:1069800006F0A4F906007FD001462A6C28469047FD
:10699000EE634FF4B471204606F032FB012025600F
:1069A000C4F85401082104F5AC70EFF78DF8434E9C
:1069B00022461E21F7684248F4600DF0F3FB606048
:1069C000002862D0286981070AD529886A8811FBC6
:1069D00002F1EA68D268914202D920F002002861EF
:1069E000BDF80000072161F30200ADF80000BDF81A
:1069F00000201F2060F3C70292B260F30C2290B215
:106A000061F34F30ADF8000080B20090BDF8000097
:106A10000090BDF800006085FF2084F829000DF08B
:106A200037FB80B30DF0D8FAA060002007F0A8FA79
:106A30002061002007F0A4FAE061002007F0A0FA2E
:106A4000204D20622A460021E0690AF024F92A46F6
:106A50000021206A0AF01FF90221E06907F000FA1C
:106A60000221206A07F0FCF90021E0690AF036FCF7
:106A70000021206A0AF032FC206909F059FBF76016
:106A8000A7B114E000E001E0FEE7FEE700200AF015
:106A900065FE054605200AF061FE01460A480090A1
:106AA00000232A4620460DF0A1FABDE7F460606895
:106AB0000DF049FC2046F8BD8C520020AC010020AE
:106AC00061520008FFFF0F0040130308C268002155
:106AD0001161C068416170470148C068704700009B
:106AE000AC01002010B90548C06820B100680069F9
:106AF000C0F3C9107047822070470000AC0100202D
:106B00000068C0687047000018B90948C0680028CC
:106B100009D00068017CC1F30111012904D00329C7
:106B200002D0B0F900007047B0F9020070470000D1
:106B3000AC01002010B518B9FFF7CEFF002800D037
:106B4000006A10BD10B518B9FFF7C6FF002800D0C5
:106B5000C06910BD18B101460248EEF7AABF01484E
:106B6000EEF795BF8C52002010B518B9FFF7B4FFAF
:106B7000002800D0006910BD10B518B9FFF7ACFFB0
:106B8000002800D0406910BD10B508B9FFF7A4FF78
:106B9000806810BD18B90948C068002809D000688D
:106BA000017CC1F30111012904D0032902D0B0F9FD
:106BB00002007047B0F9000070470000AC010020EF
:106BC00010B518B9FFF788FF002804D0D0F8540199
:106BD000002801DD012010BD002010BD08B50021F6
:106BE0000B460A4600910BF045F908BD7CB50E7BBB
:106BF000DDE90654022E08D94E88002E05D0A542A4
:106C000003D0CDE900544469A0477CBD38B50446A3
:106C1000102106F0F5F901206080FF202073BDF8F7
:106C20000010002060F3020189B260F3C70189B24D
:106C300060F30C2189B260F34F31ADF8001088B2D7
:106C40000090BDF800000090BDF80000208038BD25
:106C50002DE9F04F85B0824610B294468B460FFA6C
:106C600082F9AAEB000EDDF838800FFA8EF204925A
:106C7000ABEB000217B203920AEB000203F5B4710A
:106C8000119C58441E46029212B203B201908845EC
:106C90007DD04FF4B4718E4202D9A6F5B476B6B267
:106CA000884503D9A8F5B4701FFA80F80F99ACEBAA
:106CB000010000B20090109818B101EBD1704010A3
:106CC000401C05B25A21B6FBF1F0B8FBF1F1C0B29D
:106CD000C9B2042800D10320042900D1032188422D
:106CE0007ED146457CD868B3012854D0022878D09C
:106CF00003287ED106F15A0000B20DF045FC009940
:106D000010FB01F10AEBE130401B208030B20DF0A6
:106D10003BFC10FB09F10BEBE130401B608008F1FC
:106D20005A0000B20DF030FC10FB09F10AEBE13023
:106D30002844A0800FFA88F00DF026FC009910FB83
:106D400001F15AE130B20DF01FFC009910FB01F186
:106D50000BEBE130401B60805A3630B20DF014FC72
:106D600010FB09F10AEBE1302844A0800FFA88F00B
:106D70000DF00AFC10FB09F10BEBE1302844E08038
:106D800008F15A0000B20DF0FFFB009900E0E6E0C8
:106D900010FB01F129E030B20DF0F6FB10FB09F118
:106DA0000BEBE1302844E0805A3630B20DF0ECFBBA
:106DB000009910FB01F10AEBE1302844A0800FFAA2
:106DC00088F00DF0E1FB009910FB01F10BEBE130D5
:106DD000401B608008F15A0000B20DF0D5FB02E0C4
:106DE00036E009E005E010FB09F10AEBE130401B59
:106DF000208005B0BDE8F08F06F15A0000B20DF01A
:106E0000C3FB10FB09F10AEBE130401B208030B2DC
:106E10000DF0BAFB009910FB01F10BEBE1302844B7
:106E2000E0800FFA88F00DF0AFFB10FB09F10BEBDF
:106E3000E130401B608008F15A0000B20DF0A4FB65
:106E4000009910FB01F10AEBE1302844A080D0E763
:106E500030B1012837D0022861D003287ED099E0D4
:106E600001297CD108F15A0000B20DF08DFB10FB16
:106E700009F10AEBE130401B20800FFA88F0029004
:106E80000DF082FB074630B280460DF07DFB874255
:106E900001DA029800E040460DF076FB009910FB05
:106EA00001F10BEBE130401B60805A3630B20DF03F
:106EB0006BFB10FB09F10AEBE1302844A08001983C
:106EC0002844E08095E7022964D1AEEB05002080DC
:106ED0000FFA88F00DF058FB10FB09F10BEBE130D5
:106EE000401B608006F15A0000B201900DF04CFB8F
:106EF000074608F15A0000B280460DF045FB874274
:106F000001DD019800E040460DF03EFB009910FBCA
:106F100001F10AEBE1302844A08030B269E0032996
:106F200038D106F15A0000B20DF02EFB10FB09F12A
:106F30000AEBE130401B20800398401B608008F181
:106F40005A0000B20DF020FB10FB09F10AEBE13012
:106F50002844A0800FFA88F0804601E019E019E08B
:106F60000DF012FB009910FB01F730B206460DF050
:106F70000BFB009910FB01F0874201DD404600E069
:106F800030460DF001FB009910FB01F00BEBE030F7
:106F900096E729B1049820806780A280E38028E7E3
:106FA00008F15A0000B203900DF0EEFA074606F120
:106FB0005A0000B201900DF0E7FA874201DA039817
:106FC00000E001980DF0E0FA009910FB01F10AEBE6
:106FD000E130401B208030B20DF0D6FA10FB09F1F1
:106FE0000BEBE130401B608002982844A0800FFA30
:106FF00088F00DF0C9FA10FB09F10BEBE1305FE707
:107000002DE9F0411D0017460E4604461AD0F07ACD
:1070100002281AD9D4F81CC0BCF1000F03D02046B6
:10702000E047012811D02B463A4631462046F1F779
:10703000F3FE012809D006A239462046BDE8F041FA
:1070400010F05BBE02A23946F8E7BDE8F08100000F
:107050004E6F0A646174610038B58469049D002C28
:1070600001D00095A04738BD38B50446182105F079
:10707000C7FF002211461046FFF710F80090BDF838
:1070800000000090BDF800002081FF20E072401C4D
:1070900060800120207538BD704700002DE9FF4F4A
:1070A000B5B0887E429F1E4692460C4602287DD986
:1070B000206800287AD03598006A002876D02022EF
:1070C00012A8E9F718F920680390002E6ED03078E6
:1070D00000286BD03598514682682EA8EDF723FF23
:1070E000002863D0207FB0F1000B01D14FF0010BDD
:1070F000607F800707D4BAF80410BAF80000081AB5
:10710000401C03B20FE0B4F91200627F41F6FF7138
:107110008DE80700B4F91430314606A822680DF056
:10712000F7FABDF918300398B4F912100025B0F938
:1071300008906A1E01EB09000B90BAF80000ADF848
:107140001000BAF80210ADF81210B4F91600099048
:10715000B4F918000144ADF81210FFB1F0B9BAF952
:10716000021000291ADAD7F808C0ACEB0100002899
:1071700001DCA1EB0C000B994FF4806C49420CEB45
:107180004101884200DD3A603868002806DB054688
:10719000BDF81210B8880844ADF81200617F0020D5
:1071A000CDE90001B4F91420701900E0A1E02D939D
:1071B0000399EEF7A5FF00EB050829E0617F0020A9
:1071C000CDE90001B4F9142006EB08002D9B0399CA
:1071D000EEF796FF454600EB0508BDF812100B9838
:1071E000084400B2ADF812007FB110F5806F0CDBDF
:1071F0003868002809DA3D60BDF91210BAF90200BA
:10720000081A7860BAF90200B860705D002870D082
:10721000BDF9121001EB090035998968B1F9021026
:107220008842CBDB5846CDF8C0B0BBF1020F02D08C
:10723000032816D029E0607F0090B4F91430A8EB41
:1072400005017019039A0DF0C1FA07465046FDF783
:10725000CCF9C01BBDF8101000EBD07001EB600042
:1072600011E0607F0090B4F91430A8EB05017019AB
:10727000039A0DF0ABFA07465046FDF7B6F9BDF894
:107280001010C01B0844ADF81000D4E9019BD9458B
:1072900002D94846D9468346A07F800717D02AA83E
:1072A00000F02DFAA089ADF8A800039890F90E001F
:1072B00000B90120ADF8AA00A07E8DF8B000A07F33
:1072C0009DF8B110C00860F301018DF8B1100020E5
:1072D0000E90FEF7B3FD3390FEF7B0FD31901AA883
:1072E00000F04CFF208AADF86C00BDF91000329020
:1072F0006BE16EE1BDF81010099800270844ADF865
:10730000100070190F900797A8EB05001190BCE0D2
:107310000020A9F57F410A90FF390AD0ABF57F40E4
:10732000FF3806D0AC4A07982918126830469047B3
:107330000A9007AB6A4601A90F98EEF7C9FE607F75
:10734000C0070AD00198232802D0012F13D004E0EF
:1073500047B1012F0AD0022F0BD0E0683190022FE5
:107360004FD050E007980E90012048E00027E068D9
:1073700048E0002043E0202842D107990E98081ADF
:10738000072801D0A08938E0DDE90E210A4428A8A9
:107390005FF0060112F8013B00F8013B491EF9D1EC
:1073A00000208DF8A6009DF8A100FAF74BFD0746D6
:1073B0009DF8A000FAF746FD07EB00100A909DF833
:1073C000A300FAF73FFD07469DF8A200FAF73AFD41
:1073D00007EB00100C909DF8A500FAF733FD074667
:1073E0009DF8A400FAF72EFD07EB0010C2B20C982E
:1073F000C1B20A98C0B2FEF76AFE33900220074677
:1074000043E033983190DDE90021039802F074FDE8
:1074100029904FF6FF70814522D0834520D00A98ED
:1074200048451DD358451BD2BDF81000ADF83000BB
:10743000BDF81210ADF83210A28A02442998401EFD
:107440001044ADF834000B980CAA401E0844ADF867
:1074500036001AA9359800F07DFEE089ADF8C40029
:10746000BDF8C400ADF8540004AA12A9019B3598D8
:1074700000F033F92998002807DDBDF81010A08A24
:10748000084429990844ADF81000079911988842DA
:107490003FF63EAFA07F800723D53298ADF80000BD
:1074A0002068BDF9AA1002ABB0F9080001EBD17158
:1074B00000EBD070401000EB6100BDF812106A467E
:1074C0000844BDF81010ADF80810ADF80200ADF892
:1074D0000A00BDF8C400ADF8A8002AA9359800F04C
:1074E00001F9A07FC0071FD03298ADF800002068D6
:1074F000BDF8121002AB028940891144091A0398A1
:107500006A4690F90D00081ABDF81010ADF8081081
:10751000ADF80200ADF80A00BDF8C400ADF8A8004F
:107520002AA9359800F0DEF8617F0020CDE900013E
:1075300006EB0800B4F9142007462D9B0399EEF7DB
:10754000DFFD454600EB0508BAF80000ADF8100075
:107550003098022802D0032816D029E0607F0090DE
:10756000B4F91430A8EB05013846039A0DF02EF952
:1075700007465046FDF739F8C01BBDF8101000EB68
:10758000D07001EB600011E0607F0090B4F914301E
:10759000A8EB05013846039A0DF018F90746504646
:1075A000FDF723F8BDF81010C01B0844ADF810001B
:1075B000BDF812100B980844359900B2ADF81200CE
:1075C0008968B1F90610884203DC705D00287FF4F9
:1075D00091AE39B0BDE8F08F3402002038B50446D2
:1075E000202105F00DFDFF20A076FEF727FC00907E
:1075F000BDF80000A0810B4820604FF6FF7060606E
:10760000A060FEF71BFC0090BDF80000E0810520A3
:107610000AF0A4F80090BDF8000020820020E07677
:1076200038BD000040130308036C002B00D018473E
:107630007047436C002B00D0184770472DE9F0418C
:107640000546C06B17460E46002826D0E86C05F0AC
:107650003DFB04001CD0E96C05F0D2FCEEF7DCFC2D
:10766000296821626968E161A968A16100683A46F8
:107670002146007CC0F3801084F82400306820602C
:1076800070686060EB6B28469847050001D003E006
:10769000FEE7204605F0A6FB2846BDE8F08170B560
:1076A0000C46054601F099FF206A2860E069686091
:1076B000A069A860EEF7B0FC006894F82420016986
:1076C00062F386110161AA6C12B1214628469047E7
:1076D0002046BDE8704005F085BB30B4046AA4467E
:1076E00030BC604730B44C88002C06D00C7A022C99
:1076F00003D9446AA44630BC604730BC704738B5F3
:1077000004460A2105F07CFC01206080FF202072E5
:10771000BDF80010002060F3020189B260F3C701D8
:1077200089B260F30C2189B260F34F31ADF80010DB
:1077300088B20090BDF800000090BDF800002080E5
:1077400038BD000010B503460A4A002052F8304008
:1077500024B1401CC0B21028F8D301E0102802D395
:107760004FF0FF3010BD42F8303002EBC0025160E4
:1077700010BD0000FC5300202DE9FF4F81B08B4667
:107780000E9D16461C46B5F90A10B5F90C00571A9D
:10779000B5F9082005F11009ABEB020305F13C0A2D
:1077A000B4285DDAB5F90E20B42A7DDA00287BD042
:1077B000002A79D0904277DDB1425ADC696D794375
:1077C0004FEAA12CA96A7F1C79438912A0F20F15F8
:1077D000582D01D8002909DB451E592D01D8002953
:1077E00004DB5B38B32802D2002900DD0021A2F2BD
:1077F0000F10582801D8002909DB501E592801D83C
:10780000002904DB5B3AB32A02D2002900DD002103
:10781000ACEB010001EB60000125C71AA74200DDB7
:107820002746002F0DDD3BB232465946CDF8009079
:10783000019800F091F9050003D13946019805F04F
:10784000DFFBA74200DD2746002F00DA0027CDF836
:1078500000A05DE0B54276D1284605B0BDE8F08FC6
:1078600068DDB5F90E20B42A64DD904262DDB142D4
:1078700001DA0120F1E7696D79434FEAA12CA96A89
:107880007F1C79438912A0F20F15582D01D80029C9
:1078900009DB451E592D01D8002904DB5B38B328CC
:1078A00004D2002902DD00E044E00021A2F20F1022
:1078B000582801D8002909DB501E592801D8002971
:1078C00004DB5B3AB32A02D2002900DD0021ACEBD5
:1078D000010001EB60000125C71AA74200DD274621
:1078E000002F0DDD3BB232465946CDF800A001987D
:1078F00000F032F9050003D13946019805F080FB0C
:10790000A74200DD2746002F00DA0027CDF80090BF
:107910000BEB070001B20198E41B384423B2074681
:10792000324600F019F9060094D12146384605F098
:1079300067FB8FE70127B846B42805D038B109DACC
:10794000B14209DC0AE047E0B14210DC04E0B14298
:1079500002DC0CE0B14201DC032708E0234632469A
:107960005946CDF80090019800F0F6F80746B5F9B1
:107970000E00B42806D060B1B5F90A000FDAB042A3
:1079800004DC0EE0B5F90A00B04206DD4FF0030852
:1079900003E0B5F90A00B042F8DDBFB10EE0B04235
:1079A000F4DD234632465946CDF800A0019800F098
:1079B000D3F8804657B1B8F1000F07D0032F02D09B
:1079C000012F05D008E0B8F1030F05D1002044E7EE
:1079D0004046B8F1010FFAD002203EE72DE9F84306
:1079E0000546884640F26710411C089C1746002B4C
:1079F00001DA002302E08B4200DB0346002C01DAAF
:107A0000002402E08C4200DB04469C4203DAC3F50A
:107A1000B470204403E0E01A002800DC181BA5F82D
:107A20006800AB81EC81A5F808806F81154828605B
:107A3000012028718B4200D9FEE7B42B01D200202F
:107A400000E00120002C01DB8B4200DDFEE7B42CBE
:107A500005D3A4F1B401B42901D2002600E0012627
:107A600000903A46414605F1100000F0CBF823465D
:107A70003A46414605F13C00009600F0C3F8BDE8E7
:107A8000F8830000797701082DE9F8431E46174670
:107A90008846814600250C4C0DE00090D0F800C0CF
:107AA00033463A4641464846E047002808D0022877
:107AB00000D10125083420680028EED115B102203C
:107AC000BDE8F8830120FBE7FC53002010B50179E5
:107AD000022906D0052913D18068BDE8104005F0C1
:107AE00081B90446406900280AD00169002904DAF6
:107AF000406805F077F96069EFE74169491E416127
:107B000010BD000070B5134D060008D05FF00004F2
:107B100055F83410B9B10879022805D002E0286878
:107B2000002800D0012070BD887CB1F91020C0076A
:107B3000304601F1080102D0EDF78DFA01E0EDF7D2
:107B40001AFA0028EED0641CE4B2102CE0D3002016
:107B500070BD0000FC530020F8B5069CA58A266A7B
:107B6000521B658A12B2491B94F8285009B24FEA99
:107B7000C57526B1009485B3FBF70AFDF8BD85B144
:107B8000207C810727D000F00301012923D002299E
:107B900001D1511C1FD4C043800728D1002A1ADC10
:107BA00025E0227C02F00304022C14D0D543AD075B
:107BB00011D0012C01D100290DDC920701EB030249
:107BC00007D0002A13DB49420FD50021002B0EDD20
:107BD0000FE0002A02DA0120F8BD10E04A4206D484
:107BE0009A420ADA991A104405E0994201DB002012
:107BF000F2E7994201DA05F003FA0220ECE7FBF71D
:107C000071FDE9E72DE9FC471C46DDF828801646A2
:107C10000F468146B42B01DDB43C24B204F15A0076
:107C200000B20CF0B1FC07EB601520460CF0ACFC88
:107C300006EB601000B2CDE900082BB2324639469F
:107C4000484600F003F8BDE8FC8700002DE9F04746
:107C50000F46DDE908699846154604462C2105F0D3
:107C6000CFF9B54206D1B9F1030F03D16D1E761ECF
:107C70002DB236B2B54205DD4046B846074630461D
:107C80002E46054627816581A4F80C80E68184F89C
:107C900010906782A8EB07004B46A582002801DD03
:107CA000014601E0A7EB0801721B002A01DD154621
:107CB00000E0AD1BA94294F8281002DD41F001015B
:107CC00001E021F0010184F828100025E561244E2F
:107CD0002660A5612571CE074FF480150DD020B127
:107CE00095FBF0F65643B612E66122B195FBF2F22F
:107CF00042439012A061E0690CE022B195FBF2F6DC
:107D00004643B612A66120B195FBF0F050438012B5
:107D1000E061A0692062980709D003F00300012800
:107D200008D0022813D0D843800714D006E021F0F1
:107D3000020001E041F0020084F82800216A881066
:107D40006062002901DA40426062BDE8F087206A83
:107D50000028EFDCEBE7206A0028EBDDE7E7000016
:107D6000597B01082DE9FE4F8046DDF830900E4624
:107D70001C4699F81200174600F0010AB9F9105094
:107D8000684609F10801FCF7CEFBBDF90200BAF123
:107D9000000F2FD0B84250DCBDF90600B8424CDBD2
:107DA000BDF900004119B14205DCBDF904203119CB
:107DB000521B914209DDBDF902104A19BA4240DC5A
:107DC000BDF90620521BBA423BDBBAF1000F18D0B6
:107DD000801B00D50020A04231DCBDF90410891BB6
:107DE000091A491C4218A24200DD211A002926DB8B
:107DF0004044EFE0B84213DCBDF90600B8420FDBA7
:107E0000CEE7871BA7420BDC002F03DB3946404639
:107E100005F0F6F8BDF90400851B6D1C002D02DC91
:107E20000020BDE8FE8FA54204DA611B08EB0500C7
:107E300005F0E6F81FB9A54201D10120F1E70220C3
:107E4000EFE7BDF80430821B181A401C0FFA80FCC3
:107E5000BDF80600401A401C03B2781A00B2A842CE
:107E600002DA281A401E01E0591B401AD9F81410F2
:107E700000B20223CF6803EB4003FB5A37F81060CF
:107E80009B1B1EB28B68496833F8103037F810001E
:107E90004FF0000700EB010B02EB0C00401B1844F5
:107EA0000FFA80F95019C01A401E05B2BAF1000F3E
:107EB00022D06BE0F11B01EB0B0010F8010C0290DB
:107EC00009EB07005FEA000A08D4A24506DA18F8B1
:107ED0000A1002980DF06CF908F80A00B5EB070AD1
:107EE00008D4A24506DA18F80A1002980DF060F9D5
:107EF00008F80A007F1C3FB2B742DBDB09EB070042
:107F0000A04201DA014600E02146002901DA002002
:107F100002E0A04200DB204600B2211A404405F0F6
:107F20006FF8A81B411CA14201DA0A4600E0224674
:107F3000002A01DA002402E0A14200DA0C4621B254
:107F4000404647E0F11B01EB0B0010F8010CC0F1BB
:107F5000FF00029009EB07005FEA000A08D4A2457F
:107F600006DA18F80A1002980DF022F908F80A004B
:107F7000B5EB070A08D4A24506DA18F80A100298E9
:107F80000DF016F908F80A007F1C3FB2B742D9DBA2
:107F9000681CA04201DA691C00E02146002901DAD0
:107FA000002504E0A04201DA6D1C00E025462AB25B
:107FB000A9EB0200A11A884201DA034600E00B4651
:107FC000002B01DA002002E0884200DB084601B203
:107FD00008EB020005F014F831E700002DE9F0414C
:107FE0001546064688880A881C46801A401C02B23C
:107FF000C8884B88C01A401C00B2824200DA104682
:10800000B5EB600F00DD4510002D00DA002506F10C
:108010000800FCF788FA3582B474384830600220D2
:1080200030710023C5B1364800214FF47A7200BF89
:10803000C1EBC10400EB8404B4F91840AC421BD17D
:10804000C1EBC10100EB81004169491C416101693B
:10805000102D04DA012303E07361BDE8F0812B11D8
:108060000B44934205DA102D01DA012200E02A11B7
:108070000A4402617061F0E7491C0429D8D3002446
:108080004FEA0401C1EBC10700EB8707D7F814C022
:10809000BCF1000F07D12CB1D7F810C0D4F810E014
:1080A000F44500DA3C46491C0429EBD33CB1606935
:1080B000401CC4E90430102D0EDA01200DE01C2014
:1080C00004F004FE040006D01C2104F099FF4FF0D8
:1080D000FF3020610BE0FEE728111844904205DADA
:1080E000102D01DA012000E028111A182261204623
:1080F00029467461BDE8F041F0F7ECBA657D0108EE
:108100008C530020F0B50025094E07462C4600BFD1
:1081100006EBC4004068B84204D156F834502046FB
:1081200000F008F8641CE4B2102CF1D32846F0BD2E
:10813000FC5300200021421C08D0054A002352F8BD
:10814000301042F8303002EBC00043600846704700
:10815000FC53002030B4D38854881B1B5B1C1BB21B
:10816000012B09DB938814881B1B5B1C1BB2012BA2
:1081700002DB036930BC184730BC704738B5044691
:10818000382104F03DFFFEF70DF90090BDF8000026
:1081900024F8040FFEF706F90090BDF80000608097
:1081A000FDF756FE0090BDF80000E080FF25257227
:1081B0000220A072FDF74CFE0090BDF80000608325
:1081C000FDF746FE0090BDF80000208507482061BD
:1081D00004F8015CA57584F82650A57784F8325020
:1081E000E07F20F03E001E30E07738BD40130308EA
:1081F0002DE9F04FCBB08346DDE95465087B984606
:1082000014460F4602287DD9B7F90200002879D01C
:10821000AE4277D01AB281469246404500DD914683
:1082200001A8FFF7ABFF787B00F003008DF8060094
:10823000B86840B100208DF80700B8680590387B19
:108240008DF81E0005E0387B8DF807003888ADF802
:1082500008002188A8F10103A1EB0802ADF8402035
:108260006188A1EB0801ADF8421020881844ADF8F0
:108270004400B4F802C0ADF8D4006344ADF8463011
:10828000ADF8D020ADF8D210ADF8D630B7F802C0B6
:108290006244ADF8D020B7F802C0614409B2ADF82D
:1082A000D210B7F802C0A0EB0C00ADF8D400B7F8BC
:1082B00002C0801AA3EB0C034FF0FF3C1BB2CDF8B9
:1082C0000CC1401CADF8D6304FF0000C00B2CDF818
:1082D00010C1002812DD581A401C00B200280DDD24
:1082E000012347F6FF7234A937A8FFF777FE012074
:1082F0004490002137A8FFF725FA4390002347F662
:10830000FF7200E02DE010A93DA8FFF767FE0021F5
:108310003DA8FFF717FA459006F5B470A84205D0BE
:1083200005F5B4714FF4B4708E4220D147F6FF705A
:10833000ADF8040010AA01A95846FFF70BFF4598B5
:10834000FFF7F8FE4398401C02D04398FFF7F2FE77
:108350003DA8FFF7BBFB4498002802D037A8FFF7E1
:10836000B5FB4BB0BDE8F08FA6F5B476B6B2864249
:10837000FAD202E0A5F5B475ADB28542FAD228B2C0
:1083800049900090B4F90220B4F9001033B219A852
:108390004A93FFF723FB002119A8FFF7D3F9469072
:1083A000B54203D9A81BC0F5B47000E0701BDBF820
:1083B000081000913C282ADDB8F10A0F27D95A206D
:1083C000B6FBF0F1B5FBF0F000F00300ADF854009F
:1083D00001A8ADF84CA0ADF8505001F00301169083
:1083E0001294ADF84E60ADF85210ADF8569010A84A
:1083F000CDE9170B12A8F4F7C9FF12A8F5F78EF80C
:1084000012A8F5F75AF912A8F5F745FA04E010AAF0
:1084100001A95846FFF79EFE19A8FFF757FB3DA894
:10842000FFF754FB449810B137A8FFF74FFB46986D
:10843000FFF780FE4598FFF77DFE4398401C02D071
:108440004398FFF777FE787B40078AD509F0FF0253
:1084500012AB51464A98F9F758FABDF848002188FE
:1084600012AA0844ADF84800BDF84C002188084421
:10847000ADF84C00BDF84A0061880844ADF84A00E8
:10848000BDF84E0061880844ADF84E0015A800996B
:10849000ECF749FD15AEC0B1002347F6FF7212A9F3
:1084A00043A8FFF79BFD002143A8FFF74BF90546C2
:1084B000584610AA01A9CBF80860FFF74BFE2846E2
:1084C000FFF738FE43A8FFF701FB09F0FF0212ABEC
:1084D00051464998F9F719FABDF84800218812AABF
:1084E0000844ADF84800BDF84C0021880844ADF8B8
:1084F0004C00BDF84A0061880844ADF84A00BDF858
:108500004E0061880844ADF84E0015A80099ECF7BC
:108510000AFDC0B1002347F6FF7212A943A8FFF776
:108520005DFD002143A8FFF70DF90446584610AA47
:1085300001A9CBF80860FFF70DFE2046FFF7FAFD12
:1085400043A8FFF7C3FA0098CBF8080009E770B515
:1085500014460D460646F0F745FE224629463046AB
:10856000BDE87040F1F713B87CB50446087E0D46AF
:1085700002280ED9A26868462968ECF7D4FC0028C6
:1085800007D0616B09B120468847626D29462046B5
:1085900090477CBD2DE9F04FCD6889B00C46074669
:1085A00015B1207C00287DD0207C012800D1002539
:1085B000786881880088081A401C00B20790BA6861
:1085C00005A82168ECF7AFFC00286BD0EDF724FD7F
:1085D00083460068D7F80090C16941BB017C490619
:1085E00010D47968BDF91420B1F90030B1F9021046
:1085F000D21ABDF916305B1A079901FB032209EB69
:10860000420113E07A68BDF91630B2F90260B2F99E
:1086100000209B1B079E734303EB430303EB0901FD
:10862000BDF914309A1A02EB420211448946D4F87B
:1086300004A05FEA0A0114D021688B88B1F90020F8
:10864000B1F902109B1A5B1C0FFA83F8BDF91430C4
:108650009A1ABDF91630591A08FB01220AEB420A90
:1086600001E04FF000083DB3007C00070FD46069C3
:10867000FBF7A1FF0146002007E02A5C802A01D910
:10868000FF2200E000222A54401C8842F5DB60698A
:108690008288B0F90010521A521C16B2BDF914208B
:1086A000511A00E026E0BDF91620B0F90200294475
:1086B000101A06FB001500E0002678684188008843
:1086C00049420AB2404201B205A8FBF7ADFFDBF810
:1086D0000000C069D0B160680028207E0DD001A9DB
:1086E000CDF8008081E86100534605A94846079A05
:1086F0000CF0DEFC09B0BDE8F08F8DE86100A368E6
:1087000005A94846079AF7F7B5FDF3E7607E80B103
:1087100061680029217E25D0CDF80080CDE9036075
:10872000CDE90115534605A94846079A0CF080FA91
:10873000E0E760680028207E0BD001A9CDF800801A
:1087400081E86100534605A94846079A0CF02EFBC4
:10875000D0E78DE86100A36805A94846079AF7F7B6
:10876000D3FBC7E7CDE90260CDE90015A36805A9F1
:108770004846079AF7F722FBBCE72DE9F047B3F923
:108780000240DDE908091D46904614FB08F301EBA1
:108790004303B5F900100A9A03EB4106B2F902301F
:1087A000B2F9002003FB09F300EB430000EB4207A2
:1087B000A888401A401C00B24FEA400A0AE052461C
:1087C0003946304604F04AFB641C06EB480607EBCA
:1087D000490724B2B5F90600A042F0DABDE8F087F7
:1087E0002DE9FF4FA1B00D46814681681446DDF8A2
:1087F000B88019A8FBF77CFE19A8FFF783F914903D
:10880000288818B96888B0F5807F01D0012100E080
:10881000002116911C2108A804F0F2FBE87A8DF8DB
:108820003800287B169900F00F008DF8390006A853
:10883000089014984FF0000608434FF0020B2BD11C
:10884000B8F1040F06D0B8F10E0F0AD0B8F1140F2A
:1088500020D021E0A87AF8B9249808A9CDE90840E9
:1088600012E021466846D9F80820ECF75CFB0028A6
:108870000DD0249809960D940B902889ADF8280006
:108880008DF830B008946EE04846FFF76DFE25B0D5
:10889000BDE8F08FA87AE8B3D9F808000188ADF8F0
:1088A00018108088ADF81C00D9F80820401A401C28
:1088B0005288ADF81A20D9F808300FFA80FADB8810
:1088C000ADF81E30A68827889A1AF61B761C36B299
:1088D0001196E6886788521CF61B761C36B217B2D2
:1088E0001296EDF799FBFEF70FF9064606A8FBF77F
:1088F00062FE5146B04201D9B6FBFAF701FB07F61A
:10890000700004F011FA1090304604F00DFA159042
:108910000B9000E013E006A80D9002208DF83000C7
:10892000109809907F1EBDF81A00BDF91EB038449A
:108930001897ADF81E00B8F1040F1CD115E0A088FF
:1089400021886288401A401C01B2E0880894801A8D
:10895000401C02B224984900099001FB02000D94CA
:108960000B908DF830B008A98EE7288818B9688870
:10897000B0F5807F01D0022000E001208DF83000AA
:10898000CCE006A91BA8FBF7B3FD6088404202B209
:108990002088404201B21BA8FBF746FE169880B122
:1089A0001599109ACDE90258CDE90421DDE911109D
:1089B000CDE900011BA94846119B249A00F0F2FD65
:1089C0000DE015981099CDE90310CDE901581198E3
:1089D0000090DDE911231BA82499F0F7FFF8A87A8D
:1089E000022866D92B89C0B29BB2C3F3C40717FB18
:1089F00000F767F30F015F07BF0E07EB533717FB55
:108A000000F767F31F418E46C3F3042111FB00F109
:108A100061F30F020592C0F1FF00002247E01099B8
:108A200001EB420102910988ADF80410BDF8043051
:108A30001FFA8EF1C3F3C40717FB001101EBC11736
:108A400007EBC131C1F3C457BDF878104FEA1E4C93
:108A500067F3C7015F07BF0E07EB533717FB00C76C
:108A600007EBC71C0CEBC73C4FEA9C6C6CF3020194
:108A700007EBC71C0CEBC737C7F3C25767F34F317F
:108A8000059FC3F30423BFB213FB007303EBC317AB
:108A900007EBC333C3F3C45363F30C21ADF8781071
:108AA00089B201910299BDF80430521C0B80B24288
:108AB000B5D3149800B315980090BDF91A7017E05B
:108AC000BDF9181053463A460098FEF7DDFF10B185
:108AD000022804D006E05146009804F091FA0220E2
:108AE0008DF8300000997F1C01EB0A003FB2009026
:108AF000BDF91E00B842E3DA08A94846FFF734FD85
:108B0000BDF81E001899401CADF81A00084400B2C8
:108B1000ADF81E00584501DDADF81EB0BDF91A10C4
:108B200059457FF72EAF159804F04AF9109804F0D4
:108B300047F9ACE610B50C465821204604F060FA1F
:108B4000104860611048206110482063104820627E
:108B50001048A061104860621048A0621048E062AE
:108B6000104860631048A0631048E0631048206418
:108B7000104860641048A064104860652C20E064D0
:108B800010BD0000F1810108C99201084F8501085C
:108B90008F8D0108E1870108A58E01084990010821
:108BA00001930108A39501087B870108938C0108B4
:108BB000C18B01080D8C0108898D0108958501087C
:108BC0002DE9F04117460C460646EDF725FA054615
:108BD000F807A06A20F000410BD0606904F010FA99
:108BE000A06A40F00041A1622868016941F040019B
:108BF00004E0A1622868016921F040010161606917
:108C00000834C6E90004B460BDE8F081FEB505464D
:108C10000068029000980C4620F0E0000090686820
:108C2000164681880088081A0099401C60F3942138
:108C300000916868C1884088081A0099401C60F358
:108C40005F510091A06A002801DA052100E00421AB
:108C5000009861F304000090206A2860E069686071
:108C6000A069A860EDF7D8F9006894F824206B4655
:108C7000016962F38611016104F108023146284658
:108C8000FEF7BEF9284600F0A8FC684601F050FD4A
:108C9000FEBD70B5064615460C46D00701D0002033
:108CA00070BDA80743D5A06A00F0004000F5C040A1
:108CB000A0622046FBF77FFCA16A400021F0004241
:108CC000824202D960F31E01A162A06A20F0004036
:108CD00003F0FCFF2146606168B9A06A00F0004023
:108CE00000F54060A06220F0004003F0EFFF214655
:108CF00060610028D4D00846D0E900128160E260AB
:108D00006188E181A1892089081A401CA16A00B20A
:108D100021F0004100EB400291FBF2F12182A16AB7
:108D200021F0004191FBF0F0411061822AE00846F9
:108D3000D0E900128160E260FBF73DFC4100A06ACF
:108D400061F31E00A06220F0004003F0BFFF6061ED
:108D5000A16A21F0004104F053F9A06A05F0010571
:108D600065F3DF70A0626069002899D0306004F17B
:108D700008007060B060EDF74FF90068016965F3B5
:108D800086110161204670BD486904F02BB8F0B52A
:108D90001C46074697B015460E4608680023224633
:108DA00001A901F002F8F0B3BDF80C20002A3FD071
:108DB000BDF80A1000293BD02888BDF80E301844B1
:108DC00000B2ADF84C0033686D88B3F808C05B8919
:108DD000ACEB03032B44BDF810509B1A5B1B1BB27A
:108DE000ADF84E304518B968B1F900C065451FDBD4
:108DF000B1F90450A8421BDC9818B1F90220904246
:108E000016DBB1F90600834212DC2146019800F01E
:108E1000C8FF00280CD00199097B890708D101AB54
:108E200013AA314600E005E000903846F2F7FAFB5D
:108E300017B0F0BD202CFBD3A4F57840FF38F7D055
:108E4000A4F500500C38F3D02888BDF80E10BDF8FA
:108E50001020084401B26888104402B2BDF80C002A
:108E6000104400B20090BDF80A00084403B214A8F0
:108E7000FBF7E7FB05A8FFF781F902208DF8170043
:108E80008DF83E008DF84A008DF82E00B089ADF8BF
:108E900032000120ADF834003B6914AA05A9384618
:108EA0009847C5E72DE9F0470E46B1F9021096B094
:108EB0001C461546814600297ED0307A02287BD98F
:108EC000B5F90000B4F90020904205D1B5F902309F
:108ED000B4F90270BB426FD0904200DB104601EB48
:108EE000D171A0EB6100ADF84400B5F90010B4F900
:108EF0000000B6F90220814200DD084602EBD27183
:108F000000EB6100ADF84800B5F90210B4F90200B9
:108F1000B6F90220814200DA084602EBD271A0EBDA
:108F20006100ADF84600B5F90210B4F90200B6F9D7
:108F30000220814200DD084602EBD27100EB6100A5
:108F4000ADF84A0011A90846D9F80820EBF7EBFF65
:108F5000002875D011A9D9F808A0C9F80810B5F9EA
:108F60000200B4F90210884206D123462A4631464F
:108F70004846F2F7B7FC0EE0B5F90000B4F900106E
:108F8000234688422A463146484602D1F2F712FF6C
:108F900001E0F2F761FD707A010701D440074DD579
:108FA00002A8FFF7EBF83088ADF80C0047F6FF7029
:108FB000ADF80800307A00E042E08DF80B00B6F919
:108FC0000200471040F3000000F10108707A4007EA
:108FD00018D528886A46C01BADF800006888C01BF9
:108FE000ADF802002888C119A1EB0800ADF8040013
:108FF0006888C119A1EB0800ADF8060002A948462F
:10900000FFF7A8F8707A000718D520886A46C01BB9
:10901000ADF800006088C01BADF802002088C119BF
:10902000A1EB0800ADF804006088C119A1EB0800AD
:10903000ADF8060002A94846FFF78CF8C9F808A069
:1090400016B0BDE8F08700002DE9FF4F8BB01E463B
:109050001746032B7ED3002F7CD0B00003F064FEB4
:1090600005007BD00024386828602046721E15E079
:1090700007EB800137F92030B1F904C0634505D111
:10908000B1F90230B1F906C0634505D005EB8403A0
:109090000968641C1960A4B2401C80B29042E7DBEE
:1090A00007EB8600B7F9001030F9042C914205D186
:1090B000B7F9021030F9022C914206D005EB840179
:1090C00050F8040C641C0860A4B2032C43D37D49FF
:1090D000D1E90001CDE90201002027E0BDF9082017
:1090E00035F920108A4200DA1146ADF8081005EB78
:1090F0008002BDF90A10B2F90230994200DB19462C
:10910000ADF80A10BDF90C3035F920108B4200DDA6
:109110001946ADF80C10BDF90E30B2F902108B42B1
:1091200000DD1946401CADF80E1080B2A042D5D328
:109130000B9802A9826805A8EBF7F5FE58B10B98C9
:1091400005A90026806809900B988160B5F9021086
:10915000012011E002E0284603F032FE0FB0BDE826
:10916000F08F00BF05EB8002B2F902208A4201DADB
:10917000114606B2401C80B2A042F3D32C2104FB5E
:1091800001F003F0D1FD8346B2460490D1464FF082
:109190000008701E00D52044621E09F101010892EA
:1091A000914200DD002135F8262035F8203035F8D1
:1091B000217005EB80009B1ABF1A428805EB8600E0
:1091C00005EB810140884988121A081A002107918D
:1091D00012FB07F110FB03F0814267DA01200790D0
:1091E00001E00798F0B308980AF10106864200DD15
:1091F0000026B9F1010700D5274405EB860005EBF1
:109200008A01B0F90200B1F90220904216DB12D0B7
:1092100035F9263035F92A108B420CD04FF0010C6D
:10922000CDE9000C5846FEF711FD58460499FEF7AB
:1092300089FA0BF12C0B08F10108B246A04523D0A6
:1092400005EB870005EB8901B0F90200B1F90220B6
:10925000904217DB13D035F9273035F929108B42AE
:109260000DD000E022E00026CDE900065846FEF7CA
:10927000EDFC58460499FEF765FA0BF12C0B08F14A
:109280000108B946A045ACD3DDE90B0102AAFEF7FF
:1092900061FF0498FEF736FF049803F091FD28461D
:1092A00003F08EFD0B990998886057E7BAF1010623
:1092B00000D52644089809F1010787429DDD002763
:1092C0009BE7000054D7020870B514460D460646C9
:1092D000F5F710F9224629463046EFF783FF22467C
:1092E00029463046F0F753F9224629463046F0F732
:1092F00040FA224629463046BDE87040F3F72CBFBD
:109300002DE9FF4FA1B00D46309FDDF8CCB04FF4F2
:109310008031B7F900004FF00A0940421A9078886E
:10932000B1FBF0F01A99199091FBF9F478681D904F
:10933000604200EB800001EB400604F1010820B21E
:109340000BF022F905900FFA88F00BF01DF9824618
:109350005A3420B20BF018F9044608F15A0000B252
:109360000BF012F902460598C6F10A0101FB00F361
:109370000AFB063393FBF9F0614302FB06111790D9
:1093800091FBF9F018901798401117901898401118
:109390001890BDF9740000021B90BDF97600000220
:1093A0001C90A8882988401A401C04B2E888698863
:1093B000401A401C0FFA80FA002648E00CA80090E2
:1093C000B5F90200B5F9001082190BAB13A811F022
:1093D000F6F80EA80090B5F90200B5F9041082194C
:1093E0000DAB13A811F0EBF80B9B0D980E99A0EBA9
:1093F00003080C980022A1EB000C1146012C08DD9B
:109400004FEA0822611E92FBF1F24FEA0C2C9CFB02
:10941000F1F103F180093B7D8030DB071CD0DDE9F1
:10942000318CCDF80090CDE9010203AB83E8121036
:10943000CDE906B8DDE92301DDE92E23EEF7D0F80A
:109440003298761C00EB4400A34436B23290564565
:10945000B4DB25B0BDE8F08F319B042B54D0052B35
:1094600013D0062B50D0142BEAD1239B1E93249BA0
:1094700012932E9B079305912F9B32998646099252
:109480000020CDF88090109188E0239B1293249BBC
:109490001093DDE92E3C0491CE4632998146E04698
:1094A0000192002009912CE0049A01994243414322
:1094B0000EEB212109EB222209124FEA222207D4C6
:1094C000DDF840C0614503DA002A01DB9A4203DB84
:1094D00000210BF8001012E002FB0811DDF848C073
:1094E00001EB410161440A7891F801C002EB0C22C2
:1094F000DDF824C02CF810208A780BF80020401CDE
:1095000000B2A042D0DB9BE7DDF8C8C0CDF80090E8
:10951000CDE901020DF10C0888E81210CDE906B37F
:10952000DDE92301DDE92E230DF07DFF88E70999B0
:10953000209A414302EB2121059A42430EEB22225D
:1095400009124FEA222209D4DDF848C0614505DA44
:10955000002A03DBDDF81CC0624501DB002219E0B4
:1095600002FB0319DDF87880DDF840C008EB4908FC
:109570000CEB4009B8F80080A9F80080DDF81C80E9
:1095800003FB08FCDDF8788008EB4C0C614402FB1F
:1095900003110A780BF80020401C00B2A042C6DB81
:1095A0004EE770472DE9F04387B08946DDE9125157
:1095B000DDE91076DDE90E8C70B1C46A002C08D0AC
:1095C000CDF80080CDE904510396CDE901C74946A5
:1095D000A04707B0BDE8F083FEE7416B002900D04B
:1095E0000847704710B50446012104F073FC4FF69C
:1095F000FF7060870121606A04F04CF82046002269
:10960000BDE81040202100F063BB000070B50020D1
:109610000C46486216A1C4E90B10A06294F83C10F5
:1096200041F0300184F83C10E08620874FF6FF714E
:109630006187A08694F83C004FF4806120F00F0011
:10964000083084F83C00204604F024F809A12046A4
:1096500000F097FA204605F033F901460C4804F073
:1096600051FB054604F0C2FB65626C6270BD0000F0
:10967000EF81B8004F7074696F6E20310A4F7074BB
:10968000696F6E20320A4F7074696F6E203300006C
:109690000017030810B50146034804F033FB0446E5
:1096A00004F0A4FB204610BDE416030870B5486A18
:1096B0000C46002510B104F06FFC656294F83C0084
:1096C000C00603D4206B03F08DFB256370BD000042
:1096D00070B50E463F4804F0C7FF012843D130461D
:1096E00000F0B4FA0546304600F0EEFA04460E2DBE
:1096F00014D00F2D21D0102D1FD0082D21D02A2DB0
:1097000023D0292D21D02C2D23D00D2D2CD0152D5B
:1097100029D13046BDE87040F2F702BE05F086F868
:1097200000F064FF054601F06DFE01F0ACFE042878
:1097300019D17DBB218F2046E186BDE87040FFF73F
:1097400051BFBDE87040EEF73EBABDE8704007F08B
:10975000B3B9304600F0B6FA05460021204606F0BF
:109760006AF80089688070BD304600F0ABFA007876
:10977000132810D012280ED0142817D0112815D075
:109780001B28D7D00A28EED101F04CFEA042EAD027
:109790002046D6E719E0204600F058F8A8B1E08E40
:1097A000A18E401C8842DED2214608E0204600F00F
:1097B0004DF850B1E08E0028D5D02146401EE086FD
:1097C000BDE8704008460CF07DBA2046BDE8704008
:1097D00000F098B8E4160308006B002800D101A03F
:1097E0007047000000000000C08E70472DE9F04176
:1097F00004460025006B90460E462F4620B1E6F742
:10980000BEFD0246002008E00F70BDE8F081216B2C
:10981000095C0A2900D16D1C401C904202D2218FA4
:10982000A942F4D10021A8F1010507E0B8F1000F29
:1098300001D0A94208D27354401C491C904203D263
:10984000236B1B5C0A2BF1D17754DEE710B5406A1D
:10985000012106F07FF980F0010010BDF8B50F4638
:10986000084600F0F3F90546182805D03946244883
:1098700004F0FAFE01283AD1384600F025FA446A8D
:109880000646082D0ED0012D17D0092D30D0182DE9
:109890002DD13846F2F73DFB3946BDE8F84018486F
:1098A00004F0E2BE01F0AEFD01F0E1FD00281ED1A2
:1098B0003046BDE8F840FAF702B801F0A3FD050014
:1098C00015D001F0E0FD012804D0284601F0DBFDB1
:1098D00003280CD16946284601F0AAFDBDF9021003
:1098E0002046F7F719FD6087304606F021FCF8BDE9
:1098F0004FF6FF7060873046BDE8F84006F018BCB0
:10990000001703082DE9F8430446012103F006FF80
:10991000204604F0D5FF0146606A07F046FC4FF090
:10992000FF31606A06F06AFD0121606A04F098FA6E
:1099300000221F21204600F0CBF92046F7F710FE49
:109940008046216B02F077FF42F2D171606A07F026
:1099500043FE404607F0B6FE606A06F0B2F80546E0
:10996000204606F0AEF885420EDC94F83C0000F08C
:109970000F00042801D0082806D1204606F0A1F8DF
:109980000146606A07F028FE404604F054FF07468F
:109990000021606A05F0C4FC05460021606A05F0FC
:1099A0009FFE461900211122606A05F0B7FE284487
:1099B000B919084407B294F83C003D4600F00F0680
:1099C000082E02D0042E1ED034E0FDF785F8FDF7F6
:1099D000E1F8B4F91A10294488422BDAFDF77CF833
:1099E000FDF7D8F8B4F91A10411AB4F916008142FB
:1099F00001DA042605E0FDF76FF8FDF7CBF8618B7F
:109A0000401A401E15E0B4F91600401B12D5FDF7B0
:109A100063F8FDF7BFF8B4F91A10B4F91650411AFB
:109A2000A94207DD0826FDF757F8FDF7B3F8618B6B
:109A3000401A05B2BD4200DD3D462946606A07F086
:109A40007FFB20460CF03EF90020082E06D0042EA5
:109A500009D0012E0CD0022E0FD015E0009000236B
:109A60000D22606A0DE0009000230A22606A08E07F
:109A7000009000231022606A03E000900023606AD7
:109A80001322214603F0B6FE606A07F01BFE94F82D
:109A90003C0000F00F00012801D0022818D1606AB4
:109AA00006F031F80646606A06F049F80546FDF70B
:109AB00013F8FDF76FF8A8420ADCFDF70DF8FDF783
:109AC00069F8281A301A401E01B2606A07F0B0FD2A
:109AD00000214046226B04F0FBF8022808D04FF02A
:109AE000000303281A4601D0012104E0032102E00B
:109AF00000231A46022101B04046BDE8F04303F0BE
:109B00006BBE2DE9F0410E00044603D00025A5866A
:109B1000284606E0FEE70A2902D1A18E491CA1864B
:109B2000401C315C0029F6D1A08E401CA086E58641
:109B300025873046E6F723FC471C206B30B194F8AC
:109B40003C10C90602D403F04DF92563384603F0F2
:109B5000BDF8206390B13146E6F733FC94F83C0041
:109B600020F01001204684F83C1006F0E1FA606A0B
:109B7000002804D0BDE8F04106F0DABAFEE7BDE8FF
:109B8000F08170B50E00044603D00025A586294655
:109B900006E0FEE70A2802D1A08E401CA086491CE0
:109BA000705C0028F6D1A08E401CA086E586258733
:109BB00094F83C00C00604D4206B10B103F012F9F5
:109BC000256394F83C0040F0100184F83C102046D6
:109BD000266306F0ADFA606A002803D0BDE8704045
:109BE00006F0A6BA70BD10B50446C08E88420FD0EC
:109BF000A08E884200D8411EE1862187606A10B19C
:109C000020460CF05FF82046BDE8104006F090BA00
:109C100010BD10B50C464FF48061204604F020F9C9
:109C20000421204604F01CF94FF40031204603F0D3
:109C300031FD0121204603F02DFD2046BDE81040F6
:109C400001F00EBF486A002141627047007A20F09F
:109C50008000704740687047017A15290BD014299D
:109C600009D0162907D0182905D0172903D019299A
:109C700001D00020704700697047017A01291FD088
:109C800002291DD003291BD0042919D0052917D07A
:109C9000062915D0072913D0082911D009290FD07A
:109CA0000A290DD00B290BD00C2909D00D2907D07A
:109CB0000E2905D00F2903D0102901D000207047AC
:109CC000006970470069704700687047C068704756
:109CD00010B588B0C0B1009001908DF80810002038
:109CE000CDE903029DF81800084C20F007008DF81C
:109CF000180060680590C4F804D06846F5F794FF32
:109D00000599616008B010BD0120FBE758000020F4
:109D1000027A132A06D10069B0F900208A4200DDD8
:109D200011460180704710B500F004F8BDE81040FE
:109D300000F074BB10B500210C4802F097FD0C4CEC
:109D40002080002008F096FF6080042008F092FF39
:109D5000A080042008F08EFFE080042008F08AFF35
:109D60002081042008F086FF608110BDD50901081C
:109D7000A000002010B5092900D120210469F7F7BF
:109D800039FA002806D0616801EBC000618A890BAE
:109D900001D0002010BD00682168C0F31300084402
:109DA00010BD08B142681047FEE72DE9F0479A461A
:109DB00090460C46070011D08CB100260546B146EE
:109DC0002660D5F800C05346424621462846E04763
:109DD00040B1A07BC00603D425600EE0FEE7FEE79D
:109DE00006B92E466D69002DEBD14EB1356853464C
:109DF000424621463046A84726600120BDE8F0874C
:109E0000B8F1200F20D3A8F57841FF391CD0A8F570
:109E100000510C3918D0B7F9080000EBD070400899
:109E2000E080801CA080C4F8009039892181A4F8CA
:109E30000A90A4F80C90A07B20F00F00401C40F08A
:109E40001000A0730020D9E74846A4F80690E9E77F
:109E50002DE9F0479A460C468146092A47D000264C
:109E60001146D9F81050F7F7C5F9071E3DD0E8683C
:109E70004FF0000850B151464846F7F7BBF90200D1
:109E800004D039464846F7F793FA80466868298A2D
:109E900000EBC70001FB08F10A110168090D002E53
:109EA00002D000BF4FEA4101114401F108014FEA1D
:109EB0001111A180417921810179E18090F9062079
:109EC000628190F90700A081688A4FEA5022A07B46
:109ED00062F3030020F01000A07304D04FF6FF706F
:109EE00000EA4100E0804FF00100BDE8F0874FF04C
:109EF00001064FF02002B3E71FB540B113460A46F2
:109F00006946FFF752FFBDF8040004B010BDFEE73C
:109F100070B504464068B0B1C268B2B121689047DC
:109F200005466068408840B1A06830B1C06808B19B
:109F300002F058FFA06802F055FF0020206060602A
:109F4000A060284670BD0B2070BD092070BD0000C8
:109F500010B504460748EBF79AFD08E0086800785A
:109F6000A04201D1086810BD0248EBF7A2FD010034
:109F7000F4D110BDA452002010B50446E6F7FFF955
:109F800040B1215C2E2907D02F2903D05C2901D0B4
:109F9000401EF6D102A010BD2044401C10BD0000A0
:109FA0000000000010F8011F3A2900D1401C704742
:109FB0002DE9F04117460E0005462BD03078FFF70B
:109FC000C7FF040028D0616809B1884730B3A06892
:109FD00030B33046FFF7E6FF0146A3683A46204615
:109FE0009847F8B1411C1DD0C5E90004608870B1E4
:109FF000102002F06BFEA860B0B1102103F000F851
:10A00000A9684FF0FF300860A96840004860002050
:10A01000BDE8F0810B20FBE70320F9E70120F7E71B
:10A020000920F5E70C20F3E7FEE77CB51C004FF0B4
:10A03000000500D02560436853B11B6953B10195F9
:10A0400045686B88002B01AB06D000F012F80BE0DE
:10A050000B207CBD09207CBD0093006813460A4696
:10A0600001462E692846B047002CF4D001992160A2
:10A070007CBD2DE9FF4F0546806814460027D0E9D6
:10A080000021D0E902808146686883B09A46B0F822
:10A0900002B0424549D8884547D2A8EB020080B2B9
:10A0A000ABEB0006A1EB08018E4200D30E46B44292
:10A0B00009EB000106D82246049802F0CFFECAF848
:10A0C000004066E03246049802F0C8FE002001908D
:10A0D00001A85C45009008D90498A31B8219D5E912
:10A0E00000100769B847074617E0D5E900105B463E
:10A0F00007694A46B8470746A86842680260A968E7
:10A10000019802444A60A11B814200D2084682B2F3
:10A1100004984946304402F0A1FE01983044A04220
:10A1200000D20446CAF8004030E05C4508D9CDF8BA
:10A1300000A0066929682346049AB047074625E02F
:10A14000B9F1000F06D1584602F0C0FDA968C860F9
:10A15000F0B181460020019001A80090D5E90010DF
:10A160005B4606694A46B0470746A868C0F80080C3
:10A17000019AA86808EB02019442416000D222468D
:10A18000CAF800204946049802F068FE0FB106E0C4
:10A19000FEE7A868DAF8001082681144816007B011
:10A1A0003846BDE8F08FF8B545680446E5B1AE69BC
:10A1B000E6B16B880020C3B3D2B1012A21D0022AB4
:10A1C00011D1134620680A4601462846B0470028A8
:10A1D00009D1D4E900106A46C3699847002802D122
:10A1E000A26800999160F8BD0B20F8BD0920F8BD68
:10A1F000A2689160A3680A461D68A9420CD35968F9
:10A2000008E0A3689A680A449A60A1680B689A42B9
:10A2100002D349688A42EAD9D4E90010002384694C
:10A2200001B0A446BDE8F0406047FFE71346206850
:10A230000A46014601B02846B446BDE8F0406047F2
:10A240002DE9FC410C468178154611FB04F10912F9
:10A250008A4202DC0088BDE8FC81017A00EB8102C1
:10A2600012F8023C13FB04F31B129D4202DB32F88E
:10A27000040CF0E7012360E000EB8302927812FB0C
:10A2800004F21212954256DC00EB830737F8040DF6
:10A29000ADF804000198FCF755F80646B888ADF80B
:10A2A00004000198FCF74EF8B97811FB04F1BA7973
:10A2B000091212FB04F2D1EB222240D0691A09B232
:10A2C000C1EB012191FBF2F1CAB2C2F1FF03C0F36D
:10A2D000072111FB02F1C6F3072414FB031101EB64
:10A2E000C11404EBC134BDF80010250F65F3020161
:10A2F000C0F3074515FB02F5C6F3074717FB0355E7
:10A3000005EBC51707EBC535AD0E65F3C701C0B248
:10A3100010FB02F0F2B212FB030000EBC01202EBE2
:10A32000C030800E60F30C21600E60F34F31ADF849
:10A33000001088B28FE75B1CDBB299429CD8FEE725
:10A340004168002901DA02F04DBD7047FEB50546AF
:10A35000407A16460C4640072FD0224F387820B955
:10A36000002000F043F801203870687A00F0070000
:10A37000022818D04FEA060080EA64006840019085
:10A38000002000906A4601A91748F8F77BFF0128D2
:10A390000BD0324621462846ECF73AFF00900028C1
:10A3A0000BD0002418E02046E6E70098042241681C
:10A3B00002EBB1714FEAB1014160FEBD2246284671
:10A3C000FFF73EFF02900098BDF80810806800EB90
:10A3D0004400641C018024B20098B0F90E10A14220
:10A3E000ECDCFEBD8C0000203503010870B5094D82
:10A3F0000446286802F0F6FC204602F067FC28605C
:10A40000054DA86020B1214602F0FAFD6C6070BDD8
:10A41000FEE70000EC0100208C00002010B50021B8
:10A42000164802F023FA164C2080042008F022FC83
:10A430006080042008F01EFCE080042008F01AFC74
:10A44000A080042008F016FC2081042008F012FCF3
:10A450006082042008F00EFC2082042008F00AFC30
:10A46000A081042008F006FC6081042008F002FCB2
:10A47000E081042008F0FEFBA08210BD711D0108E0
:10A48000AC00002070B506000C4633D0084600F042
:10A49000D1F83046EBF7FBFA05E00868A04229D076
:10A4A0003046EBF706FB0100F7D1204604F0BEF979
:10A4B00040B1A168896829B1C9680968A14201D180
:10A4C00000F0A3F8A06810B9204603F0FFFAA068D6
:10A4D00086603046EBF74FFB05000AD030462C6013
:10A4E000EBF7D5FAA84205D13046BDE8704000F040
:10A4F0008CB8FEE770BD000010B50446074A084955
:10A50000F6F7D0FB6269002A06D0002804D1204665
:10A51000BDE810400121104710BD0000B35A0008EB
:10A520008F5A000870B5060043D004F07FF904008C
:10A530003FD0207FC0073CD10021204600F0D7F853
:10A540002046EBF7A4FA32E02868B0422BD1E0684D
:10A5500088B10068B0420ED02046F6F701FF0246EF
:10A56000E0680F210068FFF7B3FB012821D1E06804
:10A57000006805F0DDFDE560002D1AD0216909B104
:10A58000204688472046F6F7EBFE0246E0680E219B
:10A590000068FFF79DFB01280BD1E0680068BDE86B
:10A5A000704005F0C5BD29462046EBF782FA05004C
:10A5B000CAD170BD10B50446074A0849F6F772FBC8
:10A5C0006269002A06D0002804D12046BDE8104068
:10A5D0000021104710BD0000BB5A0008C15A0008F6
:10A5E000014800687047000060000020002802D089
:10A5F000007FC0F340007047002803D0C0680028E7
:10A6000000D000687047EBF746BA70B50446007F8B
:10A61000C0F3C00540F0080020774007204602D470
:10A62000FFF76AFF01E0FFF7C5FF207F65F3C30076
:10A63000207770BD2DE9F041064604F0F7F80400DC
:10A640003DD0E068002740B30068B04220D1207FB1
:10A65000C10702D020F0010020772046EBF717FA5F
:10A66000E16888420FD12046EBF72AFAE168884278
:10A6700009D12046F6F774FE0246E0680F21006813
:10A68000FFF726FB02E02046FFF7BFFFE06820B19E
:10A69000E0680068B04200D1E7602046EBF7F7F9C8
:10A6A00011E028682946B04220460AD1EBF78AFA21
:10A6B000284602F097FBB068002800D08760BDE80C
:10A6C000F081EBF7F6F90500EBD1F8E713B5FFF7EA
:10A6D00093FF040003D0802105F048FA08B101205F
:10A6E0001CBD01AA0D212046FFF7F2FA1CBD70B572
:10A6F00004001CD0207FC0F340028A4217D061F3CF
:10A70000410020772046FFF777FF05000FD0204655
:10A71000F6F726FE0246E0680E210068FFF7D8FA39
:10A72000012804D12846BDE8704005F001BD70BD88
:10A730007047014600200F290AD2DFE801F009091D
:10A740000909080A080C0E10120C0E101200102035
:10A75000704718207047012070470220704704207E
:10A7600070470820704701460020891E0D2909D234
:10A77000DFE801F0070808070807070707070707CA
:10A7800007000120704701460020032901D0062957
:10A7900000D10120704770B500254D6291F8380056
:10A7A0000C4620F07C0040F0030081F83800084699
:10A7B00005F087F9A085204604F03DF8E085258660
:10A7C0004FF48070E08694F83800022140F0800059
:10A7D00084F83800258565856586A58684F8395016
:10A7E000204603F03DFB2046BDE870404FF4803129
:10A7F00002F050BF10B50146034803F083FA044647
:10A8000003F0F4FA204610BD1C17030870B54C6A1B
:10A810000D46002C12D0287C012802D12046FFF7DB
:10A8200077FBE06808B102F0DDFA206908B102F0B8
:10A83000D9FA204602F0D6FA0020686270BD000006
:10A840007FB514460D46084600F092FD20B1012860
:10A8500017D0022839D035E0296801F01F00001F09
:10A8600011282FD2880A216860F39421216028687A
:10A87000400D60F35F512160287860F3040121608E
:10A880002FE02846FFF778FB17A1E5F77FFDC8B951
:10A89000022229466846FFF78BFB68B903AB042206
:10A8A00021466846FFF7C1FB05466846FFF730FBC7
:10A8B00045B90398042805D1207800F01F00001F37
:10A8C00011280ED3002004B070BD2068012161F36F
:10A8D0009420C0F3140000F5001020F01F000B308E
:10A8E00020600120EFE7000062696E002DE9FF4F54
:10A8F00080465CA087B0006804905BA05BA3006802
:10A9000093460F4605900FCB8DE80F00B8F808105E
:10A91000002089B2CAB2090A09E000BF149C00EB0A
:10A920004003401CE254149C00B2234459700A9B1B
:10A930009842F3DB98F814004FF0000900F01F0074
:10A94000FFF7F7FE8246012101FA0AF1491E88B29B
:10A9500006900025D8F814002C4600F01F012E4662
:10A960000B2906D00C2912D00D2920D00E2931D167
:10A970002CE0C0F38A20C01DC50804EBE70115FBDD
:10A980000B1407F00700C0F1070604A80DE0C0F3A0
:10A990008A20C01C850804EBA70115FB0B1407F0E7
:10A9A00003000621A1EB400605A8814612E0C0F392
:10A9B0008A20401C450804EB670115FB0B1407F0C7
:10A9C00001000421A1EB80066846EEE7C0F38A256A
:10A9D00015FB0B742846D8F8247002F0A5F95FEA3D
:10A9E000000B13D098F81000A0B10022211D3846AA
:10A9F000FFF7D9FB00232A4659463846FFF715FBD7
:10AA00005946CAF10802002053B222E000200BB0E0
:10AA1000BDE8F08FD8F8040080680119F1E70A78E2
:10AA2000069CF240224098F8144004F01F040E2CBB
:10AA300001D019F80220149C00EB40052C44A270B0
:10AA4000A6EB0A0256B2002E01DA1E46491C401C33
:10AA500000B20A9A9042E2DB584602F0B1F90120B6
:10AA6000D5E7000000FF00000055AAFF00112233C7
:10AA7000445566778899AABBCCDDEEFF2DE9FF4FE0
:10AA80008046007D81B091460E4600F01F00FFF722
:10AA900050FE8246012101FA0AF1491E0025D8F82C
:10AAA00014001FFA81FB00F01F012F462C460729D6
:10AAB00006D0082912D009291FD00A2932D12BE04B
:10AAC000C0F38A20C01DC50804EBE60115FB09147C
:10AAD00006F00700C0F10707083423E0C0F38A201E
:10AAE000C01C850804EBA60115FB0914062106F01D
:10AAF0000300A1EB4007103414E0C0F38A20401C8F
:10AB0000450804EB660115FB0914042106F0010059
:10AB1000A1EB8007403405E0C0F38A2515FB0964EA
:10AB200004F580642846D8F8249002F0FDF8061E4B
:10AB300040D098F8100068B10022211D4846FFF768
:10AB400032FB00232A4631464846FFF76EFA31466B
:10AB5000002028E0D8F8040080680119F8E70A7896
:10AB6000D9F80C30FA4002EA0B0203EB42030E9DC7
:10AB70001B8800EB4004ADF800302B55BDF80030C9
:10AB80001D0A0E9B23445D70D9F81040A25C9A7098
:10AB9000A7EB0A0257B2002F03DACAF1080257B234
:10ABA000491C401C00B2049A9042D8DB304602F0A7
:10ABB00007F9012005B0BDE8F08F00002DE9FE4344
:10ABC0000646087C0C46012801D028B328E06068BE
:10ABD000FFF7D2F96CA1E5F7D9FB00285CD102227E
:10ABE00068466168FFF7E4F90028F7D1606A38B970
:10ABF000142002F06BF8606268B1142102F000FAD0
:10AC0000D4F8240069460C2211F8013B00F8013BFE
:10AC1000521EF9D104E0FEE76068806800286ED01B
:10AC2000616901F01F000E2816D0142814D00428E2
:10AC30003BD0052839D0062837D0072839D0082836
:10AC400037D0092835D00A2833D00B2828D00C2833
:10AC500026D00D2824D091E0227CF2B1C1F38A22C3
:10AC6000490D12FB01F114281BD001264E4330463A
:10AC700002F02CF805000FD0676A00220421384644
:10AC8000FFF791FA0023324629463846FFF7CDF9FF
:10AC900048B1284602F0A6F874E060688068A061B8
:10ACA00069E00326E2E7A56165E0207C0028F4D096
:10ACB00061E0FFF73EFD01278740606A38B9142044
:10ACC00002F004F86062B8B1142102F099F978003A
:10ACD000656A01F0FBFFE86078B1384601F0F6FFE5
:10ACE000286158B1E86878B3207C012808D06068F2
:10ACF0000024D0F808803CE0FEE7FEE7FEE73BE0FA
:10AD0000002204212846FFF74EFA002419E0002310
:10AD1000042269462846FFF788F99DF800209DF82F
:10AD200001109DF80200FBF704FA0190E868BDF8F5
:10AD3000041000EB4400018029699DF803000855C8
:10AD4000641CBC42E3D316E018E000BF08EB8406A5
:10AD500018F824207178B078FBF7EBF90090E868D8
:10AD6000BDF8001000EB440001802969F078085517
:10AD7000641CBC42EAD30120BDE8FE832146304674
:10AD8000FFF744FD0020F7E762696E002DE9F84FF8
:10AD90000C461D461646207DDDE90A32002100F0F2
:10ADA0001F00042816D0052814D0062812D00B281E
:10ADB00039D00C2837D00D2835D00E2833D00728AD
:10ADC00038D0082836D0092834D00A2832D00020BC
:10ADD000BDE8F88F277C012F33D198469146D4F8EF
:10ADE00024A0FFF7A6FC07466069C0F38A2015FB84
:10ADF00000607843C11000225046091DFFF7D3F9C7
:10AE0000002470B9FD0805FB08F56B462A46494643
:10AE100050460094FFF709F918B90098854200D10F
:10AE2000012421460DE000922A4631462046FFF7D4
:10AE30005DFD05E000922A4631462046FFF71EFEE2
:10AE400001460846C4E710B50446006800280BD048
:10AE5000C2680AB121469047207C012804D160686D
:10AE600001F0C0FF0020606010BD000010B5054873
:10AE7000EAF732FE040004D0142102F0C1F82046A3
:10AE800010BDFEE7C85200202DE9F0410F460546EF
:10AE90000421384602F0B4F825B1284600F068FADB
:10AEA00018B105E00020BDE8F081A8680028FAD0BC
:10AEB00000260A48EAF7EBFD0BE023682BB13A467F
:10AEC000294698470646012805D021460348EAF757
:10AED000F0FD0400F1D13046E5E70000C852002043
:10AEE0002DE9FF410E461D460446282102F088F850
:10AEF000AEB1304600F03CFA08B9B16879B1BDF89E
:10AF0000081021812074E56001280CD066600027BC
:10AF10002148EAF7BCFD054604F1140831E00020A1
:10AF200004B0BDE8F0813046E5F729FA401C01F095
:10AF3000CDFE606018B13146E5F743FAE7E7FEE77A
:10AF40002B68CBB16868B8B142463146284698476D
:10AF50000746012810D125606A6821462846904797
:10AF600007460128DCD00421404602F049F80020C1
:10AF70002062A0616062E06129460748EAF799FD16
:10AF80000546002DDCD1207C012802D1606801F04B
:10AF900029FF3846C4E70000C85200202DE9FC41D3
:10AFA00005680E46089FAC6800213CB1CDE900372A
:10AFB0001346014632462846A04701460846BDE8EA
:10AFC000FC8110B591F838000C4600F00300012810
:10AFD00001D0022809D154F8240F01F003FF00200A
:10AFE0002060207D40F00300207510BD2DE9FF4159
:10AFF0000F460846FEF72AFE0546152807D0182DED
:10B0000005D03946744803F02FFB012869D1384632
:10B01000FEF75AFE04462A2D13D04FF48076132DE6
:10B0200021D0112D5FD02C2D7ED0152D03D0182DC1
:10B0300001D0122D55D104B03846BDE8F041EFF7EC
:10B0400019BD94F8380000F003000228204604D00F
:10B0500004B0BDE8F04105F003BD616A04B0BDE88D
:10B06000F04100F0DDB83846FEF72CFE0546208E94
:10B0700010B9E08EB04234D0204604F022FD0646DE
:10B08000204603F0D8FB074604F13201E08ECDE9FB
:10B090000001B4F930303A46314602A8EAF790F997
:10B0A000BDF90800B5F900104042814200DD0846B4
:10B0B00000B22880BDF90A104942884200DC0846E7
:10B0C00000B22880BDF90C10891B884200DC0846BC
:10B0D00000B22880BDF90E10C91B884200DC08466A
:10B0E0002880BDE8FF813846FEF7ECFD0546204686
:10B0F00004F0E7FCB4F92C1088424DD1204603F04F
:10B100009AFB0146B4F92E00814245D1E18EB1424D
:10B1100013D1218E89B9B4F92C10B4F9322001EB86
:10B12000D171B2EB610F00E041E006D1B4F9341007
:10B1300000EBD070B1EB600F2ED0204604F0C1FCC4
:10B140000646204603F077FB024604F13201E08E0A
:10B15000CDE90001B4F93030314602A8EAF730F900
:10B16000BDF80800A18A00220844ADF80800BDF827
:10B170000A00E18A0844ADF80A00BDF80C00A18A73
:10B180000844ADF80C00BDF80E00E18A0844ADF8A3
:10B190000E0002A8296806E06946204603F091FAED
:10B1A000002268462968E9F7A6FF287199E7384622
:10B1B000FEF788FD054694F8390000F003000128E9
:10B1C00004D0A08D2880E08D68808AE7204600F0BA
:10B1D00005F8286085E700001C1703081FB500F17B
:10B1E0003202C18ECDE90012B0F93030B0F92E2014
:10B1F000B0F92C1002A8EAF7E3F8BDF80C00BDF88E
:10B200000810BDF80A20411A2046491C61F30F00BE
:10B21000BDF80E1004B0891A491C61F31F4010BD1F
:10B220002DE9F04385B08846044604F081FF40468E
:10B2300000F09EF805464FF00009032809D003A945
:10B240004046FFF721FEC5B1012D24D0022D22D0AA
:10B2500068E094F8380000F00300022801D00128CB
:10B2600002D1606A01F0BEFD44F8249F207D40F0C9
:10B270000300207505B0BDE8F08394F8380000F0B5
:10B280000300012801D0022802D1606A01F0AAFD62
:10B29000C4F8248046E0606A404519D094F838101C
:10B2A000002601F00301012901D0022900D1064640
:10B2B0004046E5F764F8401C01F008FD07000AD09D
:10B2C0004146E5F77EF8676216B1304601F08AFD27
:10B2D000022D01D026E0FEE720460021572204F08F
:10B2E0001DFA064620460021582204F017FA07B23C
:10B2F00020460021592204F011FA00B241F6FF72F3
:10B300008DE805023B463246414604A809F000FAA2
:10B31000BDF81010039861F39420BDF8121061F38A
:10B320005F50039094F8380065F3010084F838000A
:10B330000398C0F38A21A185430DE38594F8382052
:10B3400060F3860284F838204A08810D6286204620
:10B35000A18605F0B1FB208E18B9E08EB0F5807F94
:10B3600002D0204605F07CFB204604F0E1FE81E798
:10B37000032130B10078A0F120015F2903D801201A
:10B38000704708467047802801D30220704700208C
:10B39000704710B50446202101F032FE00202070D5
:10B3A0000A20207660764FF4C870A0836420E08382
:10B3B0003220E0760320A07610BD000070B505466F
:10B3C000006920B9FBF788FB2861002814D00B48DE
:10B3D000EAF782FB040010D05C2101F011FE256029
:10B3E0006079224640F0020060711E21044808F096
:10B3F000D9FE21684861204670BDFEE798520020C2
:10B40000B1B4010801488068704700006400002062
:10B4100018B101460248EAF74CBB0148EAF737BBCE
:10B4200098520020014840687047000064000020E6
:10B4300038B102681278012A05D0032A03D04FF0F0
:10B44000FF30088002E002890A8040894880704706
:10B45000002806D001680978012903D0032901D00A
:10B460000020704790F8440000F00F00704700285B
:10B4700006D001680978012903D0032901D00020F2
:10B480007047006B7047002801D000680078704753
:10B4900000220A804A80002809D002681278012A16
:10B4A00001D0032A03D1028B0A80408B4880704769
:10B4B0007FB52A4CC068A0600168096900294CD09A
:10B4C000F7F798FAA0684179490746D400680069FF
:10B4D0004069002841D100256946A068EAF76CF868
:10B4E0009DF80F60A068F7F785FA6560A1689DF880
:10B4F0000E000871012806D008680078042809D1D8
:10B50000BDF80C00D0B108F0E9FDA168096809692F
:10B51000C1F86401A06801680978012906D00229F0
:10B5200008D004290AD003290DD00FE06946F7F7A7
:10B5300085F80BE06946F6F795FF07E06946A068D5
:10B54000F6F774FD02E06946F6F7E9FCA068F7F744
:10B5500051FA002EC0D1A56065607FBD6400002057
:10B5600070B5204E0C460025B0B3417941F0020180
:10B570004171B168814200D1756001680978012983
:10B5800001D002290ED114B1416BA14201D1456312
:10B5900014B1816AA14201D1856214B1C16AA1428C
:10B5A00000D1C56270BD417941F00201417101686D
:10B5B0000978012901D002290ED114B1416BA142B1
:10B5C00001D1456314B1816AA14201D1856214B1F0
:10B5D000C16AA14200D1C562FFF71AFF0028E2D17B
:10B5E000756070BD6400002010B50446407920F0FD
:10B5F0000100607108F072FDE06408F06FFDA06466
:10B6000010BD002804D0032906D00C2901D0002049
:10B610007047B0F9261001E0B0F924100068427EAE
:10B620000020C2F16402642306E0084400B212FB69
:10B6300001F191FBF3F109B20029F6D17047F8B599
:10B640000C460546012104F085FA68BB206800908D
:10B65000012300226946284606F005F86946284677
:10B6600004F089FA06460022694605F11400E9F75C
:10B6700042FD28B94FF40021284604F06BFA80B14E
:10B68000284603F019F8401E04000AD4A868694649
:10B69000006850F82400FFF7D2FF002803D1641E91
:10B6A000F4D50EB12846F8BD0020F8BD002803D01F
:10B6B000417941F0080141717047000010B5144C08
:10B6C0002078002821D101F0A3FBEAF7D3FCE9F7A9
:10B6D0006BFEE9F767FBE9F76DFEFBF7DDFCEAF7C8
:10B6E0009DFB4FF4B4710B48EAF7EEF95C210A4870
:10B6F000EAF7EAF9EAF796FCE9F742FF4420112855
:10B7000004D0FEF710FB0120207010BDFEE7000002
:10B71000700000208C5200209852002010B50C467A
:10B720000421204602F09CFB0020A06384F83C002A
:10B7300084F83D00034602460521204602F04CF8FD
:10B7400000231C220649204601F058FF0022114622
:10B75000204605F0C0FE2046BDE8104000F03CB990
:10B7600065B7010870B5FEF7AFFA0446F9F7BCFCFF
:10B77000A0F57F41FF397BD02046F9F7B5FC0146A3
:10B780002046F9F787FC050072D069A1E4F7FEFDB9
:10B79000684E002846D068A12846E4F7F7FD002847
:10B7A00046D066A12846E4F7F1FD002846D064A102
:10B7B0002846E4F7EBFD00284CD062A12846E4F7C8
:10B7C000E5FD002846D060A12846E4F7DFFD00280B
:10B7D00053D0A06B00284BD05CA12846E4F7D6FDDF
:10B7E00000285AD05BA12846E4F7D0FDF0B35AA157
:10B7F0002846E4F7CBFDD0B358A12846E4F7C6FDB0
:10B80000B8B357A12846E4F7C1FD98B355A128461F
:10B81000E4F7BCFD0028A06B59D02946BDE8704074
:10B8200008F058B8002184F83C10204631680AE03E
:10B83000012184F83C102046716804E0022184F85C
:10B840003C102046B168F9F7B7FC2046BDE87040CF
:10B8500000F08AB8002220212046FEF739FA01289C
:10B8600065D1A06B002862D0002204E015E01FE043
:10B870005DE022E026E020210BE000221F2120468F
:10B88000FEF726FA012852D1A06B00284FD00022E3
:10B890001F21BDE87040FEF71BBA0A21A06B07F01C
:10B8A00097FFA06B08F046FA002840D0A06BEEE7A7
:10B8B000A06BBDE8704008F014B9A06BBDE8704003
:10B8C00008F016B9A06BBDE8704008F03FB908F069
:10B8D0002FFA85B2A06B08F04BFA00782D280FD014
:10B8E0002B28A06B16D0002108F052FA2D21A06B56
:10B8F00007F06EFFA06B691CBDE8704008F048BA05
:10B900000121A06B08F044FAA06B08F01FF92B216D
:10B91000A06B07E0012108F03BFAA06B08F016F9D4
:10B920002D21A06B07F054FF2946A06BE4E770BD02
:10B930006162630040010020414243003123000066
:10B94000EF808D00EF849C00EF808C00456E746565
:10B9500072000000EFA2A200EF819300EF8194003B
:10B96000EF959A002B2F2D002DE9F0410446074654
:10B9700090F83D00174EC00708D094F83C0056F8E8
:10B9800020103846BDE8F041F9F709BC208E400090
:10B9900001F09CF90546208E420097F83C0056F8CD
:10B9A0002010284601F05AFA002007E035F8101060
:10B9B00021F4806125F81010401C80B2218E814254
:10B9C000F4D829462046F9F7EAFB2846BDE8F041BD
:10B9D00001F008BA6401002010B5044690F83C005C
:10B9E000054951F820102046F9F7E6FB2046BDE84E
:10B9F0001040FFF7B9BF00004001002010B50C4611
:10BA00000020486214F8481F21F0180104F81C199E
:10BA1000411E2160227F22F007022277208360836B
:10BA2000E060C4E90110090C2161616144F8040C73
:10BA300014F81C0F022120F0400004F848092046A9
:10BA400002F00EFA0021204600F054FE2046BDE828
:10BA5000104001A100F08ABE546578740000000017
:10BA600010B50146034802F04DF9044602F0BEF954
:10BA7000204610BD3817030810B508460C4600F0E4
:10BA80000AF894F84800000702D4606A01F0AAF9A5
:10BA90000020606210BD10B5044690F848004006D2
:10BAA00003D5A06A08B101F09DF994F8480020F090
:10BAB000400084F848000020A06210BD2DE9FF4737
:10BAC0000E463F4802F0D0FD012876D13046FEF701
:10BAD000BDF804463046FEF7F7F805462A2C1CD080
:10BAE000132C0BD0292C18D02C2C1ED0152C64D143
:10BAF00004B03046BDE8F047F0F734BD002103F054
:10BB00009DFEB0F9080004B0C11700EB91708110E0
:10BB10003046BDE8F047FEF7FBB800F0B9FD04B0D1
:10BB20002846BDE8F04700F04FBB002103F086FE39
:10BB300081460021284603F093FE804600212846D6
:10BB400003F0A6FE074695F848000024C10600D57C
:10BB50000124800601D544F00204284602F018FEB4
:10BB60000021284603F0E8FEA0F51C51D13905D18B
:10BB7000688C000502D441F6FF7002E0284602F00E
:10BB800007FE0097CDE9010443464A4603A8696AC7
:10BB900008F0BEFD3046FEF795F8B0F90020BDF97B
:10BBA0000C108A4200DD11460180B0F90220BDF977
:10BBB0000E108A4200DD11464180BDE8FF8700007B
:10BBC000381703082DE9F04F8BB00D00804659D08F
:10BBD0000021122203F0A2FD29881022081A60F326
:10BBE0000F044046002103F099FD6988081A60F3AC
:10BBF0001F44A14608A9404602F082FDBDF824007A
:10BC0000BDF820100025401A401C00B2D8F824705E
:10BC100005902C462946404603F010FE0290002174
:10BC2000404603F035FE00900021404603F018FE28
:10BC300003900298AB465E46B0F90800079098F86A
:10BC40004800C10600D50126800601D546F002064F
:10BC50000021404603F070FEA0F51C51D13905D1FA
:10BC6000B8F82200000501D446F004064046002141
:10BC7000D8F8242002F02CF882460099079800EBAF
:10BC8000010821E0FEE70020CDE90006DDE902120F
:10BC90007819059BEAF734FA044407984FEA2942D9
:10BCA000584482420BDC444A009469461268384684
:10BCB00090470A280BD0385D48B9641C07E008EBB0
:10BCC0000B000FFA80FB2546785D0028DBD107EBDF
:10BCD000050B4FF00008BAF1020F03D0BAF1030FC1
:10BCE00016D025E0DDE90223611B5846009608F0D6
:10BCF0006DFDBDF82410BDF8202000EBD070891A2E
:10BD0000491C09B201EBD1714910A1EB60000DE0B3
:10BD1000DDE90223611B5846009608F057FDBDF887
:10BD20002410BDF82020891A491C081A0FFA80F83F
:10BD300000208DF818008246049044BB2BE004AB31
:10BD40006A4601A95846EAF7C3F9F00706D00498F5
:10BD50001BF8001006A8EAF77DFAC0B9DDE901106A
:10BD6000009AFEF7C9F801B20FFA89F208EB010058
:10BD700082421EDB04994A19A2421AD00AEB05023C
:10BD8000BA5CB2B1039A8A4610440FFA80F804985C
:10BD90002844A042D3D3094C5846049922689047BE
:10BDA000064622682946384690470BB03044BDE825
:10BDB000F08FCDF810A0EEE7300200203402002012
:10BDC0002DE9F74F8AB05FEA0209804664D0D8F8BF
:10BDD000245040462A46002101F07AFF8346287805
:10BDE00000285AD007A9404602F08AFCBDF820007E
:10BDF000BDF81C100024401A401C00B204902646D6
:10BE00002146404603F01AFD03900021404603F00E
:10BE10003FFD06900021404603F022FD029003986A
:10BE2000A2465746B0F90800059098F84800C106A8
:10BE300000D50127800601D547F0020700214046C2
:10BE400003F07AFDA0F51C51D13905D1B8F82200D4
:10BE5000000501D447F004074B4A28460B991268A5
:10BE600090478046A85DA8B3DDE905100844099015
:10BE70000020CDE90007DDE902212819049BEAF73B
:10BE80003FF90644B04526D3A85D18B30998344657
:10BE900050440FFA80FAEBE7FEE70020A9F8020011
:10BEA0005946BBF1010F07D002290AD0BBF1030F9D
:10BEB00004D1404602F06CFCA9F800000DB0BDE8CA
:10BEC000F08F404602F064FC00EBD0704110A9F8FE
:10BED0000010F3E7FFE7B8F1000F12D005EB080000
:10BEE00010F8010C0A2801D00D280AD115F8080015
:10BEF00038B9DDE90501014401EB0A000FFA80FAC7
:10BF000044462819CDE90070DDE90103A8EB0401DE
:10BF1000039A08F05BFC05460B98A04202D00298F9
:10BF2000284405B2BBF1020F03D0BBF1030F16D0BA
:10BF300025E00097DDE90103311B039A08F046FC78
:10BF4000BDF82010BDF81C2000EBD070891A491CE8
:10BF500009B201EBD1714910A1EB60000DE000972F
:10BF6000DDE90103311B039A08F030FCBDF8201015
:10BF7000BDF81C20891A491C081A284405B2A9F8E2
:10BF80000050A9F802A099E72802002090F8480084
:10BF9000C0F300107047406A7047006C7047C06B78
:10BFA000704700002DE9F04117000D46044627D0E8
:10BFB00094F84800000725D4204604F0B9F8606AD8
:10BFC000E4F7DDF906463846E4F7D9F98119491C4A
:10BFD000606A00F02BFF606298B1A5F57F41FF39E0
:10BFE00003D109490968884705463A462946606AE7
:10BFF000EAF706F92046BDE8F041002100F0B6BBA3
:10C00000FEE7FEE7BDE8F081380200202DE9F04FA1
:10C0100095B05FEA010A80465FD010A9404602F061
:10C020006FFBBDF84400BDF840100024401A401CCE
:10C0300000B2D8F824700A9025462146404603F005
:10C04000FDFB03900021404603F022FC00900021FC
:10C05000404603F005FC029003980021B0F9080067
:10C060000B904046D8F8242001F032FE834698F821
:10C070004800A1464E46C10600D50126800601D5DE
:10C0800046F002060021404603F056FCA0F51C5283
:10C09000D13A05D1B8F82210090501D446F00406BA
:10C0A0000B99009801EB0008385DB8B10020CDE98C
:10C0B0000006DDE9022138190A9BEAF721F80B99FD
:10C0C0000544BAF9022009EB0100824206DD08EBC3
:10C0D00009000FFA80F92C46E6E7FEE74FF000086A
:10C0E000C146BBF1020F03D0BBF1030F16D025E010
:10C0F000DDE90232291B3819009608F067FBBDF80C
:10C100004410BDF8402000EBD070891A491C09B2D8
:10C1100001EBD1714910A1EB60000DE0DDE90232C5
:10C12000291B3819009608F051FBBDF84410BDF8E2
:10C130004020891A491C081A0FFA80F800208DF84F
:10C140004800089004940C90FDB16D1E0498A8421C
:10C150001BD804AB0CAA08A93846E9F7B9FFF007C9
:10C1600006D00498395C12A8EAF774F80028EDD1DB
:10C17000C1460C9A08990398FDF7BEFE4044BAF9EF
:10C18000001000B2814216DA04940C9A08990398C0
:10C19000FDF7B2FE0299029B0144BAF90000A9EB37
:10C1A0000302491C90420CDB4944884209DC01200F
:10C1B00015B0BDE8F08F0299049C08440FFA80F88E
:10C1C000C4E70020F4E700002DE9F04F0446406A80
:10C1D00097B000287ED04FF0FF3903A92046C4F85D
:10C1E000309002F08DFABDF81000BDF80C10401A26
:10C1F000401C0FFA80F80021204603F01FFB054683
:10C200000021204603F044FB07460021204603F0AE
:10C2100027FB824694F848000026C10600D5012677
:10C22000800601D546F002060021204603F084FB7B
:10C23000A0F51C51D13904D1608C000501D446F021
:10C2400004060097CDE9018653462A4616A8616A7E
:10C2500008F05EFA204604F02FFC94F848004FF6F0
:10C26000FF7B00F007004FF00008022804D00328ED
:10C270007ED001287DD0F6E10021204602F0DCFFCF
:10C280000604360C08D1204602F0A2FAFAF72AFC7E
:10C29000032190FBF1F086B205A8F7F793FB4FF46A
:10C2A0009670059412901490BDF81000BDF80C1013
:10C2B000BDF95820401A401C002700B2ADF854B018
:10C2C000904233DA0021801ACDE90E10E9480D9131
:10C2D000014600E0CAE106902046F7F75BFB00212B
:10C2E0000A4620B1016B90F84200C0F3400210985A
:10C2F00088420FDD9DF85600119120F001008DF865
:10C3000056003AB140F002008DF856000F990D9892
:10C310000D910F9030460F9A0D99F7F7BAFB1090D8
:10C32000139005A8F7F7C2FB012705E0D149204685
:10C33000F7F700FBA4F84480BDF81200BDF80E101A
:10C34000BDF95A20401A401C00B290427EDA002FFC
:10C350007CD1821AB5F908000021101ACDE90E101F
:10C36000C5480D91014606902046F7F713FB01E002
:10C3700023E0C5E000210A4620B1016B90F842009D
:10C38000C0F34002109888420FDD9DF856001191CD
:10C3900020F001008DF856003AB140F002008DF80F
:10C3A00056000F990D980D910F9030460F9A0D99E8
:10C3B000F7F76FFB109013909EE020460021642257
:10C3C00003F0ACF906460021204602F035FF0704D1
:10C3D0003F0C08D1204602F0FBF9FAF783FB03215A
:10C3E00090FBF1F087B205A8F7F7ECFABDF8100062
:10C3F000BDF80C100594401A401CBDF9581000B24D
:10C40000ADF854B04FF00009884234DA20221146CA
:10C410002846FDF771FDBDF9581000EB40000844B7
:10C420004142CDE90E9193480A460690CDF83490EA
:10C4300049463846F7F72DFB10908E492046F7F70E
:10C44000A9FA00B1006B36B1306B00E027E0119023
:10C45000F06B149009E01099814206DD11909DF86F
:10C46000560020F001008DF8560005A8F7F71EFBD6
:10C470004FF0010905E07F492046F7F75BFAA4F881
:10C480004480BDF81200BDF80E10401A401CBDF9E2
:10C490005A1000B2884202DAB9F1000F06D076498C
:10C4A0002046F7F747FAA4F84680DCE0B5F9082003
:10C4B0000020114449420D90CDE90E016E480A4614
:10C4C000069038460D99F7F7E4FA10906A4920462D
:10C4D000F7F760FA00B1006B26B1306B1190F06B8A
:10C4E000149009E01099814206DD11909DF85600E4
:10C4F00020F001008DF8560005A8F7F7D7FAB2E052
:10C50000BDF81200BDF80E10401A401C01B2BDF972
:10C510005A00814209DAB5F90810884205DD574909
:10C52000606A09688847032802D8C4F82C909AE00A
:10C53000BDF81000BDF80C102E22461A11462846F0
:10C54000761CFDF7D9FC5044A0EB80003044ADF8D8
:10C550000000BDF81200BDF80E10401A401C00B2D9
:10C56000ADF80200B5F90820D11990FBF1F301FBF9
:10C5700013018A42A0EB010004DCADF80200298916
:10C58000084400E0C01BADF8020069462046FFF7F2
:10C5900019FB8146606AE3F7F2FE394A07464946CD
:10C5A0001268606A9047374D019005E02A6801A93A
:10C5B000606A9047A9F101090198C01CB842F5D8FA
:10C5C0000025DFF8C4B0019EAA46606A01990844BC
:10C5D000DBF8001088472D4A2844C5B2126801A92B
:10C5E000606A9047032D07D80198B84204D80AF131
:10C5F000010ABAF1030FE8D9616A204601EB060A85
:10C600000746FFF748FA042D12D9681C00F05EFBBC
:10C61000B86240B32A46514600F020FCB96A01F8DE
:10C62000058097F8480040F0400087F848000BE08C
:10C6300097F848002A4620F0400087F84800514605
:10C6400007F1280000F00AFC00202E213318626A4E
:10C65000401C0328D154F9D3616AF61C09F1030088
:10C6600001F80680E062204603F062FD17B0BDE8E5
:10C67000F08F00002B7A0208337A0208380200207B
:10C680002802002030020020200200202402002086
:10C690002DE9F0410446054690F8480000F00700F7
:10C6A000012823D1E96A481C20D0114A686AC91EB2
:10C6B00012689047024694F848100020490601D5B8
:10C6C000A16A06E004F1280103E00F5C401CF75466
:10C6D000C0B26E6A1318F75C002FF6D1095C1044E3
:10C6E00031542046FFF7D7F9781EE862BDE8F081A3
:10C6F0002802002070B50D4604461A49F7F71AF9CA
:10C7000019492046F7F716F90020A4F84400A4F8C8
:10C710004600022D0FD0032D0DD0042D0BD094F820
:10C72000480020F0200100BF01F0070084F8481005
:10C73000012805D00AE094F8480040F02001F3E712
:10C74000E06A401C02D02046FFF7A2FF94F84800A0
:10C7500065F3020084F848002046BDE87040FFF70A
:10C7600033BD00002B7A0208337A020870B50D46FB
:10C77000044603F0DDFC05B9656A606AA8420CD185
:10C7800094F84810090708D4E3F7F9FD411C606AE2
:10C7900000F04CFB6062D0B9FEE738B194F8481065
:10C7A000090703D400F01EFB002161622846E3F76D
:10C7B000E6FD401C00F08AFA606268B12946E3F7A2
:10C7C00000FE94F8480020F0080184F84810204644
:10C7D000BDE87040FFF7F8BCFEE70FB470B5044643
:10C7E0000598F8B1204603F0A3FC0598D8B1606A1B
:10C7F000002530B194F84810090702D400F0F2FA8D
:10C80000656206A90598E9F740FD606294F8480062
:10C8100020F00801204684F84810FFF7D5FC70BCD2
:10C820005DF814FBFEE72046F7E7016403F080BCE7
:10C83000C16303F07DBC70B5044690F848000D4616
:10C84000000705D4606A18B100F0CCFA00216162DB
:10C8500035B194F8480040F0080184F8481065624A
:10C860002046BDE87040FFF7AFBC00002DE9F04165
:10C870000A4C07460A4D60680E46401CC1006060C5
:10C88000286800F0D3FA286038B1616800EBC10075
:10C8900040E902760846BDE8F081FEE77800002016
:10C8A000DC01002038B508460C4607F0F9FB009083
:10C8B000BDF80000A084FF2084F8260038BD0000E9
:10C8C00070B5A2B00D460846FDF7C0F9064615281A
:10C8D00007D0162E05D02946874801F0C5FE01284D
:10C8E0007ED12846FDF7F0F90446152E78D168462A
:10C8F000FBF744FC6A460021204603F0BDFA01988C
:10C90000F9F7D0FA0646F9F7ADFA0146324654F87F
:10C91000240FF9F7CBFC2090BDF88000ADF804009F
:10C92000BDF80600ADF880002098F9F7BBFA06467E
:10C93000F9F798FA014632462068F9F7B7FC2090DB
:10C94000BDF88000ADF80600BDF80A00ADF8800023
:10C950002098F9F7A7FA0646F9F784FA0146324615
:10C960002068F9F7A3FC2090BDF88000ADF80A001C
:10C970000B98F9F797FA0646F9F774FA014632462A
:10C980002068F9F793FC2090BDF88000ADF82C00EA
:10C99000BDF81E00ADF880002098F9F783FA06462E
:10C9A000F9F760FA014632462068F9F77FFC2090DB
:10C9B000BDF88000ADF81E000998F9F773FA064635
:10C9C000F9F750FA014632462068F9F76FFC2090DB
:10C9D000BDF88000ADF82400F9F744FAA27800E031
:10C9E00088E001460198F9F761FC2090BDF88000CD
:10C9F000ADF80400F9F736FAA278BDF80610ADF8E4
:10CA0000801001462098F9F751FC2090BDF8800075
:10CA1000ADF80600F9F726FA0146A278BDF80A003B
:10CA2000ADF880002098F9F741FC2090BDF8800017
:10CA3000ADF80A00F9F716FA0146A278BDF81E0013
:10CA4000ADF880002098F9F731FC2090BDF8800007
:10CA5000ADF81E00F9F706FA0146A2780B98F9F72F
:10CA600025FC2090BDF88000ADF82C00F9F7FAF90C
:10CA70000146A2780998F9F719FC2090BDF88000CA
:10CA8000ADF8240014F8020FBDF82E10503810FB3A
:10CA900001F1AF2091FBF0F1ADF82E1014F826193A
:10CAA000BDF83420503911FB02F191FBF0F0ADF8E4
:10CAB00034002846FDF7D0F8054601460EA801F0DF
:10CAC00027FC0D480F9004F114060020CDE9100654
:10CAD0001B90CDF848D00EAA1A212046FDF7F8F891
:10CAE000324669462846FBF735FB0EAA1B21204635
:10CAF000FDF7EEF822B070BD94DB02080846002175
:10CB00000185416280F82A10022101F0A9B90000D4
:10CB10002DE9F04F87B00D465C4801F0A5FD0128D6
:10CB200049D12846FDF792F806462846FDF7CCF88D
:10CB30000446132E33D04FF002082C2E3ED0152E73
:10CB400039D107462846FDF787F88346388D3C469D
:10CB5000002830D0786A00282DD005A9384601F089
:10CB600031FE204602F001F8BDF81410081A06B292
:10CB7000204602F001F8BDF81610081A05B220464A
:10CB800001F059FE82466846FAF7B9FD6A4600216F
:10CB9000204603F013F900244FF0060967E0002156
:10CBA00002F006FC04462846FDF78CF8B0F90010A8
:10CBB000A14200DA048007B0BDE8F08F208D002884
:10CBC000F9D0606A0028F6D02846FDF77BF80025EA
:10CBD00007462E462846228DC4460DE0636A33F987
:10CBE0002010A94200DD0D460CEB8001595EB142D8
:10CBF00000DD0E46401C80B28242EFD80021204664
:10CC000002F0D6FB2918304439807880D3E7786A5F
:10CC100030F824103144ADF80C10042101EB8401EC
:10CC2000415A3144ADF8101097F82A10C90708EBA3
:10CC3000840121D0415AAAEB01002844ADF80E002E
:10CC4000796A09EB8400095AAAEB01002844ADF87F
:10CC5000120004AB03AA69465846FAF743FD9DF853
:10CC60000900641C20F004008DF80900A4B2388D7E
:10CC7000401EA042CBDC9EE7405A2844ADF80E008F
:10CC8000796A09EB8400085AE0E7000054170308AA
:10CC900010B58A42029C01DB904207DA8A4201DB2E
:10CCA000884209DD8A4203DC904201DC204610BD47
:10CCB0008A4203DC884201DB184610BD521AE41A8E
:10CCC000401A604390FBF2F0184410BD70B50400A8
:10CCD00010D0094D0146686807F0C8FB010007D075
:10CCE000A8682044A860EA68904200D81046E8602E
:10CCF000084670BD004870BDF401002070B50024E6
:10CD0000084E254656F8340038B100F06BF806EBB3
:10CD1000C40046F8345085718580641CE4B2102C40
:10CD2000F0D370BD0C5300202DE9F04105000BD06D
:10CD30000022224C4FF0FF30012600BF04EBC2015D
:10CD40008B79DB0703D014E00020BDE8F0818988EF
:10CD5000A9420ED305D104EBC200867154F832000B
:10CD6000F3E7002804DB04EBC0039B88994200D260
:10CD700050B2521CD2B2102AE0D3002805DB04EBDB
:10CD8000C0018E7154F83000DFE7002704EBC700C4
:10CD90008079C00704D07F1CFFB2102FF6D3FEE7C6
:10CDA00054F83700294600F041F830B104EBC701D0
:10CDB0008E718D8044F83700C7E7FEE70C530020E2
:10CDC000074A002152F83130834204D102EBC101FD
:10CDD000002088717047491CC9B21029F2D37047EE
:10CDE0000C530020094910B588420DD000280BD003
:10CDF000064C0146606807F00DFBA168814201D92D
:10CE0000081A00E00020A06010BD0000F40100201E
:10CE100010B54FF44041034807F0EEFA024948606C
:10CE200010BD00007C540020F401002010B539B181
:10CE3000094A904208D1BDE810400846FFF746BFB6
:10CE4000FFF7D0FF044810BD0A460146024840687B
:10CE5000BDE8104007F01DBBF401002030B500F024
:10CE6000030401F003050346A54243D14EE00C78CC
:10CE70001C704C785C708C789C70CC78DC700C7971
:10CE80001C714C795C718C799C71CC79DC710C7A59
:10CE90001C724C7A5C728C7A9C72CC7ADC720C7B41
:10CEA0001C734C7B5C738C7B9C73CC7BDC730C7C29
:10CEB0001C744C7C5C748C7C9C74CC7CDC740C7D11
:10CEC0001C754C7D5C758C7D9C75CC7DDC750C7EF9
:10CED0001C764C7E5C768C7E9C76CC7EDC760C7FE1
:10CEE0001C774C7F5C778C7F9C77CC7FDC77203104
:10CEF000203A2033202ABAD805E000BF11F8014BB0
:10CF000003F8014B521E002AF8D130BD4CB3C4F1D6
:10CF1000040405E011F8015B521E03F8015B641E76
:10CF2000FCB1002AF6D11CE010C9203A10C310C988
:10CF300010C351F8084B43F8084B51F8044C43F820
:10CF4000044C51F8104B43F8104B51F80C4C43F87B
:10CF50000C4C51F8084C43F8084C51F8044C43F879
:10CF6000044C202AE0D802E010C9121F10C3042A82
:10CF7000FAD804E011F8014B03F8014B521E002AC5
:10CF8000F8D130BD10B5034605E000BF11F8014BE4
:10CF900003F8014B521E002AF8D110BD10F0030314
:10CFA00009D0C3F1040303E0521E00F8011B5B1E0D
:10CFB0000BB1002AF8D101EB012303EB014303EB92
:10CFC00001630EE008C0203A08C040F8083B40F872
:10CFD000043C40F8103B40F80C3C40F8083C40F85A
:10CFE000043C202AEED801E008C0121F042AFBD816
:10CFF00003E000BF00F8011B521E002AFAD170475F
:10D0000010F003034FF0000219D0C3F1040303E052
:10D01000491E00F8012B5B1E8BB10029F8D1704727
:10D0200004C0203904C040F8082B40F8042C40F814
:10D03000102B40F80C2C40F8082C40F8042C202928
:10D04000EED801E004C0091F0429FBD803E000BFAB
:10D0500000F8012B491E0029FAD1704710F0030295
:10D060004FF0FF030AD0C2F1040203E0491E00F8AA
:10D07000013B521E12B10029F8D170474FF0FF3228
:10D080000EE004C0203904C040F8082B40F8042CFE
:10D0900040F8102B40F80C2C40F8082C40F8042CD9
:10D0A0002029EED801E004C0091F0429FBD802E0C2
:10D0B00000F8013B491E0029FAD17047826C8A4270
:10D0C00006D0426B8A4205D190F86100012801D850
:10D0D00001207047002070472DE9F0410446FCF71D
:10D0E000B5FD07283FD12046FCF7EEFD054620465A
:10D0F000FCF7ECFD0446406BA84202D0A06CA842AD
:10D1000031D194F8600084F8610029462046FFF789
:10D11000D5FF002827D104F154063046E8F7B7FCC4
:10D12000074601463046E8F7C4FC05001BD03946E7
:10D130003046E8F747FD3846FFF754FE14F8600F15
:10D140002946401E20703046E8F73CFD2078401EFE
:10D1500004F860092046296800F030F92846BDE847
:10D16000F041FFF73FBEBDE8F08110B504465430F2
:10D17000E8F777FC002084F8600010BD2DE9F0414D
:10D1800049480C460188204603F0F0FF0021204664
:10D1900003F0BAFF94F86200002520F00E0084F836
:10D1A0006050C0B284F8615020F0010084F8620041
:10D1B000042104F15400E8F787FC204600F0E0FE6B
:10D1C0000121606200F066FAE5636564A564E564C8
:10D1D00021463648256400F095FD064600F006FE1F
:10D1E00042F264073946304603F0AAFF0121304677
:10D1F00003F09AFF0121304603F086FF4FF4804888
:10D200004146304600F046FA0221304600F028FE42
:10D21000264831461C30A66200F074FD064600F038
:10D22000E5FD42F2D1723946304604F06BF8002138
:10D23000304603F069FF02231A460021304603F00E
:10D2400047FF0221304600F00BFE4146304600F019
:10D2500021FA30462663F7F717FC064623460722D5
:10D26000134900F0CBF94146304600F013FA002193
:10D27000304603F049FF30466663FDF7BBFA0DA167
:10D28000FDF7CEFF206BFEF7EBFB0646012100F019
:10D2900001FAE5622346A6632565BDE8F0411C223C
:10D2A0000549184600F0AAB9A0000020ACDC02082D
:10D2B000D9D00108EF81930097D4010810B50C462E
:10D2C0000021204603F020FF02231A4600212046B9
:10D2D00003F0FEFE2046BDE81040022100F0C0BD74
:10D2E00001F15400E8F7BDBB10B50C46084601F04B
:10D2F000E3FA416A204603F058FF0121204603F07B
:10D3000003FF02231A460021204603F0E1FE2046D7
:10D31000BDE810404FF4804100F0BCB910B5486A38
:10D320000C46002803D0FFF75DFD0020606210BDB1
:10D3300010B50446006B002833D0E16A002930D0D4
:10D3400094F86210C1F3410111B3012902D00229FE
:10D3500008D11CE0002103F051F80021D4F82C0082
:10D3600003F0E2FE206B03F025FAE06A03F022FAF4
:10D37000206B04F0A7F9206B01F0F0F90028206B76
:10D380004FF0010109D0BDE8104000F069BD012156
:10D3900003F034F80121E06AE2E7BDE8104000F054
:10D3A00079B910BD10B50C460121204603F0ACFE42
:10D3B0002046BDE81040022100F052BD70B5044681
:10D3C000C06A0D46A84265D010B1616A03F0EDFE57
:10D3D00085B104F15400E8F77FFB50B1056094F883
:10D3E0006000401C84F860002846A16A03F0DDFE5E
:10D3F00003E0FEE72046FFF7B8FEE562206D48B186
:10D40000216C00294FF0010102D000F087F901E002
:10D4100000F060FD206CD0B194F86200C10711D01B
:10D420000007A06C4FF0010106D500F019FD0221A4
:10D43000A06C00F02FF905E000F02CF90221A06C9F
:10D4400000F00EFD94F86000022808D210E094F875
:10D450006000022803D294F86200000708D5012179
:10D46000606B00F0FDFC0221606B00F013F907E037
:10D470000121606B00F00EF90221606B00F0F0FCFE
:10D4800000221C212046FCF723FC2046BDE870400A
:10D49000FFF74EBF70BD10B5FCF718FC0446C06A1C
:10D4A00078B1A26B6AB1416A39B11046FFF75EF9F3
:10D4B0000121A06B00F0D4FC03E00121104600F034
:10D4C000E9F8206C002813D0E26C002A10D0416AE1
:10D4D00041B11046FFF74AF9E06CBDE81040012168
:10D4E00000F0BEBCBDE810400121104600F0D2B8EB
:10D4F00010BD10B50C46242104F12400E8F7E4FA2D
:10D5000004F13000BDE810401C21E8F7DDBA10B589
:10D510000C4601F13000E8F7A4FA04F12400BDE85C
:10D520001040E8F79EBA00002DE9F04397B00D4691
:10D53000314801F099F801285BD12846FCF786FBB9
:10D5400006462846FCF7C0FB0446152E51D1284656
:10D55000FCF782FB81466946204601F0D1F86A4615
:10D5600049462046EBF7ACFD6A4649462046F1F7AE
:10D570009DFD6A4649462046EFF7F6FCBDF80400DB
:10D58000BDF80010401A401C00B200EBD0704010F3
:10D590000E18BDF802100D1804A8FAF7EFFD4FF4AD
:10D5A000003804AA4146204602F066FC20460122CB
:10D5B000414602F0B3F800B200EBD07047102046AD
:10D5C0000422414602F0AAF800B200EBD070F11B31
:10D5D0004010ADF85410291AADF85610F119ADF8F5
:10D5E00058102844ADF85A0015AA04A94846FAF77D
:10D5F000B1FD17B0BDE8F08300DD02082DE9F04170
:10D600001D4616460F46044600F060FAA0684FF02B
:10D610008062817E02EBB1114FEAB1618176A06830
:10D6200001F03F0101EB41018900C068FFF7FEFBFB
:10D63000A168C860A16860B3897E6FF0030301F040
:10D640003F0101EB41026FF00B0101EB82028750B9
:10D65000A068C268807E00F03F0000EB400003EB52
:10D6600080000B1D1654A068C268807E00F03F0049
:10D6700000EB400003EB80001550A068C268807E7C
:10D6800000F03F0000EB400001EB80001044BDE8DB
:10D69000F081FEE72DE9FF410C46074602F0A0FDB0
:10D6A0000646E00702D0384602F042FDF869204302
:10D6B000F861E00711D00221384602F057FA60B154
:10D6C000384601F0B3F8050007D0FCF715FF2846EF
:10D6D000FCF792FF08B102F02BFD384602F080FD06
:10D6E000B04202D114F0C07F07D0384601F0E4F810
:10D6F00002F0AFFD384602F0ACFDE0060CD502AA00
:10D700006946384601F03FFA6946384602F033FD73
:10D7100002A9384602F02FFDBDE8FF81028C1143BB
:10D720008A4201D003F0FABD704700002DE9F047AE
:10D73000174688464FF6FF79044600234A46394685
:10D740000CF070FE618C00250426C1F30512E06820
:10D7500009E000BF06EBC503C3585FEA831C01D490
:10D76000DB0102D56D1CAA42F4D84FF0806202EBB7
:10D77000B1214FEAB1516184C1F30511C900FFF72E
:10D7800055FBE060608C6FF00702C0F3051009E004
:10D79000E16802EBC00C01EBC0036144D1E900C1B8
:10D7A000C3E900C1401EA842F2D8E068082100EB9E
:10D7B000C500FFF725FCE16841F83580E06806EB1D
:10D7C000C501425867F3170242504A46394620467F
:10D7D000BDE8F04703F088B970B516461D4604460B
:10D7E000002203F073FE2A4631462046BDE8704011
:10D7F00003F046BD2DE9FF4F81B09346884601985E
:10D8000003F060FFB8F1000F03D1019801F054F864
:10D81000804600242546019801F04EF881460021FB
:10D8200001F06CFD06460021484601F081FE3044BF
:10D830000FFA80FA0021484601F022FF304400B27E
:10D8400000900021404601F059FD06460021404667
:10D8500001F06EFE304407B20021404601F010FF97
:10D86000304406B2BBF1000F0FD0BBF1160F34D21B
:10D87000DFE80BF0D51123343F44546769138287E6
:10D8800097A1A6B5BFC5CBD1FDFC0021404601F054
:10D89000EAFC012822D03C461EE0404600F078FF1A
:10D8A0000246019802F00DF9014602EBD2704010D9
:10D8B00001EBD171A0EB61004DE0404600F068FF44
:10D8C0000246019802F0FDF802EBD271491000EB1C
:10D8D000D070A1EB600009E03546A0E0404600F0C2
:10D8E00057FF0246019802F0ECF8101A384404B2CF
:10D8F000F2E73C461CE0304405B290E0404600F0C0
:10D9000047FF0246019802F0DCF8014602EBD270B4
:10D91000401001EBD171A0EB610007E0404600F040
:10D9200037FF0246019802F0CCF8101A384404B2CE
:10D93000404600F013FF0246019800F07CFF101AE9
:10D94000D9E73C4609E0404600F022FF0246019834
:10D9500002F0B7F8101A384404B2404600F0FEFE58
:10D960000246019800F067FF02EBD271491000EB0C
:10D97000D070A1EB6000BEE7019800F05CFF404270
:10D98000BAE7404602F09DF80246019802F099F885
:10D99000014602EBD270401001EBD171A0EB6100A7
:10D9A00007E0404602F08DF80246019802F089F83F
:10D9B000101A04B2E0E7404600F03DFF05462EE0B5
:10D9C000404602F07EF80246019802F07AF802EB37
:10D9D000D271491000EBD070A1EB600007E0404627
:10D9E00002F06FF80246019802F06BF8101A04B2C8
:10D9F000E1E7019802F065F8404204B20FE00198B7
:10DA000002F05FF8404204B241E0019802F059F898
:10DA1000404204B24EE0404602F053F80446002172
:10DA2000484601F020FC012848464CD000F0CAFFCF
:10DA3000B8F8142004990A44B9F81410511A014492
:10DA4000A1EB0A00204404B2484601F087F8B8F878
:10DA500016200E990A44B9F81610511A014400987C
:10DA60000022081A284405B2012101E01EE00AE064
:10DA7000019803F02BFD019805B02A462146BDE828
:10DA8000F04F03F0FDBB404602F01BF80446404651
:10DA900000F0D1FE0246019800F0CDFE02EBD271FB
:10DAA000491000EBD070A1EB600025E7404602F082
:10DAB00008F80446404600F0BEFE0246019800F019
:10DAC000BAFE101A18E700F0DDFFB1E710B5044602
:10DAD0008068002813D10B484168491C41601C2014
:10DAE000FFF7F4F8A06058B11C21FFF789FAA1688C
:10DAF0000F204876A068017E41F00301017610BD39
:10DB0000FEE70000700000202DE9FC410E460546AE
:10DB1000012102F01FF8E0BB284600F0D1FE0446C8
:10DB200000F056FE0746F9F71FF8A0420ED038461F
:10DB3000F9F722F8A04209D03846F9F703F8A042D5
:10DB400004D03846F8F7F6FFA04237D14FF400244E
:10DB50002146284602F005F828BB2846E8F774F865
:10DB6000074605F114016846F6F7B0FCBDF8000061
:10DB7000C01BADF80000BDF80200C01BADF80200EC
:10DB8000BDF804003844ADF80400BDF80600384480
:10DB900000E013E0ADF8060031466A460846E7F7B4
:10DBA000C2F900280BD0002301223146284601F09B
:10DBB000D5FE1CE0012101F0CDFF10B10020BDE831
:10DBC000FC812146284601F0CCFF80B9D5E905014A
:10DBD000CDE90001002301226946284601F0BEFE7E
:10DBE00031466A460846E7F79EF90028E7D02846FE
:10DBF00000F062FE051EDDD10120E0E72DE9F041D5
:10DC00000E460746002501F0FDFD040035D03146E3
:10DC1000384601F0EBFD02282FD904EBD470012126
:10DC200001EB60043146384601F0E6FD20440FFA6E
:10DC300080F83146384601F0C1FD04463146384689
:10DC400001F0C8FD002C01DD214600E06142002802
:10DC500001DD024600E04242914205DD002C01DD7B
:10DC6000204604E0604202E0002800DC40424044DC
:10DC700000B2002800DA284605463146384601F051
:10DC8000E5FB04000ED03146384601F0D3FB0228F4
:10DC900008D93146384601F0D3FB2044A84200DBC6
:10DCA00005462DB238463146692201F037FD04B2EF
:10DCB000384631466A2201F031FD00B2844200DC70
:10DCC0000446002C01DD281905B22846BDE8F08184
:10DCD00070B50D4606465B2201F020FDC4B2304609
:10DCE0002946162201F01AFD04B90124204670BD10
:10DCF000002803D00068884201D10120704700202D
:10DD0000704700002DE9F0410D46074600263649D0
:10DD100000E00068B8B182690A42FAD08069C0F3B5
:10DD20000F108046FEF7D2FF041E31D04146FFF7A8
:10DD300067F9C4E900754FF001086FF0030725B1DA
:10DD4000A86878B332E03046EBE7F8F7C5FE050087
:10DD50001AD0EA68F2B1686A401C81006862104615
:10DD6000FFF764F8E860696A07EB81014450A68216
:10DD7000E6820020F8F7C8FE401E20830020F8F756
:10DD800009FF401E608323E02046FFF72BF80020A8
:10DD9000BDE8F0810420FEF799FFE8600460C5F853
:10DDA0002480E4E7FFE72846FFF790FEA8680168B3
:10DDB00081B14168491C4160A86889000068FFF78B
:10DDC00035F8A9680860A968496807EB81014450E3
:10DDD0002046DDE70420FEF779FFA96808600460AB
:10DDE000A968C1F80480F3E7F0FF0F0070B505469D
:10DDF00002F02FFA002000F093FA284606F0D8F837
:10DE0000284600F06FF8012000F08AFA4FF6FF7202
:10DE10004FF47021284602F067FE284602F04CFEBF
:10DE2000FCF7DEFB030007D0284602F0CBF918B15F
:10DE300029461846FCF726FB284600F03DFD040065
:10DE40000DD02A462221FBF743FF2A4623212046F4
:10DE5000FBF73EFF2846BDE8704002F069B970BD8F
:10DE60007FB50C46064602F0BBF90546E0060CD528
:10DE700002AA6946304600F086FE6946304602F046
:10DE80007AF902A9304602F076F9F069A043F06110
:10DE9000E0070ED0304602F04BF9304602F0A0F910
:10DEA00038B1304600F008FD02F0D3F9304602F0F8
:10DEB000D0F9304602F094F9A84202D114F0C07FA4
:10DEC00007D0304600F0F8FC04B0BDE8704002F026
:10DED000C0B97FBD028C22EA01018A4201D003F061
:10DEE0001DBA704770B504680546206818B12860EF
:10DEF0002846FFF7F7FF2C6062682046002A03D00F
:10DF00002946BDE87040104770BD00002DE9F04182
:10DF10004D680C46EDB1284600F054FD06462846F3
:10DF200000F01CFE074628460021102201F0F6FBF7
:10DF3000E98A12220844C01BE082401E6083284602
:10DF4000002101F0EBFBA98A0844801BA082401E3F
:10DF5000208341F20200E061002D06D043F202006E
:10DF6000C4F81C0043F20230E06140F0740040F459
:10DF70000060E06102D040F40040E061BDE8F08163
:10DF800010B501460348FFF7BDFE0446FFF72EFF1C
:10DF9000204610BDF8D5020870B5054602F0C8F855
:10DFA000284600F089FC0400284610D007F056FAF5
:10DFB000204603F063F8002222212046FBF788FE6A
:10DFC0002046BDE8704000222421FBF781BE00F00E
:10DFD000FFFB040007D02069A842284604D107F0BF
:10DFE0003DFA0020206170BDBDE8704007F036BAF0
:10DFF00070B50C460846E7F7C1F9002000F090F92B
:10E000002046144A002102F046FE012000F088F963
:10E0100000212046F5F78EFC204600F007FC10B1E9
:10E020002046FCF707FBA068002811D000680025F7
:10E0300018B1FEF7D7FEA0680560A068C06818B1E7
:10E04000FEF7D0FEA068C560A068FEF7CBFEA56015
:10E0500070BD0000FFFF0F002DE9F047A2B0804621
:10E06000FBF7F4FD06464046FBF72EFE0127002491
:10E070000546122E72D0DFF89492152E6CD0182E11
:10E080007AD14046FBF7E8FD824601462846EFF785
:10E09000CFFC0021284601F055F950B105F59070EC
:10E0A000FAF730F8060004D0F9F710FD3046FEF715
:10E0B00087FE0021284601F019F900285CD002A84B
:10E0C000FAF75CF88DF80B408DF822408DF832405D
:10E0D0008DF83E4002AA0021284601F0CDFE002125
:10E0E000284601F0FFFB80460021284601F0EEFBA8
:10E0F000064605F114016846F6F7DFF9BDF8001091
:10E10000A1EB0800BDF80410ADF8000001EB080019
:10E11000ADF80400BDF802005146801BADF80200C6
:10E12000BDF806003044ADF8060010A800F0F0F885
:10E1300002A8149068461D94CDE91270CDF8449061
:10E1400010AA1A212846FBF7C3FD6A4602A95046C9
:10E15000FAF700F8D4E001E055E00DE04046FBF7A7
:10E16000B1FD06460078022806D00021284601F0BD
:10E17000E9F820B10220307022B0BDE8F08700211C
:10E18000284601F015FB82460021284601F0AAFB33
:10E1900081460021284601F099FB804605F11401D3
:10E1A0006846F6F78AF9BDF800105246A1EB09005F
:10E1B000BDF80410ADF8000001EB0900BDF8021035
:10E1C000ADF80400A1EB0800BDF80610ADF80200A0
:10E1D00001EB0800ADF8060069467068E6F7CBFE73
:10E1E00068B10021284601F075F8FD2807D32846BC
:10E1F0000021602201F092FAC0B2FD2801D23770EE
:10E20000BAE73470B8E74046FBF726FD804602A81F
:10E21000F9F7B4FF0021284601F068F828B19DF80D
:10E220002B0040F001008DF82B0002AA00212846A7
:10E2300001F022FE0021284601F054FB0646002191
:10E24000284601F043FB074605F114018A4668465B
:10E25000F6F733F9BDF800004146801BADF8000029
:10E26000BDF804003044ADF80400BDF80200C01B46
:10E27000ADF80200BDF806003844ADF8060010A85D
:10E2800000F046F802A814906846CDE91240CDF897
:10E29000449010AA1A2128461D94FBF719FD00216D
:10E2A000284601F04FF830B1BDF8080018B1069EBD
:10E2B0000127069401E0069E00276A4602A940460F
:10E2C000F9F748FFE7B11820FEF72EFD0746BDF924
:10E2D000082000235146F9F781FE05F59071384674
:10E2E000F9F730FA66B18DF80B408DF82A408DF8B9
:10E2F00032408DF83E406A4602A94046069627E71E
:10E3000010AA1B212846FBF7E3FC35E7F8D50208E5
:10E3100070B50D4604464821FEF772FE256070BDBB
:10E320000149087070470000800000202DE9FF417E
:10E3300088460846FBF78AFC04464046FBF78AFC01
:10E340000546012C23D0082C23D0032C3ED02A2CA8
:10E350003ED00D2C4CD00E2C7DD0092C7CD00A2C1C
:10E360007BD00F2C7AD0292C79D0222C78D0242C59
:10E3700077D0132C76D0152C03D0182C01D0122C6A
:10E3800034D104B04046BDE8F041FFF765BE20211E
:10E39000FAE02021FFF79EFD4046FBF76EFCFDF7FB
:10E3A00066F8002822D10821284601F0D3FB002876
:10E3B0001CD095F820004FF00101C007284602D07C
:10E3C000FFF788FD30E0FFF7A9F92DE02021F8E004
:10E3D00000F072F90646002406E0A868006850F8CC
:10E3E000240001F036FF641CB442F6D3BDE8FF817F
:10E3F000082101F0AFFBF8B14046FBF763FC04785D
:10E40000132C06D0112C04D0142C07D0122C05D0BC
:10E4100008E001212846FFF781F903E001212846A1
:10E42000FFF758FD0A2CE1D004B02846BDE8F041C2
:10E4300000221C21FBF74CBC4FF40161284601F07F
:10E4400089FB0028D2D0284601F0AFFE0028CDD1AC
:10E450000027284607E06DE095E09AE0B0E0B5E0DF
:10E46000D1E0F2E0F6E000F0ADFA0646284600F012
:10E4700009FB04464046FBF725FC007812281BD018
:10E4800011280CD013282BD01428AFD1284600F027
:10E4900071FA800703D0002E38DC002C36DC2846C9
:10E4A00000F0C9F90446284600F066FBE11704EBCA
:10E4B0009171A0EBA1000BE0284600F0BCF90446E6
:10E4C000284600F059FBE11704EB917100EBA10025
:10E4D00001B204B03A462846BDE8F04102F0B8BDAA
:10E4E000284600F047FA8007E6D0002E01DC002C19
:10E4F000E2DD284601F0E5FA0446284600F035FB47
:10E50000E11704EB917100EBA1000BE0284601F04C
:10E51000D8FA0446284600F028FBE11704EB917175
:10E52000A0EBA10001B204B03A462846BDE8F04194
:10E5300002F078BD4FF4806101F00CFB18B10121AD
:10E54000284602F052FD284600F070F9FCF74EF81C
:10E5500006460224FCF756FF10B94046FBF78DFB38
:10E56000FCF791FF022801D0042800D106241EB137
:10E5700044F00801284607E021462846FFF7CEF878
:10E58000082128461DE0402104B0BDE8F041FFF716
:10E59000C5B84021FFF79EFC284600F01AFE02286D
:10E5A0007FF424AF02AA6946284600F0ECFA6946D7
:10E5B000284601F0E0FD02A9284601F0DCFD15E740
:10E5C0000E2104B0BDE8F041FFF784BC002100F04B
:10E5D00027FE04460021284600F0DEFE204302D03C
:10E5E000284601F036FE284600F066F8064600246C
:10E5F00006E0A868006850F8240001F02AFE641CB8
:10E60000B442F6D3F2E60021012201F087F806B207
:10E6100028460021042201F081F804B20021284696
:10E6200000F0FEFD07460021284600F0B5FE384305
:10E6300005D142F2D170864201D08442BFD104B0EC
:10E640002846BDE8F04101F004BE688C40F00200AD
:10E650006884F4E70021FFF7D1FA014604B0404690
:10E66000BDE8F041FBF754BB10B50C4600B960683B
:10E67000006868B101690029FAD00021E1600269EF
:10E6800021469047217E0120C90700D0002010BDFF
:10E69000012010BD8068002809D0002902DA4268F4
:10E6A000511803D443680A468B4201D800207047B2
:10E6B000006850F8220070478068002800D0406849
:10E6C000704770B50C46054600F114012046F5F779
:10E6D000FDFEA868002812D02188808A081A2080B0
:10E6E000A968A088898A0844A080A9686088898A66
:10E6F000401A6080A968E088898A0844E08070BD7B
:10E7000070B50C460546002100F0F8FD064621468E
:10E71000284600F057F8704202B211462046F5F73D
:10E7200076FF0021284600F003FF2188084420805E
:10E730000021284600F04AFFA188081AA080002185
:10E74000284600F09DFF618808446080002128462B
:10E7500000F088FEE188081AE08070BD70B50446BC
:10E76000002100F08DFF05460021204600F07AFED2
:10E7700006460021204600F0C1FD0246204600F07A
:10E780005AF8401B801B514200EB410000B270BDA3
:10E7900070B50446002100F0CBFE0546002120465E
:10E7A00000F014FF06460021204600F0A7FD0246B7
:10E7B000204601F086F9401B801B514200EB4100CE
:10E7C00000B270BD0A4600F114011046F5F77EBE96
:10E7D00010B5416809B100F073F804460A48E7F73C
:10E7E00056F90EE00021426A05E0C36853F8213073
:10E7F000A34208D0491C8A42F7D801460248E7F7ED
:10E8000058F90028EED110BD8C52002080680028F5
:10E8100005D0827E02F03F028A4201D80020704774
:10E82000C06801EB410100EB81007047806800285F
:10E8300000D080687047418BC08A081A401C00B223
:10E84000704770B5064600F037F8050001D0002487
:10E850000AE0002070BD21462846FFF71BFFB042AA
:10E8600001D1204670BD641C2846FFF725FFA04259
:10E87000F1D84FF0FF3070BDF0B4468C0024042571
:10E88000C6F3051613E000BFC76805EBC40C57F8C4
:10E890000C705FEAC71C09D527F07F479F4205D15E
:10E8A000C06850F83400F0BC04F0C6B8641CA6423E
:10E8B000EAD8F0BC00207047002800D040687047BC
:10E8C00000B50146FFF7F8FF0028FAD1084600BD61
:10E8D0002DE9F047DFF8948006464446FFF7ECFE4A
:10E8E00007460025DFF888A00EE0B06851460068B2
:10E8F00050F82500814601F034F920B9B9F91A0021
:10E90000A04200DB04466D1CBD42EED30021304620
:10E9100000F0BCFE81460021304600F0A9FD07460C
:10E920000021304600F0F0FC0546444504D0708BD1
:10E93000C01B401B201A04B2304600F053FC804636
:10E940003046FFF778FFA0EB0900C01B694200EBDF
:10E950004101A8EB0101304600F00EF9081A00B29F
:10E96000844200DD2046BDE8F087000001E0FFFFA3
:10E9700001000400806818B1407E00F00F0070476D
:10E980000F20704770B50C4605460C49F5F702F8A4
:10E9900010B1806A404202E0284600F0E6F820808C
:10E9A00007492846F4F7F6FF10B1806A404202E0BA
:10E9B000284600F0E1F8608070BD0000FF78020892
:10E9C000177902082DE9F84F0646002100F051FCA6
:10E9D000012807D0B068002802D0008A404200B267
:10E9E000BDE8F88F0021304600F0F6FD00900021D0
:10E9F000304600F0A3FD81460021304600F084FC43
:10EA0000804641F6FF7A54463046FFF755FE0746EA
:10EA100000250EE0B0681949006850F825008346CB
:10EA200001F09FF820B9BBF91400A04200DC0446B5
:10EA30006D1CBD42EED3544506D0B28A09EB0800E6
:10EA40001044001B04B200E00D4C304600F0D8FB2F
:10EA50000546304601F035F80099411AA1EB09014D
:10EA6000C8F1000001EB4000291A304600F07DF8A3
:10EA7000084400B28442B3DD2046B1E7010004003F
:10EA800001E0FFFF2DE9F0470646002100F0F1FB11
:10EA900001280AD0DFF8A08030464446FFF70CFE7C
:10EAA00007460025DFF894A015E0B068002801D0E3
:10EAB000B0F91000BDE8F087B0685146006850F822
:10EAC0002500814601F04DF820B9B9F91800A0429F
:10EAD00000DB04466D1CBD42EED30021304600F041
:10EAE0007BFD07460021304600F028FD81460021CD
:10EAF000304600F009FC0546444504D0308BC01B6D
:10EB0000401B201A04B2304600F07AFB80463046A3
:10EB100000F0D7FFC11BA1EB0900694200EB4101E6
:10EB2000A8EB0101304600F020F8081A00B2844238
:10EB3000C0DD2046BEE7000001E0FFFF0100040049
:10EB40008068002802D0007EC0F381007047806892
:10EB5000002802D0007EC0F30110704780680028B2
:10EB600002D0408A404200B270478068002802D03C
:10EB7000008A404200B270478068002802D0408A74
:10EB8000404200B270472DE9F04F91B016460C4656
:10EB90004FF0FF37054600223B46114620460097BE
:10EBA000F5F74FFD00223B46114630460097F5F73A
:10EBB00048FD1021284600F0CDFF002816D0284639
:10EBC00000F007FB070011D00020FCF721FC804675
:10EBD000022F08D010E0FCF74AFCA84209D04046BA
:10EBE000FCF716FC8046B8F1000FF4D111B0BDE877
:10EBF000F08FB8F1000FF9D02846FFF7AFFF05906E
:10EC00002846FFF765FE0C902846FFF7DBFE0A90CA
:10EC10002846FFF737FF08902846FFF7ABFE8146EE
:10EC2000002019F00C0F009014D0012F10D0032FEA
:10EC300002D0022F07D00DE00598002808DC0C98C0
:10EC4000002805DC06E04046FCF702FC0C2801D158
:10EC500001200090002009905FEA897014D0012FF4
:10EC600010D0032F02D0022F07D00DE00A98002801
:10EC700008DC0898002805DC06E04046FCF7E8FBC5
:10EC8000032801D101200990009909980843ADD0CB
:10EC90004FF480373946284600F0EBFA012800D0BF
:10ECA00000200E903946284600F0F0FC06903946C8
:10ECB000284600F0DDFB0F903946284600F03EFC68
:10ECC00080463946284600F087FC814628460122C6
:10ECD000394600F023FD0FFA80FB2846FFF7ABFD15
:10ECE0000490284600F0EDFE0390009800B15846CD
:10ECF0008246099800B1584610902846394621228C
:10ED000000F00CFDC0B2022808D228463946312254
:10ED100000F004FDC0B20228FFF468AFDDE9040191
:10ED200001440C98A027084400B20B9000980028DA
:10ED300070D00B980028FBD0E88A7080688BF08038
:10ED40000E9840B1A98A01EB08003080ABF10101B7
:10ED50000844B08007E0298BA1EB0900B080A0EB4C
:10ED60000B00401C308006990498411A0F98091A2C
:10ED70001098081A0499009048430B9990FBF1F001
:10ED800000B205900020F7F7ADFE00EB80015020A7
:10ED900000EB4100B0F5A07F0ADB0020F7F7A2FEF0
:10EDA00000EB8001502000EB410090FBF7F000E009
:10EDB00001200599884201DA084616E00020F7F79D
:10EDC00091FE00EB8001502000EB4100B0F5A07FE8
:10EDD0000ADB0020F7F786FE00EB8001502000EBF5
:10EDE000410090FBF7F000E00120009900B2091A01
:10EDF0000AB2049B0B99C91A09B200290BDCE98AF3
:10EE0000069808447080698B0F98091A1098081AA0
:10EE1000401EF08090E00C9B12FB03F393FBF1F19A
:10EE2000511A069AEB8A1144194409B2401E7180A6
:10EE30000844F080B5F9162006981044814238DA6B
:10EE400070800020F7F74EFE00EB8001502000EBB1
:10EE50004100B0F5A07F0ADB0020F7F743FE00EB8E
:10EE60008001502000EB410090FBF7F000E0012012
:10EE7000B6F902100844B6F90610884219DD0020E0
:10EE8000F7F730FE00EB8001502000EB4100B0F5B9
:10EE9000A07F0ADB0020F7F725FE00EB8001502061
:10EEA00000EB410090FBF7F000E00120718808447E
:10EEB000F080B5F91A201098B6F90610121A0F98BA
:10EEC000101A814238DDF0800020F7F70BFE00EBCE
:10EED0008001502000EB4100B0F5A07F0ADB00204C
:10EEE000F7F700FE00EB8001502000EB410090FBA3
:10EEF000F7F000E00120B6F90610081AB6F9021082
:10EF0000884219DA0020F7F7EDFD00EB8001502070
:10EF100000EB4100B0F5A07F0ADB0020F7F7E2FD2F
:10EF200000EB8001502000EB410090FBF7F000E087
:10EF30000120F188081A70800A9903980144089802
:10EF4000084400B20490099800283FF44FAE04989A
:10EF50000028FAD0698B0F98081AE080A0EB0B000C
:10EF6000401C6080A88A2080288BA0800399A1EB98
:10EF70000801A1EB0901A1EB0A00039900904843A5
:10EF8000049990FBF1F000B202900020F7F7AAFD7F
:10EF900000EB8000502606EB40004FF4A07B584564
:10EFA00009DB0020F7F79EFD00EB800006EB400038
:10EFB00090FBF7F000E001200299884201DA084650
:10EFC00013E00020F7F78EFD00EB800006EB400019
:10EFD000584509DB0020F7F785FD00EB800006EBC4
:10EFE000400090FBF7F000E00120009900B2091A00
:10EFF0000AB2DDE90331C91A09B2002916DCA98A6F
:10F000000E9840B14144AAF1010008442080298BA8
:10F01000A1EB090008E001EB08002080298BA1EB9F
:10F020000901A1EB0A00401EA080DFE5089B12FB4E
:10F0300003F393FBF1F1511A0E9A09B2EAB3AA8ACB
:10F04000401E531808EB0A02991809B2218008449F
:10F05000A080B5F914001044884233DD20800020E0
:10F06000F7F740FD00EB800006EB4000584509DB58
:10F070000020F7F737FD00EB800006EB400090FB27
:10F08000F7F000E00120B4F900100844B4F90410CE
:10F09000884217DD0020F7F725FD00EB800006EB26
:10F0A000400058450ADB0020F7F71CFD00EB80000C
:10F0B00006EB400090FBF7F001E039E001202188E9
:10F0C0000844A080B4F90410B5F9182077E0A080B6
:10F0D0000020F7F707FD00EB800006EB40005D46DF
:10F0E000A84272DB0020F7F7FDFC00EB800006EB86
:10F0F000400090FBF7F0B4F90410081AB4F90010BE
:10F10000884292DA0020F7F7EDFC00EB800006EB76
:10F110004000A8425BDB0020F7F7E4FC00EB800036
:10F1200006EB400090FBF7F0A188081A20805DE50F
:10F13000AB8A4144194409B2401E21800844A08092
:10F14000B5F9142002EB0800814232DA2080002059
:10F15000F7F7C8FC00EB800006EB4000584509DBE0
:10F160000020F7F7BFFC00EB800006EB400090FBAF
:10F17000F7F000E00120B4F900100844B4F90410DD
:10F18000884216DD0020F7F7ADFC00EB800006EBAF
:10F190004000584509DB0020F7F7A4FC00EB800095
:10F1A00006EB400090FBF7F000E0012021880844C6
:10F1B000A080B5F91820B4F90410A2EB0A02A2EB62
:10F1C0000900814283DC11E5FFE7012093E701207C
:10F1D000AAE7806818B1007E00F0030070470320A2
:10F1E0007047000008B505496A46496800912C211E
:10F1F000FAF76EFDBDF9020008BD000014D6020842
:10F2000008B505496A46096800912C21FAF760FDA6
:10F21000BDF9000008BD000014D60208008C70473C
:10F2200010B5092200F07AFAC0B210BD10B509225B
:10F2300000F074FAC0B210BD662200F06FBA10B5CB
:10F24000512200F06BFA002800D0012010BD10B54B
:10F25000502200F063FA00B210BD10B5502200F049
:10F260005DFA00B210BD10B5162200F057FAC0B218
:10F2700010BD10B5162200F051FAC0B210BD10B585
:10F28000162200F04BFAC0B210BD10B5162200F0E5
:10F2900045FAC0B210BD10B5162200F03FFAC0B258
:10F2A00010BD10B5162200F039FAC0B210BD10B56D
:10F2B000162200F033FAC0B210BD70B50C460546F8
:10F2C000202200F02BFA024621462846BDE8704075
:10F2D000E6F7EABC10B5212200F020FAC0B210BD5A
:10F2E00010B5682200F01AFAC0B210BD10B5342271
:10F2F00000F014FA002800D0012010BD10B5322211
:10F3000000F00CFA00B210BD10B5322200F006FA7F
:10F3100000B210BD10B5322200F000FA00B210BDEC
:10F3200010B5322200F0FAF900B210BD10B5322249
:10F3300000F0F4F900B210BD10B5322200F0EEF981
:10F3400000B210BD10B5172200F0E8F9002800D077
:10F35000012010BD034A10B5528900F0DFF9C0B298
:10F3600010BD0000A000002010B5042200F0D6F966
:10F3700000B210BD10B5042200F0D0F900B210BDEB
:10F3800010B5042200F0CAF900B210BD10B5042275
:10F3900000F0C4F900B210BD10B50A2200F0BEF9A9
:10F3A00080B210BD10B50A2200F0B8F980B210BDCD
:10F3B00010B5492200F0B2F900B210BD10B5062216
:10F3C00000F0ACF900B210BD10B5052200F0A6F9AE
:10F3D00000B210BD10B5602200F0A0F9C0B210BD9F
:10F3E00070B50E460546FFF7F5FF02281AD9FF242F
:10F3F000FD2802D2C0EB0020040A0EB1002603E073
:10F400002846FFF759FA054655B131462846FFF719
:10F41000E1FF022806D9FD28F2D24443240AEFE78F
:10F42000022C01D8002070BDFD2C01D3FF2070BD3F
:10F43000204670BD10B5372200F070F9C0B210BD83
:10F4400010B5382200F06AF900B210BD10B53522AF
:10F4500000F064F900B210BD10B5112200F05EF9A1
:10F4600000B210BD10B5112200F058F900B210BD65
:10F4700010B5112200F052F900B210BD10B51122E2
:10F4800000F04CF900B210BD10B5112200F046F9A1
:10F4900000B210BD10B5112200F040F900B210BD4D
:10F4A00010B5112200F03AF900B210BD10B51122CA
:10F4B00000F034F900B210BD10B5112200F02EF9A1
:10F4C00000B210BD10B5112200F028F900B210BD35
:10F4D00010B5112200F022F900B210BD10B51122B2
:10F4E00000F01CF900B210BD10B5152200F016F99D
:10F4F00000B210BD10B5152200F010F900B210BD19
:10F5000010B5152200F00AF900B210BD10B5152291
:10F5100000F004F900B210BD10B5152200F0FEF89D
:10F5200000B210BD10B5122200F0F8F800B210BD04
:10F5300010B5122200F0F2F800B210BD10B5122280
:10F5400000F0ECF800B210BD10B5122200F0E6F8A1
:10F5500000B210BD10B5122200F0E0F800B210BDEC
:10F5600010B5122200F0DAF800B210BD10B5122268
:10F5700000F0D4F800B210BD10B5122200F0CEF8A1
:10F5800000B210BD10B5122200F0C8F800B210BDD4
:10F5900010B5122200F0C2F800B210BD10B5122250
:10F5A00000F0BCF800B210BD10B5122200F0B6F8A1
:10F5B00000B210BD10B5122200F0B0F800B210BDBC
:10F5C00010B5132200F0AAF800B210BD10B5132236
:10F5D00000F0A4F800B210BD10B5132200F09EF8A0
:10F5E00000B210BD10B5132200F098F800B210BDA3
:10F5F00010B5132200F092F800B210BD10B513221E
:10F6000000F08CF800B210BD10B5132200F086F89F
:10F6100000B210BD10B5132200F080F800B210BD8A
:10F6200010B5132200F07AF800B210BD10B5132205
:10F6300000F074F800B210BD10B5132200F06EF89F
:10F6400000B210BD10B5132200F068F800B210BD72
:10F6500010B5142200F062F800B210BD10B51422EB
:10F6600000F05CF800B210BD10B5142200F056F89E
:10F6700000B210BD10B5102200F050F800B210BD5D
:10F6800010B5102200F04AF800B210BD10B51022DB
:10F6900000F044F800B210BD10B5102200F03EF8A2
:10F6A00000B210BD10B5102200F038F800B210BD45
:10F6B00010B5102200F032F800B210BD10B51022C3
:10F6C00000F02CF800B210BD10B5102200F026F8A2
:10F6D00000B210BD10B5102200F020F800B210BD2D
:10F6E00010B5102200F01AF800B210BD10B51022AB
:10F6F00000F014F800B210BD10B5102200F00EF8A2
:10F7000000B210BD10B5102200F008F800B210BD14
:10F7100010B5102200F002F800B210BD2DE9F84338
:10F720008846064614460121104603F09BFA074618
:10F73000002515E06B46224641463046F2F769F84F
:10F740000546012827D07FB1022D05D0B8F1000F62
:10F7500002D04FF0000803E03046FFF7ADF8064650
:10F76000002EE7D1012D16D0B8F1000F03D1012CE6
:10F7700005D0042C03D0204603F00CFA0AE03168CF
:10F780000FE0012C0AD0C88A50B161B1012C0CD015
:10F79000B1F9160000900098BDE8F883888AF3E775
:10F7A00009680029EDD10020F4E7B1F91400F1E770
:10F7B00010B50B22FFF7B2FF00B210BD10B5412209
:10F7C000FFF7ACFF00B210BD10B54122FFF7A6FF56
:10F7D00000B210BD10B54222FFF7A0FF00B210BD6D
:10F7E00010B54222FFF79AFF00B210BD10B54522B6
:10F7F000FFF794FFC0B210BD10B54322FFF78EFF94
:10F8000000B210BD10B54022FFF788FF00B210BD56
:10F8100070B50C4605465522FFF780FF024621468B
:10F820002846BDE87040E6F73FBA5722FFF776BF9B
:10F830005722FFF773BF5722FFF770BF5722FFF71A
:10F840006DBF5722FFF76ABF5722FFF767BF5722E6
:10F85000FFF764BF10B55822FFF760FF00B210BD7C
:10F8600010B55822FFF75AFF00B210BD10B558224C
:10F87000FFF754FF00B210BD10B55922FFF74EFF3D
:10F8800000B210BD10B55922FFF748FF00B210BDFD
:10F8900010B55922FFF742FF00B210BD10B5592232
:10F8A000FFF73CFF00B210BD10B55922FFF736FF3D
:10F8B00000B210BD10B55922FFF730FF00B210BDE5
:10F8C00010B56E22FFF72AFF00B210BD10B56A22F4
:10F8D000FFF724FF00B210BD10B56A22FFF71EFF2C
:10F8E00000B210BD10B56922FFF718FF00B210BDBD
:10F8F00010B56922FFF712FF00B210BD10B56D22DE
:10F90000FFF70CFF00B210BD10B50122FFF706FF94
:10F9100000B210BD10B50122FFF700FF00B210BD0C
:10F9200010B50122FFF7FAFE00B210BD10B501229A
:10F93000FFF7F4FE00B210BD10B50122FFF7EEFE96
:10F9400000B210BD10B50722FFF7E8FE00B210BDEF
:10F9500010B50822FFF7E2FE00B210BD2DE9FF410D
:10F9600007460888ADF800004888ADF8020008880E
:10F97000ADF80400C888ADF806008888ADF8080026
:10F9800048880C46ADF80A00A088ADF80C00E08865
:10F99000ADF80E001D4616466946384601F063FE76
:10F9A0002B463246384601A901F05DFE2B46324611
:10F9B000384602A901F057FE2B463246384603A9C5
:10F9C00001F051FEBDF90030BDF90400834201DAB7
:10F9D0001D4600E00546BDF90810BDF90C20914216
:10F9E00001DA0E4600E01646B54205DA834201DA36
:10F9F0001A4604E0024602E0914200DA0A462280FA
:10FA0000BDF90030BDF904108B4201DD1D4600E058
:10FA10000D46BDF90800BDF90C20904201DD0646F7
:10FA200000E01646B54205DD8B4201DD1A4604E0D2
:10FA30000A4602E0904200DD0246A280BDF9023093
:10FA4000BDF90620934201DA1D4600E01546BDF9D6
:10FA50000A10BDF90E00814201DA0E4600E00646AA
:10FA6000B54205DA934201DA184604E0104602E096
:10FA7000814200DA08466080BDF90230BDF9061007
:10FA80008B4201DD1D4600E00D46BDF90A00BDF9BF
:10FA90000E20904201DD064600E01646B54205DD27
:10FAA0008B4201DD184604E0084602E0904200DC8B
:10FAB0001046E080052211462046F4F7A8FDBDE877
:10FAC000FF81018B808A081A401C00B2704770B514
:10FAD0000546FEF7F1FE040012D0A88AA18A451A55
:10FAE0002046FFF742F8054400212046FFF720FD9D
:10FAF0002D1A00212046FFF701FC281A00B270BD24
:10FB0000B5F9140070BD70B50546FEF7D5FE0400CA
:10FB100012D0E88AE18A451A2046FFF72DF80544FD
:10FB200000212046FFF7ACFD2D1A00212046FFF7EB
:10FB3000E5FB281A00B270BDB5F9160070BD10B50E
:10FB40000446FFF7E0FF02462046FEF774FE10442D
:10FB500000B210BDC069814301D000207047012070
:10FB60007047C069084000D001207047008C0840F1
:10FB700000D0012070477FB50D4606460221FFF7F1
:10FB8000E9FF002820D080213046FFF7EFFFE8B9D9
:10FB900002A93046FEF795FD0022294602A8E5F7A6
:10FBA000AAFA040012D04FF480313046FFF7D2FF9A
:10FBB00070B101208DF8040000956A46112130468D
:10FBC000FAF786F89DF8040004B070BD0020FBE74A
:10FBD0002046F9E7F8B514460D4606465022FFF7D1
:10FBE0009DFD00B26080002810D030462946532287
:10FBF000FFF794FDC0B22073022807D9294630468A
:10FC0000FFF7EEFB022802D800202073F8BDFD2884
:10FC100004D2217B11FB00F0000A2073207B022814
:10FC2000F4D9522229463046FFF778FD024629468C
:10FC30003046E6F739F80090BDF8000020803046E5
:10FC400029465422FFF76AFDA0603046294651221A
:10FC5000FFF764FD00B10120617B002D60F382019C
:10FC60006173D3D029463046FFF73AFB617B60F3DE
:10FC700001016173F8BDF8B514460E4605464622EB
:10FC8000FFF74CFDC0B2E072022807D93146284682
:10FC9000FFF7A6FB0021022801D8E172F8BDFD287C
:10FCA00004D2E27A12FB00F0000AE072E07A022845
:10FCB000F4D921804FF480706080288BA98A482273
:10FCC000401A401C00B200EBD0704010A080688B3E
:10FCD000E98A401A401C00B200EBD0704010E0806E
:10FCE00028463146FFF71AFD10F0FF00A0720DD034
:10FCF000472231462846FFF711FD02463146284685
:10FD0000E5F7D2FF0090BDF800002081002EC5D09D
:10FD100031462846FFF7E4FA2073F8BDF8B51446DB
:10FD20000D4606465622FFF7F9FCC0B2A07602281F
:10FD300007D929463046FFF753FB022802D8002096
:10FD4000A076F8BDFD2804D2A17E11FB00F0000AC8
:10FD5000A076A07E0228F4D929463046FFF758FD48
:10FD60000090BDF80000A081304629465822FFF7D8
:10FD7000D5FCA082304629465922FFF7CFFC60828D
:10FD8000304629465A22FFF7C9FCA17F60F30201E1
:10FD9000A1773DB129463046FFF7A2FAA17F60F373
:10FDA000C501A17729463046FFF73FFD2060304668
:10FDB00029465B22FFF7B2FC2077F8BDF8B5144660
:10FDC0000D4606464E22FFF7A9FCC0B2207202285B
:10FDD00007D929463046FFF703FB022802D8002046
:10FDE0002072F8BDFD2804D2217A11FB00F0000A30
:10FDF0002072207A0228F4D9304629464922FFF79A
:10FE00008DFC00B260800028EBD04D2229463046A0
:10FE1000FFF784FC024629463046E5F745FF00908F
:10FE2000BDF800002080304629464A22FFF776FCC4
:10FE300000B2A08028B1304629464B22FFF76EFC65
:10FE4000E080304629464C22FFF768FC08B10121CA
:10FE500000E00021607A61F38200810861F3C30051
:10FE60006072002DBDD029463046FFF739FA617A1D
:10FE700060F301016172F8BDF8B514460D460646FF
:10FE8000FFF7AEFA074685B1022F09D80020E070CF
:10FE9000A07684F8220084F82A0084F83600F8BDA1
:10FEA00029463046FFF71CFAA070304629460B223F
:10FEB000FFF734FC2080E078002855D030462946F2
:10FEC0002122FFF72BFCC0B2E07002284CD9294652
:10FED0003046FFF7F2F90090BDF80000A0803046F0
:10FEE00029462622FFF71AFC010007D0487A40076E
:10FEF00004D00A22A01DFCF7B1FF35E030462946A8
:10FF00002322FFF70BFCE17B60F30201E17348075A
:10FF100021D029463046FFF7D0F90090BDF8000007
:10FF2000E080222229463046FFF7F8FB02462946A8
:10FF30003046E5F7B9FE0090BDF80000608130461C
:10FF400029462422FFF7EAFB207230462946252263
:10FF5000FFF7E4FB2073304629462722FFF7DEFB3C
:10FF6000E17B60F3C501E173304629463222FFF799
:10FF7000D5FB00B2208428B394F8220010B3304699
:10FF800029463122FFF7CAFBC0B284F822000228BA
:10FF900018D9304629463322FFF7C0FB94F82310C6
:10FFA000302260F3450184F8231029463046FFF7DC
:10FFB000B5FB024629463046E5F776FE0090BDF8CF
:10FFC0000000E08329463046FFF740FAE084E8B1BC
:10FFD00094F82A00D0B129463046FFF72BFA84F86E
:10FFE0002A00022812D929463046FFF729FA20852F
:10FFF000362229463046FFF791FB02462946304615
:020000040802F0
:10000000E5F752FE0090BDF80000A084A07E80B30A
:10001000304629462822FFF781FB206148B330464D
:1000200029462922FFF77AFBC0B2A076022820D900
:100030002069FBF79DF902286CD02A222946304618
:10004000FFF76CFB024629463046E5F72DFE00908F
:10005000BDF800002083304629462B22FFF75EFBC7
:10006000E076304629462C22FFF758FB00B10120EC
:10007000207794F8360070B329463046FFF7C2FB6C
:10008000E08540B394F83600022824D9294630464A
:10009000FFF7ACFB84F8360002281CD9294630460D
:1000A000FFF78CFB208629463046FFF793FB6086DE
:1000B00029463046FFF7A0FBA08644222946304659
:1000C000FFF72CFB024629463046E5F7EDFD009090
:1000D000BDF80000A085FD2FBFF4E1AE14F8030FBA
:1000E00010FB07F0000A04F8140BE07810FB07F08F
:1000F000000AE070E07A10FB07F0000AE072E07C92
:1001000010FB07F0000AE074E07F10FB07F0000A24
:10011000E077F8BD29463046FFF787FB6061294646
:100120003046FFF775FB0090BDF800002083A0E784
:100130007CB50546E5F788FD044605F114016846DF
:10014000F4F7C4F9BDF800006946001BADF80000E3
:10015000BDF80200001BADF80200BDF80400204409
:10016000ADF80400BDF806002044ADF806002846AE
:1001700000F001F87CBD7CB50C460546FEF728FB77
:10018000F6F71EFD00280FD021466846F4F79EF9C9
:1001900069462846FDF7B8FC002805D02846FEF73A
:1001A00017FB6946E5F7F8FB7CBD0068002808D01E
:1001B000017E8907F9D0007E00F00300012800D0FD
:1001C000002070470068002809D0017E11F00C0F54
:1001D000F8D0007EC0F38100012800D000207047D5
:1001E00010B504460849FFF7BCFC08B1002010BD5B
:1001F0002046FEF761FB0028F9D00021FFF7D2F876
:100200000028F4D0012010BD010006007CB5054691
:10021000E5F71AFD044605F114016846F4F756F9AE
:10022000BDF800006946001BADF80000BDF80200F3
:10023000001BADF80200BDF804002044ADF8040036
:10024000BDF806002044ADF806002846FDF75CFC2A
:100250007CBD10B5418C41F001014184FEF730FBBB
:10026000418C41F004014184FEF7B2FA4068002855
:1002700003D0BDE8104004F06FB810BD2DE9F04781
:100280009946174688468246FEF716FA0646002526
:1002900023E000BFDAF80800B9F1000F006850F859
:1002A000254005D04FF480212046FFF753FC98B934
:1002B000A18A002301EB0800A082E08A3A46384474
:1002C000E082218B01EB08002083608B414638449B
:1002D00060832046FFF7D2FF6D1CB542DAD3BDE83C
:1002E000F0872DE9FF47456816460F4604469DB343
:1002F00000212846FFF71CF9804600212846FFF719
:10030000BFF981464FF480212046FFF723FC48B116
:10031000A98A07EB0800084407B2E98A06EB09003E
:10032000084410E02846FEF720FCAA8A02EB0801E8
:10033000081A384407B22846FEF71EFCEA8A02EB88
:100340000901081A304406B200212846FEF7D6FFFC
:10035000391830440FB206B2A08A381A07B2E08AC0
:10036000301A06B20FB9002E40D02046FFF7E0FE4B
:1003700002A92046FEF726FA4FF0000875B169463B
:100380002846FEF7BDF90022694602A8E4F7F3FD0E
:100390005FEA000802D1284600F070FEA08A3246CB
:1003A0003844A082E08A39463044E082208B002322
:1003B00038442083608B304460832046FFF75EFF23
:1003C0008DB1224622212846F9F782FC2046FFF70C
:1003D000AFFE0022694604F11400E4F7CCFDB8F149
:1003E000000F07D104E02046FFF7A2FEBDE8FF871B
:1003F0000028FBD0284600F041FEF7E770B50C005E
:10040000064604D5FEF758FAFEF756F9044430467E
:10041000FEF717FA02463046FEF74EFA0546002C64
:100420002DDBFEF749F9A04229DD944227D015DAE9
:100430006FF00301A24214DDA86801EB820300689B
:10044000C35840F82230521EF4E7A86801EB82033B
:100450000068C35840F82230521C00E00421A24238
:10046000F3DBA86800222221006840F824602846B7
:10047000F9F72EFC2846BDE87040FFF759BE70BD65
:100480002DE9F0410D460646FEF761FBA0B9304666
:10049000FEF764FB04463046FEF71AFA00280BDA32
:1004A000002C09DD4042844200DB044622B22B4688
:1004B0000021304600F08AFC3046FEF741FB002860
:1004C00025D13046FEF77EFA04463046FEF7DAFACA
:1004D000074600213046FEF7CCFE01280BD0002F46
:1004E00015DA002C13DD7842844200DB044621B289
:1004F0002B46002206E0002C09DA002F07DD2B46F0
:10050000002221463046BDE8F04100F05FBCBDE866
:10051000F0812DE9F047894686B00446866802A935
:100520004846FEF74FF94846E5F78EFB014602467E
:1005300002A8F4F76CF802AA314604A8E4F7F3FC29
:100540004FF400250DF1100A20B929464846FFF75F
:1005500001FB98B14FF00108224614214846C4F827
:1005600008A0F9F7B5FB224615214846F9F7B0FB7C
:10057000224616214846F9F7ABFB01E04FF0000890
:1005800029464846FFF7E6FA20B1306800907068C7
:10059000019006E009F1140231466846E4F7C3FC15
:1005A00090B1C4F808D04846FEF786F80746002503
:1005B00008E0D9F80800006850F82510204606F039
:1005C00061FB6D1CBD42F4D3B8F1000F10D0224680
:1005D00017214846C4F808A0F9F77AFB22461821EB
:1005E0004846F9F775FB224619214846F9F770FB92
:1005F000A66006B0BDE8F0872DE9F14F82B0029801
:10060000FFF7EEFD00287CD10298FEF755F9009027
:1006100000210298FFF796F9824600210298FFF721
:1006200097F90746009868B1FEF7B2F8814600983E
:10063000FEF794F80546CAF341304FF0640B0128E9
:1006400003D012E03A46514692E02AF4C040B0F599
:10065000FA6F0ADCB0F57A7F01DDC0F57A7000FB35
:1006600009F090FBFBF00FFA80FAC7F34130012844
:100670000DD127F4C040B0F5FA6F08DCB0F57A7FF1
:1006800001DDC0F57A70684390FBFBF007B20021F2
:100690006B220298FFF742F806B200216C22029802
:1006A000FFF73CF802B20298FFF70BFA8046029877
:1006B000FEF7C1F80446C6F3413001280ED126F4F6
:1006C000C040B0F5FA6F09DCB0F57A7F01DDC0F506
:1006D0007A7000FB08F090FBFBF006B2C2F34130E9
:1006E00001280DD122F4C040B0F5FA6F08DCB0F556
:1006F0007A7F01DDC0F57A70604390FBFBF002B2B7
:1007000000E055E00AEB060006B2B81807B2002177
:100710000298FEF78BFD50B1012827D0801E0828D3
:1007200024D2DFE800F00B13202B3318383B0021D4
:100730000098FEF798FD012808D017E009EBD97161
:10074000491008EBD870A1EB600001E0A9EB0800AC
:10075000304406B20AE005EBD570401004EBD471CA
:10076000A0EB610000E0281B384407B23A4631464E
:10077000029803B0BDE8F04FFFF7B3BD09EBD971A4
:10078000491008EBD870A1EB600001E0A9EB08006C
:10079000304406B2E7E7A9EB080006E009EBD9719F
:1007A000491008EBD870A1EB6000304406B2D2E7E4
:1007B000BDE8FE8F2DE9F04F0446408C87B001055F
:1007C00001D540057ED42046FEF776F85FEA0008A2
:1007D00078D02046FEF7F6F80190608C00260005E0
:1007E0004FF4FA6B42F2D17A03D52046FFF769F94C
:1007F0005DE000212046FFF787F80546504501D10E
:10080000012600E00026C5F34130012805D125F47A
:10081000C040584501DC012000E0002081464046F0
:10082000FDF7B6FF074626B12046E7F7BBFB0546B6
:100830002BE0B9F1000F28D0B8F82200000518D439
:1008400000214046FFF760F8504512D100212046B4
:10085000FEF754FD054600212046FEF769FE00EB39
:10086000050900212046FEF7B1FE411901EB090000
:100870000AE025F4C040B0F57A7F01DDC0F57A705A
:100880007843642190FBF1F005B22046002102225A
:10089000FEF744FF0FFA80F9204600210322FEF7FD
:1008A0003DFF02B23B4649462846F5F792FA074615
:1008B0002046FEF753F90090608C4FF00009400588
:1008C00005D500E06BE02046FDF7B5FF53E00021C1
:1008D0002046FEF749FDA0F51C510546D13906D04A
:1008E00000208146C5F34130012802D007E00120F5
:1008F000F7E725F4C040584501DC012000E0002066
:1009000083464046FDF72AFF8246B9F1000F04D026
:100910002046E7F7D5FA05461BE0BBF1000F18D0DB
:10092000B8F82200400507D400214046FEF71CFD20
:10093000A0F51C51D13936D025F4C040B0F57A7FEE
:1009400001DDC0F57A7000FB0AF0642190FBF1F044
:1009500005B2204600210522FEF7E0FE0FFA80FBDB
:10096000204600210622FEF7D9FE02B25346594620
:100970002846F5F7F9F9054656EA090605D0DDE9F6
:1009800000210023204600F022FB2046FFF799F8C3
:10099000B8421BD12046FDF74EFFA84216D10020D9
:1009A00007B0BDE8F08F00212046FEF7A7FC054602
:1009B00000212046FEF764FE00EB050B00212046D7
:1009C000FEF750FD411901EB0B00C1E72046FFF790
:1009D000AFFB02A92046FDF7F5FE04A94046FDF74E
:1009E0008FFE002204A902A8E4F7C5FA060002D18E
:1009F000404600F043FBE08A6D1E284460830021DE
:100A00002046FEF730FC01281CD0A08A7F1E384407
:100A1000208302AA29212046F9F75AF922462221E9
:100A20004046F9F755F92046FFF782FB608C00221B
:100A300040F00200608404A904F11400E4F79BFA7A
:100A400036B904E0208BC01B401CA082E1E710B146
:100A5000404600F013FB204600F002F801209FE71B
:100A600038B50446E5F7F0F805460020ADF800007B
:100A70006A4613212046F9F72BF9BDF90000A84278
:100A800002D02046FFF754FBA06818B1BDF8001053
:100A9000C18209E0BDF8000030B12046FDF716F82C
:100AA000A168BDF80000C882BDF90000A84202D0CC
:100AB0002046FFF73DFB38BD70B505460021FEF727
:100AC00023FF044600212846FEF74EFC42F2D17176
:100AD0008C4203D0884201D0002070BD2846FFF729
:100AE000B8FB012070BD00002DE9F84F04465148C5
:100AF00090460D460078002870D02046FFF718FB7E
:100B000005F47F050421404602F0ACF806460221B8
:100B1000404602F0A7F881460121404602F0A2F8C3
:100B200000901021404602F09DF807464FF6FF7BEB
:100B3000EEB1B5F5702F12D08DB120460021042200
:100B4000FEF7ECFD00B242F2D17A504507D02046C4
:100B500000210122FEF7E2FD00B250454DD10022F6
:100B60002A212046F9F7B4F82046FFF772FB4FF42C
:100B7000702A554500D085BBD84500D02EB12046FF
:100B8000FDF79AFE08B1FFF764FB554500D025BB81
:100B90001FB3204600216E22FEF7C0FD00B240B90F
:100BA000204600216D22FEF7B9FD00B2B0F5807F2E
:100BB00001D0022714E0204600216122FEF7AEFD9D
:100BC000C0B2FF2807D1204600216822FEF7A6FD0B
:100BD00010F0FF0F03D0012702E00EE028E000270D
:100BE000A06820B1817E67F38711817605E027B187
:100BF0002046FCF76BFFA068F4E75F46B84502D0DB
:100C0000B9F1000F02D02046FFF72AFF2046FFF778
:100C10008FFAB84504D0009949EA0600084207D087
:100C2000B5F5803F04D02046BDE8F84F06F0F2BA93
:100C3000BDE8F88F800000202DE9F04104460E4603
:100C4000408C002115460423C0F305100BE000BFC3
:100C5000E26803EBC107D259D70103D522F07F42E6
:100C6000AA4202D0491C8842F2D8884202D1002010
:100C7000BDE8F081E06850F83100314602F02CF810
:100C800028B1324629462046FFF72EFF01E0002812
:100C9000EED00120ECE72DE9F05F4FF6FF7A0F0070
:100CA00005461FFA82F802F47F09564602D0F87909
:100CB00000B900260024214659E0EA68042000EB30
:100CC000C40B964652F80B00C0F307424FEA024CA1
:100CD000524683B2904501D0434509D1B9F5702FF2
:100CE00001D0CC4504D12FB15EF83430BB4201D0E5
:100CF000641C3CE0800104D500234946284609F0E5
:100D000091FBE86850F80B10CA0101D489010CD599
:100D100050F8340002F03FF8E86850F83400FCF76F
:100D200061F8E968002041F83400204608220AE012
:100D3000E96802EBC00C01EBC0036144401CD1E93F
:100D400000C1C3E900C1698CC1F30511491E81428C
:100D5000EED8688C0109491E61F309106884C0F35C
:100D60000510C100E868FCF761F80121E860688CB3
:100D7000C0F30510A042A0D8002908D0002E06D04C
:100D8000324649462846BDE8F05FFFF7ADBEBDE8F4
:100D9000F09F000070B506460B480078002812D07E
:100DA00000200CE0002506E0E06850F825103046F1
:100DB00006F00DFB6D1C606AA842F5D82046F5F7D9
:100DC000C9FE0400EED170BD800000202DE9F04185
:100DD0001646074692B00D4651EA06007AD0012B1E
:100DE0001DD03E493846F2F7A5FD3D493846F2F799
:100DF000A1FD002209213846F8F76AFF012869D1D0
:100E0000324629463846E4F72BFF012862D112B05A
:100E10003846BDE8F04100220A21F8F759BF3846AC
:100E2000FDF7D6FC80466846F2F7CCFD2D484FF41E
:100E3000C874009703902DB34046F5F765FE401047
:100E40002A460021F2F725FEC82801D2C82002E078
:100E5000A04200D920460B903846FDF786FE41425D
:100E6000281A0891CDE909101D4801901E480790E5
:100E70006A4609213846F8F72BFF01282AD168462F
:100E8000F2F714FE002E25D04046F5F783FE401001
:100E900032460021F2F7FDFDC82801D2C82002E049
:100EA000A04200D920460B903846FDF765FE41422E
:100EB000301A0891CDE90910084801900A480790B6
:100EC0006A4609213846F8F703FF012802D168462F
:100ED000F2F7ECFD12B0BDE8F081000017790208CE
:100EE000FF780208877502082B3A01082DE9F047C0
:100EF0001546824699460C4651EA050065D0504693
:100F000000F0E0FB5046FDF730FE40420FFA80F85B
:100F100008EB040004B200215046FEF7AAF90128AC
:100F200013D0002C13DC25DA5046FDF74BFD0646A6
:100F30005046FDF7A7FD304400B2002800DA00203B
:100F40004042844216DA04B214E0002C02DA4FF078
:100F500000040FE00EDD5046FDF734FD0646504616
:100F6000FDF790FD304400B2002800DA00208442F2
:100F700000DD04465046FDF7FFFD404206B2701901
:100F800005B2002D02DD4FF0000510E00FDA5046EB
:100F9000FDF7E4FD07465046FDF79AFC384400B2E1
:100FA000002800DA00204042854200DA05B2A4EBB6
:100FB000080001B2A81B02B251EA020005D04B465C
:100FC0005046BDE8F047FFF701BFBDE8F08770B5B8
:100FD00016461D4604461A4600F024F82A463146B5
:100FE0002046BDE8704000F033B8F8B50E46044620
:100FF00000F068FB002000902046FDF75DFC0546F0
:1010000004F114070AE033466A462146384606F0E2
:10101000C7FA2C462046FDF74FFC0546002DF2D1BD
:10102000F8BD000070B50D46144606460749F2F7B4
:1010300081FC3046FDF799FD401B01B22346304646
:10104000BDE870400022FFF751BF0000FF780208A2
:1010500070B50D46144606460749F2F76BFC30465C
:10106000FDF78AFD401B02B223463046BDE87040C2
:101070000021FFF73BBF0000177902081FB50446A7
:1010800002AA6946FDF77FFD6846F3F794FA20B996
:1010900002A8F3F790FA002810D06846F3F78BFA0D
:1010A00018B169462046FFF766F802A8F3F783FAFD
:1010B000002803D002A92046FFF75DF81FBD70B5D8
:1010C0000D460446FCF702FDA068858270BD000055
:1010D00070B516461D460446002200F02FFA002285
:1010E0003146204600F012FA00222946204600F040
:1010F0002DFA0448002201882046BDE8704000F027
:1011000032BA0000A000002010B50446002200F012
:1011100005FA0448002201882046BDE8104000F08E
:1011200022BA0000A000002010B50446002200F002
:10113000FDF92046FDF7C0FBBDE81040FFF789B878
:1011400038B50C46054600236A460421FDF794FB9A
:10115000012807D0002804D100222146284600F0AB
:10116000FDF938BD0098A042F6D138BD10B504464F
:1011700089B2002200F0F7F92046BDE81040FFF7E1
:1011800068B82DE9F0410C4615461F46064619463B
:10119000F0F7F0F92A46214601F0ECFE22463946E6
:1011A0003046BDE8F041FFF79FBC70B50646406889
:1011B0000C46002863D0002C61D03046FEF7B8FF03
:1011C0002046FCF783FC30467568FDF73AFB014684
:1011D000042207E0A86802EB81030068C35840F8C6
:1011E0002130491C2846FDF767FA801E8842F1DA53
:1011F000A9684868401E4860A96805D08200086850
:101200001146FBF713FE03E00868FBF7EBFD002037
:10121000A9680860A1684868401C4860A26881000D
:101220001068FBF703FEA16808602046FDF744FA4A
:101230006FF0030101EB8000A16809680E50284699
:101240007460FFF71BFF324622212846F8F740FD65
:10125000002224212846F8F73BFD32462221204671
:10126000F8F736FD002223212046F8F731FD3046FD
:10127000FEF7EFFF3046BDE87040FEF759BF70BD86
:1012800070B51546044600F0BDF929462046BDE874
:10129000704000F0CDB970B50C460546FCF716FC61
:1012A000A868417E01F00F01A14200D0447670BDD4
:1012B00070B50C460546FCF709FCA868017E64F38E
:1012C0008301017670BD70B50C460546FCF7FEFB48
:1012D000A868017E64F30511017670BD70B50C46F7
:1012E0000546FCF7F3FBA868017E01F00302A24269
:1012F00007D064F3010101762846BDE87040FEF78F
:1013000017BF70BD70B51546044600F065F9294653
:101310002046BDE87040FFF713BF00002DE9F34FF2
:101320008FB08146008C109988427DD00490A9F836
:1013300020104846109A0499E4F776FD5FEA000809
:1013400072D04FF420742046FBF7EEFC2146039048
:10135000FBF756FE0024204672E000BFD9F80C00CF
:10136000042200EBCA0102EBCA050A91405920F0A1
:101370007F4000F076F90590D9F80C00405920F034
:101380007F4000F06BF9069010990598884355D17D
:101390000A984068800151D40A980BAA6721006816
:1013A00001F04CFB012849D100270B9D40E00026AD
:1013B0001EE000BF039806EB860100EB81010E9151
:1013C000D1F804B0584600F04CF90890584600F0A7
:1013D00045F9296831F817200E9909898A4206D102
:1013E0000699884203D105990898884202D2761C52
:1013F000A642DFD3A6421AD1039A04EB8400A9893E
:1014000022F82010039A298A02EB80004180A96803
:10141000C160296831F817100181696801610A9972
:10142000496821F07F4100E04DE0641C41607F1C71
:10143000286830F8170008B1202CB8D30AF1010051
:101440008246B9F82200C0F30511514501D9202C7C
:1014500084D3002510E000BF039805EB850100EB65
:101460008106706800F0FAF8014600964846109B25
:10147000049AE4F739FC6D1CA542EDD30398FBF701
:101480009FFCB8F1010F0ED0B8F1030F11D0B8F1E5
:10149000020F18D14846FEF74BFE11B04846BDE892
:1014A000F04FFFF7DDBA11B04846BDE8F04FFEF748
:1014B0003FBE11B04846BDE8F04F4FF6FF724FF403
:1014C0007021FFF711BB11B0BDE8F08F13460A463B
:1014D0000921FFF756BE13460A461621FFF751BEF3
:1014E00007B481B01346BDF80810ADF80010009A9B
:1014F000202104B0FFF745BE13460A462821FFF716
:1015000040BE13460A463221FFF73BBE13460A4649
:101510000149C988FFF735BEA000002013460A46DE
:1015200001494988FFF72DBEA000002013460A4656
:1015300001494989FFF725BEA000002013460A464D
:1015400001498988FFF71DBEA000002013460A4606
:1015500001490989FFF715BEA000002013460A467D
:101560000421FFF70EBE13460A460A21FFF709BE03
:1015700013460A460221FFF704BE13460A466021BD
:10158000FFF7FFBD13460A460B21FFF7FABD1346CE
:101590000A465B21FFF7F5BD07B481B01346BDF8DD
:1015A0000810ADF80010009A552104B0FFF7E9BD0E
:1015B00013460A465721FFF7E4BD13460A460121A8
:1015C000FFF7DFBD13460A460721FFF7DABD1346D2
:1015D0000A460821FFF7D5BD38B50C46054600235D
:1015E0006A460121FDF748F9012807D0002804D1F7
:1015F000002221462846FFF7E0FF38BD0098A042B0
:10160000F6D138BD38B50C46054600236A46072199
:10161000FDF732F9012807D0002804D10022214625
:101620002846FFF7CFFF38BD0098A042F6D138BD5D
:1016300038B50C46054600236A460821FDF71CF91B
:10164000012807D0002804D1002221462846FFF7B0
:10165000BEFF38BD0098A042F6D138BD00F47F002F
:10166000704780B270472DE9F0411E461546884606
:10167000070025D0E4F7EEFA022813D000249EB12B
:101680003DB13846FDF718F933462A464146FFF783
:10169000EAFF002C14D0324641463846BDE8F041FE
:1016A00008F014BF0124EAE724B132464146384627
:1016B00008F00CFF002D03D03846FDF7FDF8D7E702
:1016C000BDE8F08170B50B4D2978002911D10121B9
:1016D0002970FDF7F5F8044606E000BF20F004008D
:1016E00060842046F1F714FF608C4107F6D4002097
:1016F000287070BD7800002008B5132802D209B107
:10170000042905D9F4F7C4FB0090BDF8000008BD1A
:10171000044A491EC9B202EBC00000EB4100008838
:1017200008BD00004014030808B5132802D209B10F
:10173000052905D9F4F7ACFB0090BDF8000008BD01
:10174000054A491E00EB8000C9B202EB400000EBE5
:101750004100008808BD00008213030808B5132863
:1017600005D3F4F795FB0090BDF8000008BD0249D1
:1017700001EB4000008808BD5C130308002801DA73
:10178000C0F57A7040F4005000B270472DE9FE4F6A
:1017900017460C0005461E4602D1B7F5807F73D070
:1017A00028883188401A01B2298068887288801A96
:1017B00000B26880002C69D0DFF80CB1DBF80000C3
:1017C000A04244D02046B4F5616F01DDA4F561600C
:1017D000002801DA00F561600A2190FBF1F8C8F1F8
:1017E000000101EB810100EB410908F1010A0FFA48
:1017F00088F002F0C9FE02900FFA8AF002F0C4FEEF
:1018000008F15A01019008B202F0BEFE0AF15A0135
:10181000009008B202F0B8FE03460298C9F10A0827
:1018200008FB00F10198009A00FB09110A2091FBC6
:10183000F0FC08FB02F103FB09120A2192FBF1F113
:101840004FEA6C124911CBE90121CBF80040B5F900
:101850000010B5F90200B7F5807F21D0DBF8082031
:10186000DBF8043002FB01F403FB1044B6F800C0BF
:101870007C434B430CEBA4442C8002FB003071886A
:10188000784301EBA0406880BDE8FE8F3288794341
:1018900002EB212129805988784301EB2020F2E7CF
:1018A000DBF80830DBF8042003FB01F402FB1044F2
:1018B00037884A4307EBA4242C8003FB002071885F
:1018C00001EBA020DFE70000D001002010B5B0F947
:1018D0000420B0F900304088D21A02EBD2725210C4
:1018E0000C88134449881044E31A081A12FB02F1C9
:1018F00013FB03F210FB0020884201D8012010BD29
:10190000002010BD0D4910B54FF416530022A1F16F
:101910001C00F4F7EFFF0A48F4F7FCFF08484FF407
:10192000A0710180F02141800649416103491C39C1
:10193000C160BDE81040F5F717B80000C4050020ED
:10194000C45000201190000810B50648F9F721FD99
:1019500004480121017004494160F9F72FFD034952
:10196000486010BD14510020ADA1020850000020B5
:1019700070B50C460123002110E0D50706D01D46A6
:10198000A5FB003601FB006105FB0411A0FB00561E
:1019900004FB006600FB046452102846002AECD1C8
:1019A000184670BD2DE9FC410E46002507462A4623
:1019B0001431E3F7E0FA002826D001213046FEF783
:1019C000C9F800BB3046E4F745F9E0B900208DF8CE
:1019D00000006A46122130460197F8F779F99DF820
:1019E000000002280FD03046FCF766FE401E0400BF
:1019F0000ED4B068006850F824103846FFF7D2FFC4
:101A0000050009D102E00020BDE8FC81641EF0D58C
:101A10009DF8000000B935462846F5E72DE9FC4160
:101A20000025DFF8B4804FE0294491F83011E9BB7C
:101A3000002441E0011991F83011C1BBA5423AD010
:101A400000EBC40100EBC50030303031E3F7E7FABA
:101A500068B37068B04600EBC40200EBC50168468D
:101A600030313032E3F7DAFB6846F2F7A4FD064680
:101A7000D8F8040000EBC5003030F2F79CFD0746B3
:101A8000D8F8040000EBC4003030F2F794FD38447D
:101A9000864210D2D8F80400464600EBC5006946DD
:101AA0003030F2F71CFD0120716801E00BE002E02C
:101AB000214481F83001641CD8F804004646B0F88F
:101AC0005011A142B6D86D1CD8F80410B1F85021BD
:101AD000AA42A9D8BDE8FC818400002010B591F885
:101AE0002A000C4620F0010081F82A00002088849A
:101AF000C884088510212046FCF7B2F94FF4007124
:101B00002046FCF7ADF921460548FCF7FBF8FCF749
:101B10006DF92046BDE81040002202A100F00AB98C
:101B20008C1703084F7074696F6E20310A4F707400
:101B3000696F6E20320A4F7074696F6E20330A4FDE
:101B40007074696F6E20340A4F7074696F6E20353F
:101B500000000000F8B50E465648FCF785FD012848
:101B60002ED13046F8F772F805463046F8F7ACF853
:101B700004462C2D1CD02A2D23D0292D2DD0012D0B
:101B80002DD0022D37D0082D50D0032D4ED00E2D44
:101B900050D00F2D5DD00D2D66D0132D7CD0152D7E
:101BA00001D0182D0CD13046BDE8F840EAF715BE3B
:101BB0003046F8F787F805462046EFF7A9FF28805A
:101BC000F8BDEFF7D4FC18B100222A21F8F780F80D
:101BD0002046FEF771FF002141E0002140E0A06AAD
:101BE00020F400312046A162EFF7C1FCBDE8F840C7
:101BF0003149F1F79FBEF9F705FC6946F9F748FC52
:101C0000BDF802000028DBD02046EFF7B0FC054607
:101C1000FDF779FFBDF80210084401B22846FFF72E
:101C200007FDA06A40F40030A062F8BDBDE8F840AE
:101C300005F010BBFCF7FAFDF8F7D8FC0546F9F7FC
:101C4000E1FBF9F720FC042800D115B1E08C2085D8
:101C5000F8BDE18C208D8142FAD0E084012120463C
:101C6000BDE8F84005F05CB93046F8F72BF800788D
:101C7000132812D0122810D0142801D01128E7D12F
:101C8000E08C0028E4D0258D401E81B20122204640
:101C900000F0BBF82585F8BD06E0E08CA18C401C67
:101CA0008842F8D2258DF0E7EFF761FCBDE8F840F7
:101CB000FEF7D6BE70170308477A020870B50E46C5
:101CC0000846F7F7C3FF0446152805D031461848E3
:101CD000FCF7CAFC012823D13046F7F7F5FF05468B
:101CE000132C08D0292C1CD0152C19D13046BDE856
:101CF0007040E9F719BC3046F7F7E4FF0446284680
:101D0000FCF7DAFDEFF704FF06462846FDF7D9FE9B
:101D10000246B4F90000B11A884200DC084620806F
:101D200070BDFCF7C9FDBDE87040002105F0F8B8B2
:101D30008C1703082DE9F84F15465FEA01090446A0
:101D40000DD02046EFF713FC4FF0000B0090A4F8E5
:101D500026B0A4F828B0A4F824B0584606E0FEE760
:101D60000A2902D1A18C491CA184401C19F8001039
:101D70000029F5D1A08C401CA08494F82A00DDB382
:101D800040F0010184F82A104846DEF7F8FA471CB3
:101D9000C7EBC7008246FAF7C7FF06460025A0F149
:101DA000010800BF07FB05604946DEF70AFB6D1C12
:101DB00007FB05F10A20EDB201F80800072DF1D369
:101DC0000AEB060101F801BC31460098FAF7CEFC97
:101DD0003046FAF7F5FFA08C00EB4001E184C0EB40
:101DE000C000A0842046F0F731FEE08C20850098EA
:101DF000BDE8F84FFEF734BE20F0010084F82A0059
:101E000049460098FAF7B2FCEFE7F0B490F82A30B0
:101E1000DC07838C1ED00724B3FBF4F4C58CA142ED
:101E2000B5FBF4F716D207FB1455AEB20FFA86FCD9
:101E3000ACEB0105002D01DCA1EB0C05B5EB540F5B
:101E400005D90D468E4201D9291900E0291B04FB52
:101E5000071189B28B4200D8591EC1840185F0BC9C
:101E6000114605F05DB810B5F4F736FEBDE8104038
:101E7000F4F77ABE2DE9F047A6B099461546884694
:101E80000646DDF8B8A0FCF7A3FC0446FFF7EBFF1D
:101E90000746B04275D0A069B04272D0B8B10021F7
:101EA000F1F748FD00221146A069FFF7E9F9002289
:101EB0006021A069FEF7C0FE94F82800800702D5D3
:101EC0003846FCF769F8A069074605F032FBA661C1
:101ED000606938B194F82810890703D5FCF75CF8DD
:101EE000002060614046B8F10A0F55D00B2853D04E
:101EF0000C2851D00D284FD0B8F10E0F4CD0002136
:101F000094F8280061F300006AF3410084F8280087
:101F100000213046F1F70EFDFFF7A5FF0021F1F794
:101F200009FD002211463046FFF7AAF9FFF79BFF93
:101F300000221146FFF7A4F9002260213046FEF787
:101F40007BFEFFF790FF00226021FEF775FE55EA49
:101F5000090023D014A8F1F735FD564816905648CD
:101F600014961790C9F10006CDE91F5603A8F1F7A2
:101F700029FD2069CDE90E560390B8F10F0F26D246
:101F800000E014E0DFE808F0161A242A3037475B37
:101F90006C7D8240516476000121B1E7304605F046
:101FA000C8FABAF1000F02D03846FBF7F5FF26B0A9
:101FB000BDE8F08741481590002004E03F481590A7
:101FC0002046F4F7A1FD00211C90CDE91D0164E03D
:101FD0003A4815902046F4F797FD0AE038481590E6
:101FE0002046F4F7D7FDEEE7354815902046F4F784
:101FF000D1FD4042E7E7314815902046F4F784FDD3
:1020000000211C90CDE91D012C480490002520469C
:10201000F4F77AFD22E0294815902046F4F774FD84
:10202000404200211C90CDE91D0124480490002568
:102030002046F4F769FDCDE90C500B952DE02048C2
:1020400015902046F4F7A6FD00211C90CDE91D0156
:102050001B48049000252046F4F79CFD4042EAE727
:10206000174815902046F4F795FD404200211C903A
:10207000CDE91D011248049000252046F4F78AFDA1
:10208000D9E7104815900020FF219DE70D480490E6
:10209000FF2000210B90CDE90C01002225213846BC
:1020A000F7F716FE14A8F1F701FD03A8F1F7FEFCFF
:1020B0007DE700000F750208B97402083B7A020838
:1020C000417A02088355020870B50020086791F82C
:1020D00074000C4620F0030081F874004FF4407146
:1020E0002046FBF7BDFE10212046FBF7B9FE00207D
:1020F000F4F7F8FC502505EBC000B0F5A07F08DB35
:102100000020F4F7EFFC05EBC000A02190FBF1F0FC
:1021100000E0012001B22046BDE87040FEF7CFBFCD
:102120002DE9F34F83B0FE480499FCF79DFA01288E
:1021300052D10498F7F78AFD05460498F7F7C4FDD5
:10214000044600F065FA0646112D17D0012D46D041
:10215000022D78D0082D77D0032DFCD00E2D74D011
:10216000292D73D0132D72D00D2D71D0152D33D193
:10217000049805B0BDE8F04FE9F714B90498F7F7F3
:10218000A1FD0546A06810B1B0F9147000E0002769
:1021900004F168016846F2F7EAF93A4611466846E2
:1021A000F2F735FA002268462968E2F7A4FF2871A1
:1021B000002811D1022E0FD104F160016846F2F718
:1021C000D6F93A4611466846F2F721FA00226846E7
:1021D0002968E2F790FF287105B0BDE8F08F20462E
:1021E000FDF7A6FF94F8740040F0010184F8741024
:1021F0009EB1012E11D0022EEED1F9F703F96946F6
:10220000F9F716F92046FDF75CFC05462046FCF779
:1022100012FB854204DB012503E004F1240042E0C7
:10222000002500212046FDF73CF8DDB30128BDF96B
:1022300000000ED0B4F96C108842EEDCB4F96010E6
:1022400088423EDB0DE069E0F2E024E131E136E175
:10225000A6E1B4F968108842DFDBB4F96410884263
:102260002FDCB4F96400B4F96010401A00EBD070B0
:1022700001EB6002BDF90010501A002800DC881A3A
:1022800002B2B4F96C30B4F968001B1A03EBD373D3
:1022900000EB6303581A002800DCC81A00B2904211
:1022A0002CDB33E003E0206796E7207194E7BDF96B
:1022B0000200B4F96A309842AFDBB4F9662090426C
:1022C00002DD04F13000EEE7B4F96210521A02EBBD
:1022D000D27201EB6202111A002900DC811A0DB2E0
:1022E000B4F96E10C91A01EBD17103EB6102111A36
:1022F000002900DC811A08B2A84207DA04F12400A0
:1023000044F8700F207920F00200CEE704F130008D
:1023100044F8700F207940F00200C6E7206F0028D3
:10232000C2D0F9F76FF80546F9F7ADF80128BBD12F
:1023300069462846F9F77CF8D4E90A010F1A2046C5
:10234000F0F71FFE00284FF00001204634D0FDF7C3
:102350001FF9804600212046FDF768F90646204611
:10236000FDF7AFFBA0EB0800801B05B20021204663
:10237000FCF797FF012818D0B4F91420BDF900101C
:1023800002EB0800081A784305EBD57100EB6100F9
:1023900090FBF5F0A16A256F0844D4E90A2104F105
:1023A00030039D4224D1616A23E0B4F91800BDF9DD
:1023B0000010801B401AE6E7FDF798F90646002159
:1023C0002046FDF77FF805462046FCF734FA401B0F
:1023D000B4F91A10801BBDF902202944511A00B229
:1023E000794300EBD072C1EB620191FBF0F0D1E7D1
:1023F000226B884201DA064600E00E46964201DA78
:10240000114602E0884200DA01462868884287D0F7
:102410009D424FF00102204602D1F2F77BFA01E023
:10242000F2F79DFA00221C212046F7F751FCD3E673
:1024300094F8740020F0010184F874100021204603
:102440002167FDF775FE2046FCF7F0F90646F8F720
:10245000CDF80546F8F7D6FFF9F715F80428E6D1C8
:10246000002DE4D0204600F0D3F802280CD194F8D7
:102470007400810704D440F0020084F87400ABE6D5
:1024800020F0020084F8740005B03046BDE8F04F3B
:102490000021F8F72CB9F8F7B5FFF8F7F4FF042896
:1024A00001D00228C3D114F8740F20F0020020706C
:1024B00092E605B02046BDE8F04FFEF7D1BA4FF4E2
:1024C000403739462046FDF763F8814639462046B5
:1024D000FDF7ACF8804639462046FDF707F9064679
:1024E00039462046FCF7EEFF05466D223946204668
:1024F000FDF714F900B2009039462046FDF7F8F9CF
:10250000834639462046FDF7E7F982462046FDF727
:10251000D8FA00EB4B072046FCF78DF902E00000EB
:10252000A817030800EB4A008742204604DAFDF7AB
:10253000C8FA00EB4B0003E0FCF77DF900EB4A0022
:102540000099401010FB01F040F30F20494642462D
:10255000C14500DC1146B54201DD2A4600E03246A5
:10256000914207DD49464246C14501DD0D4604E082
:10257000154602E0B54200DC354605444FF44031D3
:102580002046AD1CFBF73AFB284404B20498F7F749
:1025900099FBB0F90010A14200DD0C4604801BE657
:1025A0000498F7F78FFB0078132813D0112811D067
:1025B000142801D01228F2D194F874008007204624
:1025C00017D4F2F76FF90122401E01462046F2F7B8
:1025D000C6F915E094F874008007204604D4F2F799
:1025E00061F90122401CF0E7F2F74DF90122411C8C
:1025F00003E0F2F748F9411E01222046F2F78AF97A
:1026000005B02046BDE8F04F00221C21F7F760BB63
:1026100010B5F2F733F9012802D0022800D00020CB
:1026200010BD00000FB40A4608B505A90091014687
:102630000348049BE4F720FB01B05DF814FB0000A5
:10264000F164000810B500204866B1F874000C462B
:1026500020F0FF00401DA1F87400012008670C481D
:1026600088664042C866B1F87400012120F4E06039
:1026700000F58060A4F87400204601F0FBFB012106
:10268000204601F07EFB2046BDE8104000F00AB96C
:102690009F860100026F416E8B1AC26E934209DB66
:1026A000002B03D5002901DD4A424266426E016FCC
:1026B000521A06E0B0F87430DB0502D5914200D121
:1026C000826E426600F0EEB870B50E465548FBF7D4
:1026D000CBFF01287ED13046F7F7B8FA05463046E1
:1026E000F7F7F2FA0446082D17D00D2D72D1F8F73E
:1026F00089FEF8F7C8FE05463046F7F7E3FA0068AA
:10270000132868D0142867D011287ED0122879D1D8
:102710002046BDE87040FFF7BDBFF8F773FEF8F73D
:10272000B2FE042820460CD001F022FB0546DDF75E
:1027300026FE616C6A5C2E2A31D0814233D1411E63
:1027400036E0FCF773F8F7F751FF00285AD0B4F8D9
:10275000740000F00F02012A54D9C0F3412002286E
:102760000DD00A200021521EFFF702F9226FD31765
:10277000101A8B4151DB0A212046216703E0206FAC
:10278000012804DD2046BDE8704000F067B80A204B
:102790000021921EFFF7ECF8206720463EE020461D
:1027A00001F09FF907E031B9E06E002803DA01215A
:1027B000204601F0EDFAB4F87410626C01F00F03DA
:1027C000C1F303155B1E90B2AA4209D911F0F00FB4
:1027D00006D003E016E016E01CE016E0401E80B2D2
:1027E000191AE06E002800DA491C01202067002039
:1027F00006E0226F02EB82025200401C80B2226788
:102800008842F6D370BD042DBCD12046BDE870408F
:1028100000F00AB8042D3FF47BAF2046BDE87040BD
:1028200000F028B870DD0208026F416E8B18826ECE
:10283000934209DC002B03DD002901DA4A4242669B
:10284000426E016F0A4406E0B0F87430DB0502D531
:10285000914200D1C26E426600F024B8016F0A2294
:1028600091FBF2F1002901DD016701E0012202671D
:1028700000F018B8D0E91A21002901DA4B4200E033
:102880000B469A4201DD114602E0002900DA494276
:10289000026F02EB820252008A4200DC026700F003
:1028A00001B800002DE9F0418EB00546122108A8BC
:1028B000FAF7A6FBE86E002708AC002809DA686E74
:1028C000002801DB2B2000E02D208DF82000641C67
:1028D00000E001276B6E002B00DC5B4236A20E216C
:1028E00002A8FFF79FFE02A8DDF749FD95F87410D6
:1028F0000DF1080801F00F010E1A002E12DD4046FE
:10290000DDF73DFD81B2424601EB060C535C02F857
:102910000C30491EF8D50020302101E01154401C34
:10292000B042FBDBB5F8740010F0F00F04D0C0F338
:1029300003160020414606E000F00F06F9E700BF4D
:1029400004F8012B401CB04202DA0A5C002AF7D1DD
:1029500095F8742012F0F00F10D02E2204F8012BFD
:1029600003E000BF04F8012B401C95F8742002F02E
:102970000F02824202DD0A5C002AF3D108A9284630
:1029800001F0B2FA95F874000A2200F00F00296FE6
:1029900004E000BF91FBF2F1401EC0B20A29F9DA4F
:1029A000B04201DD401CC0B2C01BC1B2284601F0DC
:1029B000EFF90EB0BDE8F0812564000030B50C469B
:1029C00091B002212046FBF74BFA6846F0F7FAFF78
:1029D0001548CDE900404FF6FF70ADF840001348B0
:1029E00001680B914268089202F5B470CDE90920A4
:1029F0006846F1F75BF80E48079000204FF4B47575
:102A00000890CDE909050B4801906846F1F74EF8AA
:102A10002A4600212046F1F74FFC4FF487712046EB
:102A2000F1F7FBFC11B030BDD5750008880100201E
:102A3000F9390108DB75000800F052B870B514468A
:102A40008288C379A2F57F45FF3D07D07BB3012B78
:102A500035D90668002206EB83052DE0002213E03D
:102A6000056805EBC2052E8826F440468E420AD141
:102A70002888010429D4400401D5304614E0686850
:102A80002060012070BD521C9342E9D825E000BFB0
:102A900035F8120020F4404088420CD135F812106D
:102AA0000B0412D4490403D500F074F8E8E714E0ED
:102AB00006EB82000FE0521C9342E9D80DE022F4AD
:102AC00040438B4209D1110401D5022070BD51044D
:102AD00001D51846E8E70068D2E7002070BD000085
:102AE00070B514468288C379A2F57F45FF3D07D0B3
:102AF0007BB3012B35D90668002206EB83052DE058
:102B0000002213E0056805EBC2052E8826F4404636
:102B10008E420AD12888010429D4400401D53046C8
:102B200014E068682060012070BD521C9342E9D80F
:102B300025E000BF35F8120020F4404088420CD157
:102B400035F812100B0412D4490403D500F022F812
:102B5000E8E714E006EB82000FE0521C9342E9D84C
:102B60000DE022F440438B4209D1110401D502202B
:102B700070BD510401D51846E8E70068D2E700208F
:102B800070BD0821FAF73CBAC07908B1002070473F
:102B9000012070471CB50022FF21452855D01EDCBE
:102BA000302844D00EDC222841D006DC032853D044
:102BB000062851D0202830D135E0252845D02928B5
:102BC0002BD142E0362832D004DC31283DD03328E6
:102BD00023D13CE0372838D044281ED127E055289F
:102BE00025D00EDC4E2830D006DC46282DD04728D4
:102BF0001DD04D2811D11AE0522818D053280CD1DD
:102C000023E0602821D004DC56281ED0572804D1A8
:102C100020E0612819D06D2802D0009200981CBDD8
:102C20004FF4807014E0FF221146104602E00022AB
:102C300011461046F3F7AFFA0190BDF80400019079
:102C4000BDF80400ADF80000E8E70091E6E70F20CA
:102C50000090E3E70248FBE741F6FF70F8E7000069
:102C60004013030810B50C46E3F7E4F9204000D008
:102C7000012010BD2DE9F041154D0646154C286880
:102C800018B9002161607021218021884A1C12F44A
:102C9000404F02D00020BDE8F08162686F398A425F
:102CA0000AD21F3131F01F0710D03946FAF7BEF8AB
:102CB0000028F0D0286067602088401C80B2208007
:102CC000296821B1014401F8716CE4E7FEE7FEE7F1
:102CD000F0010020040200202DE9F0410F46818818
:102CE0000446A1F57F40FF3853D0E07900284BD04F
:102CF000012804D02668002106EB800547E021F476
:102D00004040B84245D10020A080E0713BE000BFC8
:102D100035F8112022F44042BA4237D1022811D0AE
:102D2000401E00EB40004000F9F7D0FF010030D01A
:102D30002160E079401EC0B2E07101EB8003002009
:102D4000024619E00120E07121B12888A080306896
:102D5000206015E06888A0807068F9E735F810C039
:102D6000BC4508D056F820E041F822E035F810C004
:102D700023F812C0521C401C94F807C08445EDD2C1
:102D80003046FAF72FF80120BDE8F081491C88424F
:102D9000BED80020F8E710B504468088A0F57F4132
:102DA000FF390BD0E079012802D92068FAF71AF828
:102DB0002046BDE810400821FAF722B910BD0A46A6
:102DC000652100F0D7B803B482B0BDF80C10ADF89F
:102DD0000010009A522104B000F0CCB80A465121EC
:102DE00000F0C8B80A46502100F0C4B803B482B05D
:102DF000BDF80C10ADF80010009A202104B000F0CE
:102E0000B9B803B482B0BDF80C10ADF80010009A48
:102E1000222104B000F0AEB80A46282100F0AAB87A
:102E20000A46212100F0A6B803B482B0BDF80C1008
:102E3000ADF80010009A302104B000F09BB80A46AB
:102E4000312100F097B80A46342100F093B80A46C1
:102E5000332100F08FB80A46322100F08BB80A46C1
:102E6000172100F087B80A46622100F083B80A46AD
:102E7000632100F07FB80A46042100F07BB803B458
:102E800082B0BDF80C10ADF80010009A4D2104B0CE
:102E900000F070B80A46492100F06CB80A460621D5
:102EA00000F068B80A46032100F064B803B482B0A9
:102EB000BDF80C10ADF80010009A362104B000F0F7
:102EC00059B80A46372100F055B80A46382100F0B3
:102ED00051B80A46352100F04DB870B50C4605468C
:102EE00000F02CF82146284600F02CF82146284610
:102EF00000F030F821462846BDE87040AFF300806E
:102F00000A46112100F036B80A46152100F032B801
:102F100070B50C46054600F019F821462846BDE874
:102F20007040FFF7F1BF70B50C46054600F006F89B
:102F300021462846BDE8704000F004B80A46122138
:102F400000F018B80A46132100F014B80A461421FC
:102F500000F010B80A46102100F00CB870B50C460D
:102F60000546FFF7F7FF21462846BDE87040FFF70A
:102F7000C7BF0000014B00F007B80000812F020816
:102F800010801960704700002DE9F04704468088E2
:102F90008946A0F57F411D46FF3969D0E17929F4C2
:102FA000404617464FF00108012937D922680846E4
:102FB00002EB81030CE000BF33F810C02CF4404C4E
:102FC000B44505D102EB800103EB40020B462CE037
:102FD000401EF1D5491C01EB410041001046F9F7B4
:102FE00025FF010044D02160E07901EB800205E07B
:102FF00002EB400C32F81030ACF80430401EF7D52C
:10300000E079401CC0B201EB800303EB4002191FC2
:10301000E0710B4639464846921E20E02AD120F442
:103020004040B04207D12346221D39464846AC46AF
:10303000BDE8F04760470C20F9F748FE002817D09C
:1030400021682060E279521CD2B2E27100EB820268
:10305000A38822F8023B031D016039464846A84771
:103060003046E2F7E0FFA17908FA00F21143A171BE
:10307000BDE8F08784F807802346221DEDE70A4665
:103080000B21FFF777BF03B482B0BDF80C10ADF889
:103090000010009A442104B0FFF76CBF0A46422199
:1030A000FFF768BF0A464521FFF764BF0A46432180
:1030B000FFF760BF0A464021FFF75CBF70B50C46C2
:1030C000054600F029F821462846BDE87040FFF784
:1030D000D2BE0A465B21FFF74DBF03B482B0BDF8F4
:1030E0000C10ADF80010009A552104B0FFF742BF54
:1030F0000A465721FFF73EBF0A465921FFF73ABF5C
:103100000A466A21FFF736BF0A466921FFF732BF38
:103110000A466721FFF72EBF0A460121FFF72ABFA3
:103120002DE9F0470F46DDE908891E46154604469D
:103130001421F9F765FF276005B9044DC4F8049020
:10314000083484E86001BDE8F08700005F3A0108B8
:103150004162FCF7EDBF00684FF0FF314162FCF7C0
:10316000E7BF10B54FF0FF300C46486210212046F3
:10317000FAF776FE08212046FAF78CFA2046BDE8D9
:1031800010404FF48061FAF785BA08460021F0F745
:10319000D1BB00002DE9F04789463548FBF764FABA
:1031A00001285CD14846F6F751FD04464846F6F73B
:1031B0008BFD8046132C08D01C2C52D0152C4ED1E0
:1031C0004846BDE8F047E9F7D1BB4FF44035294602
:1031D000FCF7E4F9074629464046FCF72DFA064677
:1031E00029464046FCF788FA044629464046FCF743
:1031F0006FF9B74201DD394600E03146A04201DDFA
:10320000024600E02246914205DDB74201DD384624
:1032100004E0304602E0A04200DC2046841C29463F
:103220004046FAF7EBFC204405B24846F6F74AFD63
:103230000446B0F90000A84200DD054625804FF4A1
:10324000003529464046FAF7D9FC0146B4F900009A
:10325000814203DB29464046FAF7D0FC2080BDE8D6
:10326000F08700F007F84046BDE8F047FCF760BF84
:10327000C4170308F0B591B0064600216522FCF79B
:103280004DFA07002DD03046FBF7C8FF746A00F0F6
:103290000100611C4FF4807501D038B905E008B118
:1032A000002403E02C46002503E00025601B0028D5
:1032B00001DD601B00E0281B7843070A002130462F
:1032C000F0F738FB6846F0F77DFB07480894CDE936
:1032D00000600648039009A9684681E8B000F0F74D
:1032E000E5FB11B0F0BD0000513102085731020872
:1032F00010B501208884C8840C460220F9F7E6FC4A
:103300002063E08C4000F9F7E1FCE062216B822051
:103310000880E16A0880E08CA18C48438100A06AA3
:10332000F9F784FD0021A062016010BD70B5002591
:103330000C462E4615E000BF50F8250078B14068D5
:1033400028B1F9F74FFDA06A50F825004660A06A41
:1033500050F82500F9F746FDA06A40F825606D1C7D
:10336000ADB2A08CE18C4843A842A06AE4DC08B16D
:10337000F9F738FDE06A08B1F9F734FD206B002851
:1033800003D0BDE87040F9F72DBD70BD2DE9FC41BB
:103390000F466E48FBF768F9012843D13846F6F727
:1033A00055FC05463846F6F78FFC04462A2D14D006
:1033B0002C2D17D0012D37D0022D35D04FF6FF76AA
:1033C000082D49D00E2D66D00D2D68D0152D29D190
:1033D0003846BDE8FC41E9F779BBBDE8FC41002176
:1033E00003F028BE3846F6F76DFC03460020014680
:1033F000A28C05E0256B35F81150491C284400B219
:103400008A42F7D800210A46E58C05E0E66A36F8DC
:103410001260521C314409B29542F7D8401E188000
:10342000491E5980BDE8FC8101AA6946EEF781F981
:103430000128F7D1A18EBDF80400814204D1E18EAC
:10344000BDF800209142EDD0A086BDF800102046C6
:10345000E186FCF76DFEE5E7FCF76AFEF7F7D2FFC1
:10346000F8F705F8A18EB1420AD0E18EB14207D03B
:1034700030B900221C212046F6F72AFC0128D1D1C0
:10348000F7F7C0FFF7F7FFFF012801D00328C9D1E4
:10349000A686E686C6E7BDE8FC41FCF749BE38468D
:1034A000F6F710FCA18E0568E08E0F468446B14207
:1034B00001D0B04207D10020A086E086204604F06B
:1034C000E4F92046E7E7A38C8B4200DC0021E28C84
:1034D000824200DC0020142D0ED0132D0ED0112DB1
:1034E0000ED0122D9ED1401C8B420DDC511E81420C
:1034F00008DD0021401C0EE0491EF5E7491CF3E7FA
:10350000401EF1E7591E06E0002904DA10B1591EE9
:10351000401E00E00021824201DC501E02E0002833
:1035200000DA00208F4201D1844594D0A186E08644
:103530002046FCF7FDFD204604F0A7F902B0204626
:10354000BDE8F04100221C21F6F7C2BBE0170308DA
:103550002DE9F0414A4E0C46307881F82C000128C4
:1035600049D0022849D0042802D0082806D101E019
:10357000012100E009212046FDF7C6FD42F2640565
:1035800029462A462046FDF7BDFE2046F1F7CEFA31
:1035900007462046FAF7F4FC804601213846F1F749
:1035A000DDFE0420F9F792FB36A160620160384627
:1035B000616AF1F701FE00231C2233493846FAF70D
:1035C0001DF84FF480413846FAF764F800231A4694
:1035D0002E494046FAF712F800214046FDF77EFEDC
:1035E00094F82C00012815D0022813D0042806D006
:1035F00008281DD103E00021BDE70821BBE7B6F98B
:10360000022029463846FDF77DFE29464046FDF753
:10361000E3FF09E02A46B6F902103846FDF772FECC
:1036200029464046FDF78CFD01214046FDF77CFD13
:10363000F6F7D6FF10B13946F6F724FF94F82C00C0
:1036400010F00C0F08D000214046FDF75DFD03216E
:103650004046FDF72DFE07E001214046FDF754FDF1
:1036600003214046FDF72FFE80214046FAF712F86D
:103670004046BDE8F0414FF48061FAF7F1BB00002D
:103680009001002000000000357C0008278B000816
:1036900070B591F82C000C4610F00C0F4FF000069E
:1036A0000DD0002508E0606A50F82500F9F79AFB74
:1036B000606A40F825606D1C208DA842F3D894F80C
:1036C0002C0080070DD0002508E0606A50F8350016
:1036D000F9F788FB606A40F835606D1C208DA842C0
:1036E000F3D8606AF9F77EFB666270BD70B50C4670
:1036F0000A48FAF7B9FF01280ED12046F6F7A6FAD4
:1037000005462046F6F7E0FA292D05D1418DBDE8A2
:103710007040002200F00AB870BD0000A8DD020869
:103720000121FAF7B7BF0021FAF7B4BF2DE9F0473E
:103730000646408C91460C46C00447D4308DA042CA
:1037400000D8441E3046FDF7BDFF3046FFF7E8FFC6
:1037500005003BD096F82C004FF0000110F00C0F44
:1037600028461CD01522FBF7D9FF07B22846FBF7E5
:103770000FF8804600213046FBF78DFD012804D06C
:1037800007EB0800604301B204E0604207EB080168
:10379000414309B24A462846FDF744FC0DE0142295
:1037A000FBF7BCFF07462846FAF7D8FF38446043CA
:1037B00001B24A462846FDF74BFC3046FFF7B3FFFF
:1037C000A1B24FF48072F1F79DFC7485BDE8F087DB
:1037D0002DE9F343044690F8600083B00107049894
:1037E00003D50A2830D00D282ED00027CDE90007B8
:1037F000E94649462046EFF711FA012824D1DFF8BF
:10380000CC80002104A8D8F8002090470646A16B80
:103810002046254639B100F0ABFA2D4909688847A2
:10382000A96B884210D2686B88B1007878B1029792
:10383000474604E03A6802A99047B04207D0686B57
:103840000299415C0029F5D105B0BDE8F08394F8F8
:103850006000400702D5204602F0AAFEA06A38B1F7
:10386000606AF8F798FB007810B92046FCF760FC16
:103870004A46616C606AF8F795FB204600F098F8BC
:1038800094F86000400714D5E06ADCF778FD05463F
:103890004846DCF774FD2918491CE06AF9F7C6FAB6
:1038A000E06288B14A46616CE2F7AAFC2046E4F780
:1038B0000FF8616C2046491C00F06AFA00221C21B6
:1038C0002046F6F705FABFE7FEE7000024020020D5
:1038D00038020020F8B50D00044609D094F86000C5
:1038E000400702D5204602F063FE606B18B900E085
:1038F000FEE7A06B98B100202A4E2B4F009009E004
:10390000326869462846904739688847014620460C
:10391000FFF75EFF0098285C0028F1D1F8BD29462A
:103920002046EFF77BF90128F8D1A06A38B1606A28
:10393000F8F731FB007810B92046FCF7F9FB2A466E
:10394000616C606AF8F72EFB204600F031F894F8BD
:103950006000400714D5E06ADCF711FD06462846F2
:10396000DCF70DFD3118491CE06AF9F75FFAE062F7
:10397000B0B12A46616CE2F743FC2046E3F7A8FFAA
:103980000A492846666C096888473118204600F0C5
:10399000FFF92046BDE8F84000221C21F6F798B94F
:1039A000FEE70000240200202C0200203802002044
:1039B00070B50446406AF8F7F2FA4FF6FF75A84270
:1039C00004D1606AF8F7E9FAA84209D02946606A8A
:1039D000F8F72EFF2946606ABDE87040F8F725BF6A
:1039E00070BD000010B591F860000C4620F0040096
:1039F00081F860000020C862086340F2DC51A187B2
:103A00006063A06394F8541041F0010184F85410ED
:103A10000121616494F8541041F0020184F85410BB
:103A2000A4F8400094F8601021F00A0184F86010B6
:103A30006062A0622046F8F713F860626420FDF728
:103A40009DFE0146606AFDF7C7FD0CA1606AF8F7AC
:103A50008DFE00231A460A49606AF9F7CFFD4FF43C
:103A600080612046F9F716FE0021204600F090F90B
:103A70002046BDE8104004F067B9000000000000D7
:103A8000D333010838B50446416C406A6A46F8F7FA
:103A900097F900212046FBF70DFF0546002120463F
:103AA000FBF7D5FE0089BDF802106D1C08442844C0
:103AB000ADF80200B4F84000ADF80000606AFAF713
:103AC000BAFEBDF9021088420ADD6946606AF8F75D
:103AD00079F80146204634F8405F00F059F9258016
:103AE00038BD416C002902D0491E00F051B9704721
:103AF000416C491C00F04CB938B50446416C406A31
:103B00006A46F8F75DF900212046FBF7D3FE05462B
:103B100000212046FBF79BFE0189BDF802002944E5
:103B2000401A401CADF80200B4F84000ADF80000A7
:103B30006946606AF8F746F80146B4F840502046F6
:103B400000F026F9A4F8405038BD000038B504460E
:103B5000406C00283FD021A06946006800902046B4
:103B6000EFF75CF8012836D1606AF8F714FA616C57
:103B700005460122491EE2F78BFA2946606AF8F7EA
:103B8000F5FD2046FFF714FFA06A38B1606AF8F728
:103B900002FA007810B92046FCF7CAFA94F86000DF
:103BA00040070ED5616C0122491EE06AE2F770FA07
:103BB000E06ADCF7E4FB411CE06AF9F737F9E06200
:103BC00050B1616C2046491E00F0E2F800221C2131
:103BD0002046F6F77DF838BDFEE700007F000000C4
:103BE00070B5456C0446691C00F0D2F8606CA842C0
:103BF00004D02046BDE87040FFF7A8BF70BD70B587
:103C0000C86A0C46002510B1F9F7ECF8E562206BA4
:103C100010B1F9F7E7F82563A06A002802D0F9F798
:103C2000E1F8A56270BD000070B50E463F48FAF796
:103C30001BFD012878D13046F6F708F804463046D7
:103C4000F6F742F805460E2C12D00D2C14D0012C9C
:103C500060D0022C5ED0032C5CD0082C5AD0152CDE
:103C60005DD0182C60D13046BDE87040E6F776BBD9
:103C7000BDE8704004F068B83046F6F723F80168F4
:103C8000132910D0142913D0112916D0122919D0B4
:103C900008291CD07F291FD0022922D0032922D035
:103CA0000A2927D031E02846BDE87040FFF720BF41
:103CB0002846BDE87040FFF714BF2846BDE87040B5
:103CC000FFF71ABF2846BDE87040FFF7DBBE284665
:103CD000BDE87040FFF73ABF2846BDE87040FFF7E7
:103CE0007FBF002101E047F6FF712846BDE8704024
:103CF00000F04EB8284600F01DF830B12846BDE867
:103D0000704000221F21F5F7E3BF2846BDE8704050
:103D1000FFF75EBD3046BDE8704006F09DBC304602
:103D2000BDE87040E9F7E2BA70BD0000FC17030877
:103D3000406C704790F86000C0F3C000704700000E
:103D40001FB5016B11B1084604B010BD0021FBF78F
:103D50007EFD002342F222026946F6F726F808B1FA
:103D600001A0F1E701A0EFE7E280A2002A00000035
:103D700090F86010490702D4406AF8F70CB9C06A9D
:103D8000704710F8542F61F3410202707047000031
:103D9000F8B50546406C0C46A04267D0686AF8F753
:103DA000FAF8334909688847002C00DA0444844251
:103DB00003DCA4F5FE41FF3900D1044628466C64BB
:103DC000FDF780FC00212846FBF741FD06466A46C8
:103DD0002146686AF7F7F4FFB6F908402846FAF773
:103DE000BDFEBDF90210884203DD01222846FDF721
:103DF0002FF92846FAF7B2FC06462846FAF7AEFE37
:103E0000BDF902100A19101AB04206DD881B2044C1
:103E100001B201222846FDF71BF92846FAF7D2FD28
:103E2000BDF90010884203DD01222846FDF7FAF8AB
:103E30002846FAF7ADFC06462846FAF7C3FDBDF959
:103E400000100A19101AB04206DD881B204401B286
:103E500001222846FDF7E6F8BDF800102846A5F82F
:103E6000401003F071FF284602F06CFDF8BD000021
:103E7000380200202DE9F041044690F860000D461C
:103E8000C0F3C001A9422DD065F3C30084F86000DF
:103E900042F2D1782DB147466420FDF76FFC06460B
:103EA00004E06420FDF76AFC074600263946606A94
:103EB000FDF792FB00223146606AFDF759FB25B100
:103EC00041462046FDF73CF904E00022042120464B
:103ED000FCF7B2FE2046BDE8F04100231A46194621
:103EE000FDF775B8BDE8F081F8B50D00044606D0C1
:103EF000FFF75EFD606B47F6FF7618B900E0FEE75E
:103F0000A06B10B327A1606AF8F730FC3146204659
:103F1000FFF73EFF94F8600041074FF0000001D525
:103F2000E16A0870204E214F009009E0326869462E
:103F3000284690473968884701462046FFF748FCE5
:103F40000098285C0028F1D107E02946606AF8F75C
:103F50000DFC31462046FFF71BFFA06A38B1606AAE
:103F6000F8F719F8007810B92046FCF7E1F894F852
:103F7000600040070ED52846DCF701FA411CE06AD4
:103F8000F8F754FFE06260B12946DCF71AFA2046E0
:103F9000E3F79EFC2046BDE8F84000221C21F5F71F
:103FA00097BEFEE700000000240200202C02002043
:103FB00070B5044600F081F805000AD02046054A95
:103FC0000021FCF768FE21462846BDE87040E3F773
:103FD000F1BA70BDFFFF0F0000B500F059F80028DE
:103FE00000D0014800BD00005C5200202DE9FF47D1
:103FF000994607460C9E00F04BF8214D40B9002031
:1040000028704FF41270F8F761FE1E490860E860EE
:10401000F2F762FDF2F778FD4FF00108B0F5A07FEE
:1040200001DC032007E0F2F757FDF2F76DFDB0F574
:10403000347F02DA0220687001E085F80180124CBA
:10404000A4F12800E760BDF804100187BDF808104E
:10405000418766610D48A6612060C4E9076903F0E5
:10406000A3FE27B13846F2F78FFDA04202D100200F
:10407000FCF790FE85F8008004B00348BDE8F087A7
:10408000C4000020E40100205C5200204593020897
:1040900002480068002800D001207047E401002099
:1040A00008B500F00AF808B1006902E01120FDF738
:1040B00055FB0090BDF8000008BD10B510B1FAF72F
:1040C00087FB01E0F2F708FDBDE81040F2F75CBDA8
:1040D00010B5044600F002F8001B10BD0349012290
:1040E00048680A700B78002BFBD07047BC01002099
:1040F000034900220A704A68104448607047000073
:10410000BC01002010B50C4642F264010A4620466C
:10411000FDF7F8F800231A4608492046F9F76EFA29
:1041200080212046F9F7B6FA03212046FDF7C0F8B2
:104130002046BDE810400321FDF7C5B8D5A0020810
:104140002DE9F0410D460846FAF7B6FB064642F265
:1041500064010A462846FDF7D5F82846FDF7B2FA6D
:104160003046FAF7FBFA0E4C2189484307B2304635
:10417000FAF70EFBA1883A46484301B22846FDF7FC
:104180007FF8217885F82410D4E90102104304D186
:104190003046BDE8F041FDF77EB8BDE8F081000093
:1041A000940100202DE9F041074615460E460B48C4
:1041B000E1F792FC040010D0A7604FF0FF302660BA
:1041C000206100206061FFF789FFE56004496060BD
:1041D000012008712046BDE8F081FEE780520020F2
:1041E0000C02002010B5044601460548E1F7EAFC40
:1041F00004490120C8702046BDE81040F8F7F2BD20
:10420000805200200C0200202DE9F047494CA07894
:1042100010B10120BDE8F0870120A07020780026B1
:1042200028B1FFF75BFF5FEA000902D007E0A67044
:10423000EFE72069401C2061642800D926613E4DCB
:104240004FEA060884F8038084F804803B48E1F7CD
:104250001EFC286037E03948E1F72BFC2E68074642
:10426000307DC0072ED18246304600F078F888B9FC
:104270003069B0F1000A01DD401E3061FFF72EFF0A
:104280007060B16821B1BAF1000F01D030468847A3
:104290004FF0010AE07820B9306910B93046FFF7D5
:1042A000A1FFBAF1000F0DD02079E178084309D0C1
:1042B00028680028C6D100BF4FF0FF351F48E1F73E
:1042C000E6FB11E02F6029680029C4D1F4E7307DB6
:1042D000C00705D1304600F042F8A84200D205469A
:1042E00031461648E1F7E5FB0600F0D14846FFF7F6
:1042F000EFFEE1680844E060A068FFF7E9FEB0F572
:10430000FA7F13D3E16864225143B1FBF0F0C0B2ED
:104310006070642801D9002001E0C0F16400607081
:104320002646C4F80C80FFF7D9FEB06084F80280FE
:1043300028466FE70C020020E00100208052002098
:1043400001214161704710B50446FFF7C7FE21689F
:10435000401A401E606010BD00214161704710B5D9
:1043600004464068FFF7B4FE2168814201D800206E
:1043700010BD081A10BD70B50346083A0C4602F08D
:104380000300111AA00705D1A1F10C004FF6F57238
:10439000904201D3002070BD2078251F00F003005B
:1043A000084320F0020040F0010121602946184630
:1043B000E3F7CFFA2846E3F701FB017902214160D8
:1043C000204670BD70B5810701D0002070BD00236C
:1043D0008060C0E90303194600EB810200EBC114C1
:1043E0005361002204EB8206521CF063202AF9DBA1
:1043F000491C0A29F0DB70BD70B50C460546FFF775
:10440000E1FF0646A4F23C5205F23C51FFF7B3FF30
:10441000304670BD2DE9F041002611B3083905463C
:104420004E680C46F00700D0FEE70846E3F71CFB99
:104430002179284689070CD52768AFB13979C90792
:1044400013D03946E3F778FB21463846E3F766FA9E
:10445000044621462846E3F721FB01462846E3F7B8
:1044600078FA3046BDE8F081FEE7FEE770B50A460F
:10447000054604211046E2F76BFE04460146284635
:10448000E3F7A2FA014622462846BDE87040E3F76A
:104490002BBB2DE9F05F90460C0081464FF00005E4
:1044A00022D0B8F1000F1BD0A4F108052846E3F78D
:1044B00010FB82466868042120F00307DAF8040044
:1044C00020F00300384400F1040B4046E2F740FEC0
:1044D0000646B84500D966B12879C0070CD0FEE77A
:1044E0004846FFF797FF44E01146FFF7BFFF054638
:1044F0003FE00020BDE8F09FBE4216D99AF80400C4
:10450000C00701D05E4510D941464846FFF7AEFFCF
:1045100005002ED04046474500D307463A4621467F
:104520002846F8F79BFC2146DAE7BE4206D9294621
:104530004846E3F7B3FA2846E3F7A3FA28794F464B
:10454000C00700D0FEE731462846E3F7F8F978B116
:1045500031462846E3F701FB0146406820F002009F
:1045600048603846E3F79AFA01463846E3F7F1F92E
:1045700025462846BEE75A3000B200F005B85A304A
:1045800000B200F001B800004FF4B47190FBF1F2FA
:1045900001FB1200002802DA00F5B47000B20E49E7
:1045A0005A2802DA31F910007047A0F15A025A2A4B
:1045B00003D2C0F1B40000B2F4E7A0F1B4025A2A69
:1045C00001D210B202E0C0F5B47000B231F81000B0
:1045D000404200B270470000D81403082DE9FF4F95
:1045E00083B05FEA0009119F7BD099F80000002892
:1045F00077D00498002871D01098800702D541F632
:10460000FF70069000243F4A009401945268A3462C
:10461000254626464FF0FF38694648469047824671
:104620000098019050E0374A01A9484652689047E7
:1046300083461098761CC00704D051461298E1F7C3
:1046400009FE98BB5A4651460498F5F755FC00B24E
:1046500029180DB2002802DD0598284405B2B8F1EA
:10466000FF3F05D10598291A0698814200DDA04632
:104670005046BAF10A0F1AD0BAF10D0F17D0014601
:10468000A0F59C4045F2A512904210D9002005E00B
:104690001DA2125C8A420AD0401CC0B21AA2125C4F
:1046A000002AF5D117B1B8F1FF3F08D008E024B9CE
:1046B000B8F1FF3F01D107B13D60761E08E03D60D3
:1046C000DDE90040DA46009019F804000028AAD17C
:1046D000B8F1FF3F06D0139870B1404607B0BDE86F
:1046E000F08F0CE02EB1BAF10D0F03D1BBF10A0F20
:1046F00000D1009C2046F1E70FB100203860002077
:10470000ECE7000020020020202C2E3B3A2D5F0019
:104710002DE9FF4F83B004464FF00000DDF848A0BC
:10472000DDF84090208093460F00608049D0BBF1B7
:10473000000F46D05FEA8A7002D541F6FF701190F3
:104740000025A846BBF8086025E00020CDE9000A56
:10475000781902905946119B069AE1F7D1FC8044E2
:10476000B4F9020006EB09010144B1F5004F28D26B
:10477000304448446080A8EB0501CDF800A05A46BB
:10478000069B029800F022F8B4F90010814200DB89
:10479000084620804546785D0028D6D15DB178195D
:1047A00010F8010C0A2801D00D2804D1618806EB0D
:1047B000090008446080B4F9020028B1A0EB0900A8
:1047C000608007B0BDE8F08F6680FAE72DE9FF470B
:1047D0001E46DDF8309090460D4607000CD0B8F12B
:1047E000000F09D03878002807D000200446029036
:1047F0008DF80C00EDB923E0002004B0BDE8F0878F
:1048000002AB01AA69463846E1F762FC5FEAC9706B
:1048100004D003A80099E1F71DFD50B9DDE90012AD
:104820004046F5F769FB00B2002802DD2044304421
:1048300004B20298A842E3D3002C01DDA01B04B20D
:104840002046DAE710B50146802825D3002301F081
:104850003F0242F08002B1F5006F0AD2C0F384112A
:1048600041F0C00161F3070062F30F2063F31740CA
:1048700010E0C1F3851444F08004B1F5803F0CD200
:10488000C0F3033141F0E00161F3070064F30F204E
:1048900062F3174063F31F6010BDB1F5881F10D29B
:1048A000C1F3824343F0F003C1F3053163F3070022
:1048B00041F0800161F30F2064F3174062F31F6041
:1048C00010BD002010BD00002DE9F04100240F466E
:1048D00006462546DFF8248007E0D8F80010301996
:1048E000884700B9012004446D1CBD4202D2305DEE
:1048F0000028F2D12046BDE8F0810000200200200F
:10490000F8B5074600200D460446064E009004E028
:104910007268694638469047641C0098A842F7D3ED
:104920002046F8BD20020020F8B500240546074EB9
:10493000009404E07268694628469047641C009819
:10494000285C0028F6D12046F8BD00002002002097
:1049500078B500250446009501B969460A68A05C4F
:10496000030601D4054634E006260223B6EB501FA9
:1049700006D1C006400D24E004F03F031D1828E0D6
:104980000E26B6EB101F02D10007000C0FE01E260A
:10499000B6EBD00F1DD1521C0A604007A55CC00ABF
:1049A000B3EB951F13D105F03F0500EB0530521C0A
:1049B0000A60A55CB3EB951F09D105F03F0500EB3C
:1049C0008510521C0A60A45CB3EB941FD4D0002065
:1049D00078BD521C28460A6078BD0000F8B507462D
:1049E00008680025401E0C460D4E086001E0042DAD
:1049F00013D2206831683844884718B9216861B1FA
:104A0000491E21606D1CEDB20028F0D02068009096
:104A10007268694638469047F8BD0020F8BD00002E
:104A2000200200200078010601D4012070470621F1
:104A3000B1EB501F01D1022070470E21B1EB101FC6
:104A400001D1032070471E21B1EBD00F01D104200A
:104A5000704700207047000008B5009313460A46CF
:104A600001460248E2F708F908BD0000F1640008B9
:104A700070B50D460846F9F71FFF0646F9F7DBFE4D
:104A800004463046FBF71DF8014622462846FCF74F
:104A900039FC01212846FCF737FB2846F9F770FA64
:104AA0000446104842F264063146B0F90020204620
:104AB000FCF728FC00212046FCF726FB02231A46BF
:104AC00000212046FCF704FB2846F9F759FA044672
:104AD0000121FCF729FB31462046BDE87040FCF778
:104AE0007BBD0000A0010020DCF76CFDDFF7CCF8F7
:104AF000DEF72EFCDEF7FEFBDEF77CFCDEF712FDB8
:104B0000DEF7C0FCDEF7F2FCDEF798FCDEF7D0FE45
:104B10001748DDF7C9FBDCF7A7F90022012115488A
:104B2000DCF73CFD142214491448DDF714FD144849
:104B30000068016821F008010160002208210120BD
:104B400006F04BFA0F490860012006F03BFA0E49C7
:104B5000002208600821012006F03FFA0B49086096
:104B600000F020FDDEF7E4FB00F02EFDFEE7000084
:104B7000C8030020000402400403002010040020A9
:104B8000A0040020180000201C00002020000020AD
:104B90002DE9F0414FF480740E4607462246F0F7A7
:104BA000A5FA054621463846EFF79EFF002D06D0B0
:104BB000224631463846BDE8F041F0F7A3BABDE8D9
:104BC000F0810000F0B50B30154D20F007010024F6
:104BD000144A0FE003688B420BD38B4205D95E1A4F
:104BE00043184768C3E9006700E04368136002C0E8
:104BF00004E0021D10680028ECD12046002802D1F4
:104C0000286808B10020F0BD064A07481060074A2E
:104C1000121A22F00702C0E9002401202860D7E719
:104C200000030020FC020020D45D0120D05F0120A1
:104C30002DE9FF4F1D468A880B888BB0D21A521C73
:104C400017B2CA8849880446511A491C1C98DDF8D5
:104C500068A00FFA81F9012805D0022805D00328A1
:104C60004DD14F4802E04F4800E04F4880465FEA90
:104C70000A002088ADF804002888ADF8080005D0A7
:104C80009AF80000FD283DD319983EE0DDE90110B7
:104C90004346199A9847009000202DE0002621E015
:104CA000BDF8080035F81610884205D1BDF804009B
:104CB00034F8161088420FD004EB460043460088B3
:104CC000ADF8040005EB4600199A0088ADF808001D
:104CD000DDE901109847009004EB4600BDF8001094
:104CE0000180761CBE42DBDB0D9804EB4004189873
:104CF00005EB40050AF1010082464845CEDB0FB0C6
:104D0000BDE8F08F19994843000A02460090DDE99A
:104D1000011043469847099000203DE000262FE00F
:104D20001AF8060058B3FD2801D3199802E0199922
:104D30004843000ABDF8081035F81620914208D102
:104D4000BDF8041034F81620914202D10099814236
:104D500010D004EB460102460988ADF8041005EBBB
:104D6000460143460988ADF808100090DDE90110BE
:104D70009847099004EB4600BDF824100180761C8A
:104D8000BE42CDDB0D9804EB4004189805EB4005BE
:104D90001B9882440BF1010083464845BEDBAEE719
:104DA0001B8A0008938900089F8A00082DE9FF4F9D
:104DB00006468A8808888BB0101A401C07B2CA8839
:104DC0004888DDE919BA101A401C0FFA80F85FEA2A
:104DD0000A001D46584605D0FD287CD9A7F1040BD2
:104DE000002027E1FD2813D300247F000BE03A4682
:104DF00029463046F8F732F80D98641C06EB400659
:104E0000189805EB40054445F1DB0FB0BDE8F08F85
:104E1000002021E0002415E006EB440A5A46BAF8C7
:104E20000000ADF8180005EB44000088ADF8140050
:104E3000DDE90501F1F7C8F90590BDF81410AAF8ED
:104E40000010641CBC42E7DB0D9806EB4006189886
:104E500005EB400509F1010081464045DADBD4E766
:104E6000D14600241CE000BF99F80020AAB1FF2A17
:104E700006EB44001AD009900088ADF8200005EB3D
:104E800044000088ADF81C00DDE90701F1F79CF94A
:104E90000690BDF818100998018009F10109641CF9
:104EA000BC427CDA5FEA8970DED178E005EB440130
:104EB0000988F1E7D9F80000F0B3401C74D099F8E4
:104EC0000020BAB1FF2A06EB44007AD0099000888E
:104ED000ADF8200000E0B6E005EB44000088ADF836
:104EE0001C00DDE90701F1F76FF90690BDF8181015
:104EF0000998018009F10100059099F80120AAB1F3
:104F0000FF2A06EB440060D009904088ADF82000ED
:104F100005EB44004088ADF81C00DDE90701F1F71E
:104F200053F90690BDF81810099841800598401C67
:104F300005900278BAB100E02EE0FF2A06EB4400AB
:104F400047D009908088ADF8200005EB44008088A8
:104F5000ADF81C00DDE90701F1F736F90690BDF860
:104F600018100998818005984278AAB1FF2A06EBAB
:104F7000440032D00590C088ADF8200005EB440015
:104F8000C088ADF81C00DDE90701F1F71DF90690B6
:104F9000BDF818100598C18009F10409241D5C456D
:104FA00088DB3BE000E00CE005EB440006EB44014D
:104FB00002880A8042884A8082888A80C088C880A5
:104FC000EAE705EB4401098893E705EB44014988CA
:104FD000ABE705EB44018988C4E705EB4401C988C8
:104FE000D9E700BF99F80020AAB1FF2A06EB4400D8
:104FF00025D009900088ADF8200005EB440000881A
:10500000ADF81C00DDE90701F1F7DEF80690BDF808
:1050100018100998018009F10109641CBC42E1DB08
:105020000D981B9906EB400618988A4405EB40053D
:105030000198401C01904045FFF612AFE5E605EBF4
:1050400044010988E6E700202DE000241FE000BFAE
:105050001AF80400D0B1FD2801D35A4602E000FB43
:105060000BF0020A06EB440003900088ADF818002C
:1050700005EB44000088ADF81400DDE90501F1F707
:10508000A3F805900398BDF814100180641CBC427D
:10509000DEDB0D981B9906EB400618988A4405EB59
:1050A000400509F1010081464045CEDBADE6000038
:1050B0002DE9FF4F85B09A460C46DDF850B0E0F779
:1050C000ABFF0390A0882188401A401C06B2E088FC
:1050D0006188401A401C0FFA80F8BBF1000F01D024
:1050E00000204BE000271DE0002515E013980290FA
:1050F0000AEB4500079A0088ADF804006088384440
:1051000000B2009020880599284403B203980068F3
:10511000D0F81CC0E0476D1CB542E7DB12997F1C3C
:105120000AEB410A4745DFDB09B0BDE8F08F0025F7
:105130001BE000BF1BF80500B0B113994843000AFB
:1051400002900AEB4500079A0088ADF804006188D8
:1051500001EB090000B2009020880599284403B2B1
:1051600003980068C769B8476D1CB542E2DB159922
:1051700009F101008B4412990AEB410A814640452E
:10518000D5DBD1E770B515460E460446802805D21A
:10519000E117002004EB9171891006E004F0FEFF96
:1051A000411FCC4084F02001801F3060296070BD19
:1051B000FD2902D2022901D80020704710FB01F01E
:1051C00000EBC01101EBC030C0F3C75070470000C6
:1051D0002DE9F041F4F778FD0746F9F76DFB064637
:1051E000F9F76AFB0546F0F753F9046800213046E9
:1051F000F9F750FAB84244F3074008D1012801D02A
:10520000401E07E00C2060F31744601E1FE00C28CE
:1052100019D0401C60F3174444F30747A1B20C4671
:105220003A462846F0F736F901213046F9F732FAC6
:105230000849224601EB870151F8043CBDE8F041E2
:1052400005A1F7F7CABA012060F31744601C60F3A8
:105250000F04E1E700010020256420257300000011
:1052600070B50546F4F730FD04462846F4F72EFDE8
:1052700005462046F4F7B8FA04462846F0F708F940
:105280000088641C62B262F3174081B22846BDE810
:105290007040F0F7FFB8000002484FF48001416011
:1052A000816070476402002070B50D4600212846D9
:1052B000FBF7A4F800212846FBF726FF0023022273
:1052C00019462846FBF704FF2846EFF7DDFB0646A4
:1052D000002228A1FCF710F942F264013046FBF7E6
:1052E0002FFF3046FCF7EEF93046F9F7A4FA0446F2
:1052F00001463046FCF770F9002307221E4930466C
:10530000F8F77CF904213046F8F7AAFD2846F6F7AD
:10531000A7FB06460321F7F7EDF9002202213046EC
:10532000FCF735F901213046FBF7FEFE2846EFF782
:10533000ABFB0646002211A1FCF7DEF8224611461F
:105340003046FBF7DFFF002307220B493046F8F712
:1053500055F904213046F8F783FD00231C22084943
:105360002846F8F74BF92846BDE8704000221C217A
:10537000F4F7AEBCEF819300D1510208EF819400A5
:1053800029AD02082DE9F0410F460846F9F794FAD5
:10539000044600213846FBF731F800213846FBF778
:1053A000B3FE3846F4F776F9164D06466968F4F709
:1053B000A8FB23461C2214493046F8F71FF90121A7
:1053C0003046FBF7B1FE3846F4F764F90646296823
:1053D000F4F797FB23461C220C493046F8F70EF9E8
:1053E00001213046FBF7A0FE00231C220849384665
:1053F000F8F704F93846BDE8F04100221C21F4F723
:1054000067BC000030010020E5BA020861520208C2
:105410006DAD020870B5094D04466868002808D0D3
:1054200044B12046EBF7ECFDA9682044884200D344
:10543000002070BD0248006870BD00008C00002094
:10544000EC010020002902D00068091D425070477D
:10545000002901D000684250704700002DE9F0415A
:10546000044600222121F4F733FC00287ED0608C12
:1054700040F48050608401E0FFF7F0FF00212046F7
:10548000F9F708F90028F7D12046F9F7CFF90646D1
:105490000020F5F7BDFF054600271CE0A86AA042E2
:1054A00002D0E86AA04203D121462846F6F758F810
:1054B000686BA04200D16F63686DB04207D1F5F709
:1054C000B1FFA04203D121462846F6F749F8284605
:1054D000F5F79EFF0546002DE0D12046E0F7A6FB3C
:1054E000606804260028204602D0F9F7AAF92AE0CD
:1054F000F9F76EF905460020EA68696A05E000BF21
:1055000052F82030A3420AD0401C8142F8D806E06D
:10551000E96806EB80028A5841F82020401C696A3D
:10552000491E8142F4D8686A401E81006862E868BA
:10553000F7F77CFCE8601DE0096806EB80028A58FA
:1055400041F82020401C616889684A68521E8242E6
:10555000F2D8606880684068401E486061688200D8
:10556000896808681146F7F761FC00E007E06168A8
:10557000896808602046BDE8F041F7F733BCBDE814
:10558000F081C9B20022FBF7F8BF10B5EFF3058137
:1055900011B16FF0050403E0002408B105F04EFAE4
:1055A000204610BDEFF3058010B16FF00500704785
:1055B0000448016811B14FF0FF30704701210160CC
:1055C00000207047C802002010B5EFF3058010B12D
:1055D0006FF0050010BD08480168012902D04FF0A6
:1055E000FF3010BD054A002182F8141D0221016020
:1055F00005F01CFB002010BDC80200200BE000E0FD
:105600002DE9FF414FEA01034FF00005EFF305815B
:10561000039549BB40B38027182100244AB316687C
:1056200006B1344696691EB13146761E382E02D236
:105630001679F60703D0002004B0BDE8F081566962
:1056400006B1B708D2F808C0BCF1000F0DD0D5687C
:105650005C2D18D312693AB136B18DE806103A467E
:10566000214606F022F803900DE0D6685EB9126973
:105670004AB903AACDE90012BAB2214605F0E8FF03
:10568000012800D003950398D6E700002DE9F843E0
:105690000020F8F775FC8146C148F0F767FC014629
:1056A00000224846FBF71CFF10214846F8F7D8FBBC
:1056B00000214846FBF712FE4846F6F7D1F90446AA
:1056C000B8A1F7F753F80523002202212046F8F786
:1056D00083F8002211461046F0F7C7FC0090BDF891
:1056E000001000222046FBF757FF0022B249204657
:1056F000FBF75EFF4846F8F743FC05465A22822135
:10570000FBF700FE0A236FF00E0207212846F8F788
:1057100063F8AA4F3846F0F729FC014600222846D4
:10572000FBF7DEFE002211462846FBF7EAFE0022C8
:1057300008212846FBF726FF2846F6F791F904468C
:105740009FA1F7F713F80523002202212046F8F75E
:1057500043F89D4E3046F0F709FC014600222046F2
:10576000FBF71AFF002294492046FBF721FF284649
:10577000F6F776F9954C96A1A060F6F7F7FF1E2391
:1057800000220221A068F8F727F8F0F701FE014691
:105790000022A068FBF700FF00228749A068FBF702
:1057A00007FF2846EEF7E8FF08226421A061FBF717
:1057B000A9FD00231A460521A069F8F70DF83C223F
:1057C0006FF00901A069EFF77BF801220021A069C1
:1057D000EFF7C5F83046F0F7C9FB01464FF4003645
:1057E0003246A069FBF77CFE4846F8F7C9FB8046C5
:1057F0005A228221FBF786FD0A230F220821404608
:10580000F7F7EAFF3846F0F7B1FB014600224046C1
:10581000FBF766FE002211464046FBF772FE0022AF
:1058200008214046FBF7AEFE4046F6F719F905465B
:1058300069A1F6F79BFF0523002202212846F7F70E
:10584000CBFF674F3846F0F791FB01460022284610
:10585000FBF7A2FE002258492846FBF7A9FE404666
:10586000F6F7FEF85FA1E060F6F780FF1E23002246
:105870000221E068F7F7B0FFF0F78AFD0146002249
:10588000E068FBF789FE00224B49E068FBF790FED9
:105890004046EEF771FF08226421E061FBF732FD1C
:1058A00000231A460521E069F7F796FF64220021DC
:1058B000E069EFF705F801220021E069EFF74FF802
:1058C0003846F0F753FB01463246E069FBF708FE25
:1058D0004846F8F755FB05464846FAF7F2F8014600
:1058E0002846FBF779FE28212846FBF729FC0023F0
:1058F0001A4605212846F7F76FFF3C48F0F736FBBC
:10590000014600222846FBF7EBFD002211462846FF
:10591000FBF738FE002211462846FBF7F2FD102166
:105920002846F8F79DFA00212846FBF7D7FC2846C1
:10593000F6F796F82EA12061F6F718FF002308224B
:1059400007212069F7F748FF2E48F0F70FFB0146C3
:1059500000222069FBF720FE002217492069FBF78F
:1059600027FE2846F6F77CF827A16061F6F7FEFED1
:1059700000236FF0070208216069F7F72DFF264822
:10598000F0F7F4FA014600226069FBF705FE0022F9
:1059900009496069FBF70CFE4846BDE8F883000042
:1059A000FAF9F800E8BEB9E7BC98E7BD91E585B320
:1059B000E79B91E68EA70000DCD502083E21160089
:1059C000E6B8A9E5BAA600006B6BFF002400002032
:1059D0002D2D2E2D43000000E6B9BFE5BAA600002C
:1059E000C4CD4E002D2D2E2D2500000060340F005B
:1059F000E2978F20E7AD89E5BE85E8BF9EE68EA5DC
:105A00002E2E2E00A0A0A000E8BF90E8A18C203090
:105A1000303A30303A3030008080800010B5224C6F
:105A20002DED028BF0EE408A94ED000AB0EE608A14
:105A3000F4EE408AF1EE10FA06D194ED010AB4EECC
:105A4000408AF1EE10FA2BD018EE900ADAF7A0FE99
:105A500041EC100B15A153EC102BA068F6F7BDFE1E
:105A600018EE100ADAF794FE41EC100B11A153EC7A
:105A7000102BE068F6F7B1FEBDEEE80A0122A0693E
:105A800010EE101AEEF76BFFBDEEC80A0122E069B6
:105A900010EE101AEEF763FFC4ED008A84ED018A60
:105AA000BDEC028B10BD000024000020252E3166C5
:105AB00043000000252E31662525000010B50C4C52
:105AC00001462069002812D021B10AA1F6F74EFE46
:105AD0000A4803E00AA1F6F749FE0B48F0F746FA38
:105AE00001462069BDE810400022FBF755BD10BDFE
:105AF00024000020E59CA8E7BABF0000C4CD4E00FA
:105B0000E7A6BBE7BABF00006B6BFF0038B50C49D6
:105B10004C69002C13D04FF46161B0FBF1F3B0FB82
:105B2000F1F201FB13033C21B0FBF1F5B3FBF1F300
:105B300001FB1500009003A12046F6F74EFE38BD8C
:105B400024000020E8BF90E8A18C20253032643A80
:105B5000253032643A253032640000002DE9F843E4
:105B60001F4615468846DBF71FFD0646002417E052
:105B7000DBF71AFD801BB84209D94FF0FF30BDE8B2
:105B8000F88300BF9DF8001008F80410641C6846F4
:105B9000DDF7B6FD08B1AC42F4DB012004F04EFFA6
:105BA000AC42E5DB2046EAE7F0B50027DDE9054534
:105BB0008E1A012B05DC03280CD004280AD00528F6
:105BC00008D0891A09B206282AD2DFE800F0290A8B
:105BD0000320140E2F80208806EBD67100EB6100A5
:105BE0001CE02F802088304418E05B1E18B291FB27
:105BF000F0F02880F0BD91FBF3F02988084400B252
:105C00002880218800EBD07001EB600006E05B1C6F
:105C100018B291FBF0F02880218808442080F0BD64
:105C20002F80F0BD2DE9F05F05460C46501E53B1A4
:105C30002188A1EB620121800844A080E88A60806D
:105C4000688BE08009E06188A1EB62016180084413
:105C5000E080A88A2080288BA0804FF4403631460F
:105C60002846F9F795FC814631462846F9F7DEFCCF
:105C7000824631462846F9F739FD804631462846A6
:105C8000F9F720FC834631462846F9F731FE0746EE
:105C900031462846F9F720FE0146208809EB070225
:105CA000801A2080A0880AEB07021044A080608838
:105CB00008EB0102801A6080E08859440844E080C3
:105CC000BDE8F09F70B50446EBF74AFC05001DD017
:105CD000F8F7B1FD06462046F8F740FD864215DD8F
:105CE00000212846F9F7A7FD068900212846F9F783
:105CF000C9FDE18E3044414309B20022606AFBF7DE
:105D0000A7F9606ABDE87040FAF712BA70BD0000EA
:105D10002DE9F041134C0F460546E6682068001D4A
:105D200004F059FD681C07D137B12168BDE8F04186
:105D30000D48091D04F09EBD20683544B5424560FC
:105D4000216805D2A06BBDE8F041091D04F07ABDC1
:105D5000606B091D04F076FDA06A854200D2A56241
:105D6000BDE8F08178020020EC1901202DE9F04116
:105D7000054604F08BFD2D4CA068401CA0602068F7
:105D80002B4F10B1606930B32BE02560A06801286B
:105D900027D1002606EB860007EB800004F044FDC7
:105DA000761C382EF6D3234804F03EFD21481430EB
:105DB00004F03AFD1F48283004F036FD1D483C3001
:105DC00004F032FD1B48503004F02EFD194860638A
:105DD0001430A06305E02068E96AC06A884200D8F0
:105DE0002560606A401C60626864E86A21698842D4
:105DF00000D9206100EB800007EB8000291D04F032
:105E000039FD04F063FD606900280CD02068E96A60
:105E1000C06A884207D208494FF080500860BFF33B
:105E20004F8FBFF36F8FBDE8F08100007802002034
:105E30003C1501209C19012004ED00E038B504F068
:105E400025FD104C2068C8B90F4804F0EDFC0E4841
:105E5000143004F0E9FC0C48E060143020610A4B77
:105E60000020F03B009003F1500210210A2005F0C1
:105E7000D5F8206010B105A104F0AAFDBDE83840B6
:105E800004F024BDB4020020F01A0120546D7251B8
:105E90000000000030B4026C0B46002A0BD0C16831
:105EA0001144C1608468A14201D30168C16030BC63
:105EB0001846DAF720BA30BC70472DE9F041856BFF
:105EC000174604460026026C82B1C7B1E068DAF7D3
:105ED00012FAE168206C091AE1602268914202D24C
:105EE000A168081AE060022F16D017E02068A8B950
:105EF000A06805F07DFC06460020A0600EE060680A
:105F0000DAF7F9F9216C606808446060A16888429A
:105F100004D32068606001E005B16D1E6D1CA563AF
:105F20003046BDE8F08110B5044690F8590058B1EC
:105F300001280CD002280FD0502080F31188BFF325
:105F40004F8FBFF36F8FFEE7206B04F0D3FC20462A
:105F5000BDE8104004F0CEBC10BD000010484FF466
:105F60007051420706D0C01D0D4920F00700411AAC
:105F7000C1F570510B4A00230144C2E900030839FE
:105F8000183A21F0070111604B600B600B1AC0E951
:105F9000001393604FF00040536050617047000061
:105FA000D0210120E4020020144E154CA6F29C479B
:105FB0004FF08058DFF84C9012E000BF04F066FC10
:105FC000F068C568281D04F006FCA068401EA060AB
:105FD0006068401E606004F079FC2846FFF7A3FF6C
:105FE00060680028EAD138680128F9D9C9F800802A
:105FF000BFF34F8FBFF36F8FF2E70000D819012076
:106000007802002004ED00E0002807D00021816024
:1060100001600B460A46C16005F078B87047000081
:1060200070B51D46049C51B1C4F80020C4E90F01AD
:106030000121204605F026F884F84C5070BD2460FC
:10604000F4E700002DE9F05F8846DDE90B94154682
:10605000834691009A460A9EA522206BDAF76BF9D7
:106060006FF00301206B01EB8501084420F0070766
:10607000780707D0502080F31188BFF34F8FBFF30C
:106080006F8FFEE70025B8F1000F0FD05FF0000022
:10609000221818F8001082F8341018F8001011B106
:1060A000401C1028F4D384F8435001E084F83450A5
:1060B000382E00D33726E662C4E91365201D04F0AC
:1060C000BEFB04F1180004F0BAFB2461C6F13800ED
:1060D0006462A061656584F8585052465946384656
:1060E00000F0A6FA2060B9F1000F01D0C9F8004015
:1060F000BDE8F09F30B5114900E011460A688242C0
:10610000FBD34B685C18844203D140681844486054
:10611000084643681C18944209D1084C183C24686E
:10612000A24209D052681A4442600A6812680260AA
:10613000814200D0086030BD0460F9E7E40200202D
:1061400070B5002441600B4D0061914206D8D11A10
:106150008269914206D2011D286907E09A4203D262
:10616000994201D3012403E0011DE86804F06AFBB1
:10617000204670BDB402002010B5044604F086FB32
:10618000A06B28B15FF0000404F0A0FB204610BD16
:106190000124F9E730B589B03C4D6EE00498002841
:1061A00006DADDE90601059A90470498002864DBC9
:1061B000069C606910B1201D04F00DFB03A800F0DF
:1061C000D7F8024604980A2857D2DFE800F0050500
:1061D000052D334A05052D3394F8280040F00100C1
:1061E00084F828000599A069059B01442046FFF723
:1061F000A7FF68B3216A2046884794F82800400723
:106200003BD5002000900598A1690023421819464B
:10621000204605F033FCD8B9502080F31188BFF335
:106220004F8FBFF36F8FFEE714F8280F20F00100A7
:10623000207022E094F8280040F0010084F8280043
:106240000598A06128B1811813462046FFF778FF12
:1062500013E0502080F31188BFF34F8FBFF36F8F8F
:10626000FEE794F82800810703D4204604F042FB9F
:1062700003E020F0010084F82800002204A9286827
:1062800005F054F8002889D109B030BDB4020020CF
:106290002DE9FC410F46054604F00CFD01A800F075
:1062A00067F80446019818B105F056FBBDE8FC817B
:1062B000254EAFB130690068D0B30027291B3A469C
:1062C000306804F099FB05F047FB0028EED11F4928
:1062D0004FF080500860BFF34F8FBFF36F8FE5E73B
:1062E000A542EBD805F038FBF0682746C068C468C3
:1062F000201D04F070FA94F82800410719D5A06910
:106300002B4641193A462046FFF71AFFA8B1002054
:106310000346014600902A46204605F0AFFB60B9CF
:10632000502080F31188BFF34F8FBFF36F8FFEE7CC
:1063300007E020F0010084F82800216A2046884701
:10634000B4E70127BAE70000B402002004ED00E042
:106350000648416B096829B1416BC968C968496839
:10636000816270474FF0FF31FAE7000078020020A9
:1063700070B5054605F0D2F9064E0446B068844271
:1063800003D200F009F8012000E000202860204638
:10639000B46070BDB4020020F8B5194D20E0C068AB
:1063A000C4680668201D04F016FA216A2046884752
:1063B00094F82800400713D5A0693044B04206D9AC
:1063C00024616060211DE86804F03CFA08E00020C8
:1063D0000346014600903246204605F04FFB38B197
:1063E000E86801680029DAD12969C5E90310F8BD18
:1063F000502080F31188BFF34F8FBFF36F8FFEE7FC
:10640000B402002008484068401C4FF0500080F360
:10641000118804D0BFF34F8FBFF36F8FFEE7BFF338
:106420004F8FBFF36F8FFEE7EC020020074CE06850
:10643000016841B1C0680021D0F80000FFF728FFD3
:10644000FFF7A8FEF3E701210020F7E7B4020020E0
:106450002DE9F041044604F019FA94F9455004F18D
:10646000240609E0606A48B1304605F03DFA08B1FB
:1064700004F05AFB6D1E6DB2002DF3DC4FF0FF36B9
:1064800084F8456004F022FA04F000FA94F94450CC
:1064900004F1100709E0206948B1384605F024FAF4
:1064A00008B104F041FB6D1E6DB2002DF3DC84F8E1
:1064B0004460BDE8F04104F009BA00002DE9F04164
:1064C0000546002704F0F6FB324E306808B9FFF7A6
:1064D00045FD706905424ED1C5B3083568070ED039
:1064E00005F00700C0F108000544680707D05020F8
:1064F00080F31188BFF34F8FBFF36F8FFEE72DB38B
:106500007068854237D82348183001460C6801E08E
:1065100020460C466168A94202D221680029F7D1C1
:1065200031688C4227D007682168016060680837AD
:10653000411B10290FD96019420708D0502080F361
:106540001188BFF34F8FBFF36F8FFEE713E04160F9
:106550006560FFF7CFFD61687068401A7060B268CF
:10656000904200D2B060706901430020C4E900018C
:10657000F068401CF06005F0EFF9780707D0502074
:1065800080F31188BFF34F8FBFF36F8FFEE738465C
:10659000BDE8F081CC0200200449086818B1086801
:1065A000026D521C026508687047000078020020E6
:1065B0002DE9F047064690F8600040072FD5706A35
:1065C000F5F7E9FC174909688847040027D03046E9
:1065D000FDF7B6FB8146D9F7D2FE074604FB07F06C
:1065E000401CF6F7A1FB8046002506E005FB07806E
:1065F0003A464946F6F732FC6D1CA542F6D37D4378
:10660000002108F805104146706AF6F7AFF84046D9
:10661000F6F7D6FB3046BDE8F04700F093B9BDE889
:10662000F08700003802002070470068FFF7C0BF05
:1066300010B5031F4FF080741C601B1F21F0010177
:106640001960191F044B0B6014390A60091F6FF0A1
:10665000020244380A6010BD056402082DE9F04FBB
:10666000544E054689B070680168CC6BC96889686A
:106670002160016809698A0701D4C90723D0F0F7AE
:1066800089FA401E07B27068F0F73EFA401E03B266
:106690000022114601A80097EDF7D3FF01A9616020
:1066A00070680068027CC068920705D5826942F074
:1066B00002028261A16076E08169826961F3410230
:1066C0008261A5606FE0A9882A88891A491C0FFA9F
:1066D00081F9E9886A88891A491C0FFA81F8F0F76C
:1066E00059FA0146B5F90600814203DC7068F0F7FB
:1066F00051FA401E07B242464946B2467068EAF770
:10670000A1FF81460026B5F902000DF10C0B28E02F
:106710002A88ADF80C20AA88ADF81020ADF80E003C
:10672000ADF81210C4F804B0C4F808B0DAF80400E8
:106730000168C96889682160BDF91210B94201DD9C
:10674000ADF81270BDF91260B74205D10068C0689B
:10675000816941F002018161204600F02DF80FFAB5
:1067600088F000EB0908A8F10101B942D0DDB74279
:106770001CD02988ADF80C10A988ADF81010ADF820
:106780000E00ADF81270C4F804B0C4F808B0DAF81E
:1067900004000168C968896821600068C06881696F
:1067A00041F002018161204600F006F809B0BDE821
:1067B000F08F0000840000202DE9F041604C074676
:1067C00094B06068F0F79CF9F968054609B138465D
:1067D0008847606800680188408811FB00F0E9681C
:1067E000884201D1012000E00020296859B1696880
:1067F00031B128B907E060680068816A01B1884753
:1068000028690028F7D100256068F0F7ADF97A68AB
:1068100001461046FBF7C6F806466068416919B1A3
:106820007868FBF7BFF8054656EA050052D1606864
:10683000F0F7B0F9401E0FFA80F86068F0F764F9DD
:10684000401E03B20022114611A8CDF80080EDF7DA
:10685000F8FE386BB0B103A8F1F790FC606811AA9C
:10686000C16A079190F829108DF82610418DADF876
:10687000101090F829008DF80F003B6B03A93846E3
:10688000984727E06068C16AA1B108466946F4F7F5
:10689000FBFA01281ED103A8F0F7E6FB606811AAF5
:1068A00090F829108DF81710C36A03A93846F0F73D
:1068B000A7FB0FE003A8F1F761FC6068418DADF81C
:1068C000101090F829008DF80F0003A938467A6857
:1068D000F1F740FC606890F82810C9070CD006B9A1
:1068E00006693846314600F0DDFA6068406990B1CB
:1068F00005B9054629460BE0406928B105B90546AA
:106900002946384600F0CEFA0EB96068066931466D
:10691000384600F0C7FA6068F0F714F901463846C7
:1069200000F0C0FA6068F0F705F90146384600F05B
:10693000B9FA606814B0BDE8F041E3F715BB000098
:10694000840000202DE9F04F89B004460021F8F7BB
:106950007EFF059000212046F8F7ACFF0790606CA1
:106960000690606AF5F717FB724A8246069912682C
:106970009047DFF8C4B106460AEB0600DBF80020BA
:10698000814600219047054605982F46B0F90880BA
:106990003846ECF704FB00B1202700223946059861
:1069A000F3F7AAFA07B202AA606A0699F5F708FA9D
:1069B000606AF5F7F0FA02460021606AF7F788F995
:1069C000616ABDF90820B1F91430B1F918101A4400
:1069D0003A448A4227DD94F86010090723D403283B
:1069E00021D00020ADF808000798BDF80A204044E7
:1069F0001044ADF80A005DB150494846096888471F
:106A00000644DBF800200AEB06000021904705460B
:106A10002846ECF7C4FA00B1202500222946059843
:106A2000F3F76AFA07B24FF4E02B20465946266581
:106A3000F8F782FC054659462046F8F769FE00EB58
:106A4000050A204611225946F8F768FE00EB0509B1
:106A500059462046F8F7AEFD4619204613225946FE
:106A6000F8F75CFEBDF808302844991BBDF80A20F1
:106A7000ADF80C1018447F1EA2EB0A013844ADF8A3
:106A80000E10ADF8100002EB0901A8F10100084456
:106A9000ADF8120004F148010D466846EDF770FDAF
:106AA000606ABDF80010828A1144ADF80010BDF88C
:106AB0000210C08A0844ADF80200606ABDF80410F4
:106AC000808A0844ADF80400606ABDF80610C08AE8
:106AD0000844ADF8060069462046F9F74CFB03A9C7
:106AE0002846EDF74DFD29466846EDF749FD606AF9
:106AF000BDF80010828A1144ADF80010BDF80210F4
:106B0000C08A0844ADF80200606ABDF80410808AAB
:106B10000844ADF80400606ABDF80610C08A084455
:106B2000ADF8060069462046F9F725FB09B0BDE837
:106B3000F08F000028020020240200202002002004
:106B40002DE9F0412B4C002020606068B0F85051D6
:106B5000002D4DD0002703E0411991F83011D1B13B
:106B60006D1EF9D50068416B01B188476068016806
:106B7000C9688A6922F001028A610168C9688A6964
:106B800022F002028A6190F82810002641F00401E8
:106B900080F8281022E02F46E4E7811991F830119F
:106BA000D9B9BE4205D10168C9688A6942F00102BB
:106BB0008A610168C9688A6922F002028A6100EB71
:106BC000C6003030FFF74AFD606800EBC600303089
:106BD000EDF7F1FC216808442060761C6068B0F88D
:106BE0005011B142D9DC10F8281F21F004010170C6
:106BF000BDE8F081840000202DE9F0410446ECF767
:106C0000FAF82046F8F75DFF054600212046F8F720
:106C10001EFB281A00EBD07040F34F0694F83C009E
:106C200000F003016420012903D0022904D0A08CC4
:106C30000BE094F8261001E094F827104FF4B4729A
:106C400011FB02F1B1FBF0F080B200B20746FDF794
:106C50009BFC10FB06F0C11321853846FDF78BFC29
:106C600010FB06F0228D05EBD571C01302EB61021B
:106C7000228500EB610060852046BDE8F041ECF71D
:106C8000BAB800002DE9F04F0C4682468BB00121C6
:106C90002046F8F75FFF00287ED12046DEF7DAFFB6
:106CA000050027D0204600216122F8F737FD00F0CB
:106CB000FF09B9F1020F6FD36B462A4621465046B1
:106CC000ECF7D7FB012867D10127002204F114015A
:106CD0006846DEF750F9A8B100208DF82000CDF805
:106CE00024D008AA12212046F2F7F2FF9DF82000D6
:106CF00038B107E00BB021465046BDE8F04FF9F738
:106D000008BC0027012D01D147F002073A46694629
:106D10005046F0F793FC05003ED0204600216F223C
:106D2000F8F7FCFC00B260F30F0680462046002115
:106D30007022F8F7F3FC01B2C8F34130642261F32A
:106D40001F464FF4FA634FF47A7B012817D128F4D9
:106D5000C040984213DCB4F818C0B4F81480584509
:106D6000ACEB080C0CF1010C0FFA8CFC01DDC0F54A
:106D70007A700CFB00FC9CFBF2F060F30F06C1F391
:106D80004130012813D121F4C04098420FDC618BBF
:106D9000E38AC91A491C00E07EE009B2584501DDCA
:106DA000C0F57A70414391FBF2F060F31F4602A8F0
:106DB000F0F75AF98DF81390204600216E22F8F76B
:106DC000ADFC00B2ADF80800B0F5616F02DDA0F5D2
:106DD000616003E0002803DA00F56160ADF80800A7
:106DE000204600216D22F8F799FCADF80A002046F4
:106DF00000216822F8F792FC8DF8140028484068BA
:106E00000068007CC0F3C0008DF81C00B8070ED5E8
:106E1000D5E90001C5E902016889698A0844401E74
:106E200001B2E981B5F90600814200DDE881B5F9DA
:106E30000A00BDF9061088422ADCB80705D53B4692
:106E40002A4651462046ECF7E1FA21465046F9F72A
:106E500060FBA08A02AA8119DAF804000088081AE7
:106E6000ADF80C00E08A00EB2641DAF80400408817
:106E7000081AADF80E0029465046F0F7DAFBB807BD
:106E800006D5E889401C6881698A0844401ECDE720
:106E900029465046F0F703FC0BB0BDE8F08F000028
:106EA000840000202DE9F0470C00814605D11B48E5
:106EB0004068EFF759FE04002AD021464846FFF704
:106EC000E1FE1FE00027F7F7F7FB0646002508E084
:106ED000A068006850F82510E7B14846FFF7D2FED9
:106EE0006D1CB542F4D34A4617212046F2F7F0FE56
:106EF0004A4618212046F2F7EBFE4A461921204661
:106F0000F2F7E6FEA0464046F7F7D6FC0400D9D1DA
:106F1000BDE8F0874145E3D10127E1E78400002087
:106F20002DE9F04792B088460646EAF720FB0500B7
:106F30006BD0F5F730F8024600212846F6F7C8FE78
:106F4000012838D0022802D0032819D10CE030469D
:106F5000F7F71EFC04462846F8F7B3FD201A00EBAD
:106F6000D07040F34F0108E03046F7F711FC0446BB
:106F70002846F8F7A6FD201A01B22846FAF742FB88
:106F800000213046F8F75DFC044600213046F8F752
:106F900085FC8246B4F908703046F7F7DFFB81467E
:106FA000304600216522F8F7B9FB84B2B8F1000F32
:106FB00003D014B104E00021DFE73046EBF746FDD3
:106FC000F18C07EB0A00484309EBD971491007EB34
:106FD000D772A1EB6201081A06B2B8F1000F17D000
:106FE000B4B16846ECF7EEFC0F48CDE900502846F6
:106FF000F8F789FD0B940890CDE909060B4803903A
:107000000B4807906846ECF751FD12B0BDE8F087D9
:1070100005492846ECF78EFC12B031462846BDE8FB
:10702000F047FAF705BB0000477A0208917502089D
:107030002B3A01082DE9F04F0C464FF4A02689B0F9
:1070400005463146F8F7B0FA079031462846F8F77A
:10705000F9FA834631462846F8F754FB8246314612
:107060002846F8F73BFA814631462846F8F7FEFBFA
:10707000069031462846F8F717FC804631462846E8
:10708000F8F7E2FB059031462846F8F79DF90746E8
:1070900031462846F8F792F906461CE0079BCDF8E2
:1070A00008B0CDE90083CDE903A9DDE90523A1B24C
:1070B0002846EAF76DFCB04201DA014600E03146AD
:1070C000B94201DA384602E0B04200DB3046E96AF4
:1070D00021F81400641CE88CA042DFD82846F9F798
:1070E000EBFC09B02846BDE8F04FF9F721B80000E5
:1070F0002DE9F04F464C8DB0606801680A7CD207DC
:107100007ED0C968496800297FD000F5AC70DEF7F1
:1071100050FD002879D160680168CA6893680C93B3
:1071200011688B4200D151688946EFF7EDFC0B9056
:10713000202103A8D9F706F90025A0463CE0411913
:1071400091F83011B9BB00F5AC70DEF7A0FC064633
:10715000A0462EE0D8F804003146444600F5AC7055
:10716000DEF7A7FC83466068314600EBC50203A842
:107170003032DDF72FFE0746401C19D000240DF1F8
:107180000C0A09E0DEF7C6FC0AEBC401641C0A68BD
:1071900002604968416064B2D8F80400BC423146DC
:1071A00000F5AC70EEDBDEF70DFD3046F5F71AFEAC
:1071B0005E46002ECED16D1CD8F804004446B0F8CF
:1071C0005011A942BBD8254600F5AC70DEF75FFC34
:1071D00012E00B98CDF80090CDE901046868DDE974
:1071E0000B2100682346C06B866BB0476868214658
:1071F00000F5AC70DEF75DFC0400EAD1686800E0E1
:1072000003E000F5AC70DEF72CFC0DB0BDE8F08FAC
:10721000840000202DE9F0410746F7F74DFA0546B6
:10722000002412E0B868006850F824603046F8F78F
:107230007FFF00222A213046F2F74AFD3046F8F758
:1072400077FF3046FFF7E6FF641CAC42EAD3BDE8A7
:10725000F08100002DE9FE4F0446EAF788F90600A8
:1072600009D0F4F7CFF88046F4F70DF9042805D0DB
:10727000022803D012E00120BDE8FE8FE28C2146F7
:10728000228504280AD10846F7F7D0FA0546F3F715
:10729000ADF918B100212846F3F729FA4046F4F772
:1072A000F2F8012804D04046F4F7EDF8032863D142
:1072B000A06A800331D4002569464046F4F7B8F847
:1072C000BDF80200F18A401AADF80200BDF80000D6
:1072D000B18A401AADF8000069463046F4F772FCF6
:1072E00007463046F4F757FE8246002080460646A1
:1072F000DFF8949001900DE0D9F8002001A95046E4
:1073000090470A2803D1B84501D06D1C2DB2DDF895
:107310000480761CBE42EFD327E000212046F8F718
:1073200090FA054600212046F8F7B8FA2989B4F901
:107330001A200844B4F9161007B2501A00EBD070A6
:1073400001EB600005B20C214046F4F75AF9F18ACE
:10735000084400B2281A90FBF7F0002800DA002059
:10736000A18C814200DC481E05B2002D04DBA9B2CD
:1073700001222046FAF749FDE08C029002AA1C2166
:107380002046F2F7A5FC77E72402002070B5D1E98A
:107390000245D5B1D4B1E560AC6000EBC21505EB98
:1073A0008305EE6B8E420FD1EC6384420CD100EB6F
:1073B000820501216C6901FA03F39C436C6103D1DE
:1073C000036991408B43036170BDFEE7FEE72DE941
:1073D000F0410C46498C06460020C1F305110EE031
:1073E00026B1E26852F83020B24207D14FF6FF7260
:1073F0004FF470212046F9F777FB02E0401C8142F0
:10740000EED82046F7F758F90746002507E0A068B0
:10741000006850F825103046FFF7D9FF6D1CBD42BB
:10742000F5D3BDE8F0812DE9FF5F9846DDE90E5404
:10743000DDE911A6DDE9149BDEF7EEFD00683146BB
:10744000876B4846F5F70AFE0020034630E01099A6
:107450000AFB00F2414305EB212104EB2222091231
:107460004FEA222209D4DDF804C0614505DA002A7A
:1074700003DBDDF808C0624502DB09F800300AE0F2
:1074800002FB0811DDF800C0139A0CEB410102EB7E
:10749000400209881180BBF1060F07D11399BAB2D7
:1074A00031F81010914201D109F80030401C00B2AF
:1074B000B042CCDBBDE8FF9F70B505460068F7F72A
:1074C00087F90446006900222721F2F701FC002217
:1074D00028216069F2F7FCFB606928B194F8281054
:1074E000890701D5F6F758FD0020606114F8281FC0
:1074F000002221F0010104F818196021A060286819
:10750000F9F79AFB2068BDE87040F8F711BE70B536
:1075100004460068F7F75CF90546FAF7A4FC6861D1
:1075200023682B61BDE87040002226211846F2F73F
:10753000CFBB70B50546F7F74BF9040022D026699A
:107540005EB1002225213046F2F7C2FB206920B14E
:10755000002226212846F2F7BBFB00202561A0610E
:107560005DB1002227212846F2F7B2FB206920B145
:10757000002228213046F2F7ABFB2846BDE87040D8
:10758000F8F7D6BD70BD002200680A21F2F7A0BB53
:1075900010B50068F7F790F9BDE81040EBF756BA60
:1075A0002DE9FF4F85B090460C460846F7F784F961
:1075B00006461021F8F7CEFA00286FD03046F7F7CC
:1075C000D9F9834600253046F7F7C1FA1434CDE9DE
:1075D000024000B9059C00213046F7F795FE82462F
:1075E00000213046F8F752F8504407B200213046E7
:1075F000F7F73EFF504400B20190F08A61883844AA
:10760000421AB8F80210501A0FFA80F9728B0198DA
:10761000101AE288801A081A00B200903046F7F774
:107620000AF9C11B0198081A00B20490B9F1000FC1
:107630000CDB0098002814DAB9F1000006DD0546DD
:107640003046F7F78BFA401B0AD40AE0009800286E
:1076500007DD404205B23046F7F73AF9E84200D577
:1076600000250398012804D0022807D003280DD153
:1076700015E0F08A61883844294421E0718B019833
:10768000091AE0882844081A284405B20024304624
:10769000F7F756FA0090A8B1029F14E0BDE00498F5
:1076A000F18A00EBD07007EB60000844E288618843
:1076B000521A521C12B202EBD27205EB6202114452
:1076C000401AE1E7059F00213046F7F737FF5044A5
:1076D0000FFA80F900213046F7F77EFF5044B18A57
:1076E0000FFA80FA01EB09003988338B421AB8F897
:1076F0000010501AA3EB0A02BB8800B2D21A891AF2
:1077000009B200280ADB002912DA002806DD044647
:107710003046F7F757F9001B09D409E0002907DDC7
:10772000484204B23046F7F7ADF9E04200D50024F4
:107730003046F8F7C6F9A0EB0901A1EB0A00009961
:1077400000B2012904D0022907D003290DD122E07B
:10775000B18A01EB0900398803E0318BA1EB0A0003
:10776000B9882144401A204404B22D493046ECF730
:10777000E1F807462B493046ECF7DCF8384306D0F1
:1077800000220A213046F2F7A3FA012845D15FEA28
:10779000CB7011D013E000EBD072B18A09EB62001C
:1077A0000844B9883A88891A491C09B201EBD17199
:1077B00004EB61011144D5E7002C00DA00245FEAF4
:1077C0008B7002D4002C00DD00245FEA4B7002D4E1
:1077D000002D00DA00255FEA0B7002D4002D00DDD9
:1077E00000250898B8F90010002800D02046084469
:1077F000A8F80000B8F9021002D14FF0000000E034
:1078000028460844A8F80200089B09B02A462146E9
:107810003046BDE8F04FF9F7D9BA09B0BDE8F08FAE
:1078200017790208FF78020830B5AAB1B0F91A300A
:10783000B2F900401D19B0F93640A54201DAE31A49
:107840001380B0F91A40B2F90030E518B0F93A30B7
:107850009D4201DD1B1B1380002915D0B0F91830A3
:10786000B1F900209C18B0F93420944201DAD21A00
:107870000A80B0F91820B1F90030B0F9380013448B
:10788000834201DD801A088030BD1CB50446828E1B
:10789000C18E6B46E9F7BDFBBDF90000002801DA97
:1078A00040420CE02046F8F70CF9BDF9041088427C
:1078B0000BDA2046F8F705F9BDF80410401A01B2BA
:1078C000012300222046F9F711FBBDF90200002830
:1078D00001DA40420CE02046F6F7ADFFBDF9061094
:1078E00088420BDA2046F6F7A6FFBDF80610401ACC
:1078F00002B2012300212046F9F7F8FA1CBD10B5A9
:107900000346F7F732F9084401B2BDE810400022FF
:107910001846DEF7A5B910B50346F7F72DF9084468
:1079200002B2BDE8104000211846DEF799B9F8B55B
:1079300005460C460846F0F721FC4FF480363146E8
:107940002846F7F7C7FCE070022808D928463146D8
:107950002022F7F7E3FE0090BDF80000A080284643
:1079600031463122F7F7DAFEC0B2002784F8220050
:10797000022814D9284631463222F7F7CFFE00B24A
:107980002084002809DD284631463022F7F7C6FE5C
:107990000090BDF80000E08301E084F822702846E2
:1079A00031464522F7F7BAFEC0B284F83600022805
:1079B0001AD9284631464022F7F7B0FE00B2E085DA
:1079C00000280FDD284643223146F7F7A7FEA086A0
:1079D000284644223146F7F7A1FE0090BDF800008A
:1079E000A08501E084F8367031462846F7F7F8FCA8
:1079F000FD280AD2E17811FB00F1090AE170414348
:107A0000080A84F8220084F83600E07830B994F847
:107A1000220018B994F83600002805D031462846CF
:107A2000F7F7C6FE20800120F8BDA0F84410F8F753
:107A30007FBBA0F84610F8F77BBB09B2F9F7E2BDAF
:107A400009B2F9F7F5BD09B2F9F7F2BD2DE9F84F22
:107A500004464F1091460D464FEA610AC80700D10F
:107A60007F1E60008346F5F75FF906464B4600200F
:107A700026E000BF03EB4400009030F8021C69438D
:107A8000601E15D4002200EB0A0C26F81010A44545
:107A900001DA33F81C208A1AC11B012901D5198883
:107AA00003E003EB410131F8021C401E1144E9D50B
:107AB0005A4631461846F5F7D1F9009B08F1010006
:107AC0008046A042D6DB4FF47F51B1FBF5F2002097
:107AD00093B214FB04FC0CE039F8102042B18A4246
:107AE00002D129F8103003E092FBF5F229F81020BA
:107AF000401C8445F0D8002039E000BF09EB40026B
:107B0000934613886B43002123E0002B02DA4FF0E9
:107B1000000C01E04FEAA31C26F811C0A1EB0A0CEF
:107B2000BCF1000F02DCB2F800C003E00CFB04085B
:107B300039F818C0A3EB0C0CCB195B1CA34200DB7B
:107B4000631E03FB040802EB440239F81830491C99
:107B50006344A142D9DB5A46002105E036F81130D2
:107B6000138002EB4402491CA142F7DB401CA042F7
:107B7000C4DB3046BDE8F84FF5F722B92DE9F047F0
:107B80000E468AB01F468046014615469146D419D6
:107B900007A8ECF7B6FC05EBD57007EB600145F3E1
:107BA0000002891A891EADF82010012101EB600046
:107BB000ADF81E004046ECF712FDBDF82010081A83
:107BC000ADF81C004046ECF7E4FCBDF81E100023A5
:107BD0000844ADF822003A4607A901A8F0F7FEF9DB
:107BE0004D46B9F1010F01D04FEA69052046F5F77E
:107BF0009BF88246B046002734E021465046F5F710
:107C00002DFA01A80090DDF804C023B23AB2002199
:107C10005046E04740B19AF80000800190FBF5F132
:107C2000A8F80010012018E061004046F5F7E8F9D7
:107C300015E000BF0AEB00021AF8001012F8012C40
:107C4000914204D108EB400131F8022C02E0890195
:107C500091FBF5F228F81020401CA042EADB08EB6B
:107C600044087F1CA742C8DB5046F5F7A9F801A8D5
:107C7000EFF72CFF012D14D020B2324629460746DB
:107C8000FFF7E4FE09F00100284401B2012926DDD6
:107C90004FF47F5090FBF1F2002093B204FB04F507
:107CA00017E00020644304E036F810108A093254CB
:107CB000401C8442F8DC0AB0BDE8F08736F810209A
:107CC00032B1FF2A0ED0920192FBF1F226F8102079
:107CD000401C8542F2D832463846FFF7B7FE0020F6
:107CE000644307E026F81030F2E700BF16F81010E2
:107CF0003154401C8442F9DCDDE7F0B597B007460B
:107D000014460D4601A8F0F739FAFF221146104635
:107D1000EEF7C4F90090BDF800000090BDF8000037
:107D2000ADF8080000262A4601A93846F0F712FAF5
:107D30000FA8EFF753FC23462A460FA938460096B2
:107D4000EFF7ACF917B0F0BD30B591B005464FF480
:107D5000E0216522F7F7E2FC040017D06846EBF754
:107D600031FE0F480B94CDE9005001200E94002104
:107D70000890CDE909010B4807904FF6FF70ADF868
:107D800040006846EBF792FE11B030BD044928462A
:107D9000EBF7D0FD15F8540F40F001002870F3E721
:107DA000998D0008833A01082DE9FC47FE4DFF4CF0
:107DB00095F82000C00703D0FD48EEF7EAF803E08D
:107DC00004211220F9F7B0FC0090BDF8000060809B
:107DD00095F82000C00704D005211220F9F7A4FC73
:107DE00003E004211220F9F787FC0090BDF80000A1
:107DF000A08095F82000C00703D0EE48EEF7C9F840
:107E000001E0EEF7D9FA0090BDF80000E08095F8A7
:107E10002000C00703D0E848EEF7BBF803E00221DA
:107E20001220F9F781FC0090BDF800002081E06885
:107E3000D03001F07DFAE068D83001F079FA002600
:107E40004620CDE90006D8485023DC4ADC492838D2
:107E5000FBF766F9D44800965023D84AD84914381D
:107E60000196FBF75DF9D049E0682839D030FBF77F
:107E70004FF9CD49E0681439D830FBF749F9E0688B
:107E8000083001F055FA95F82000C00704D002210F
:107E90001220F9F731FC02E01220F9F75FFC0146ED
:107EA000E0680830FAF7A2FFE06847F6FF7A51462B
:107EB0000830FBF7E4F80721E868EEF700FD01461B
:107EC000E0680830FBF709F80521E868EEF7F7FCF1
:107ED0000146E0680830FBF71FF9E06866210830CA
:107EE000FAF79EFFB049E06814390830FBF710F943
:107EF000E068103001F01CFAE068FF211030FAF75A
:107F00008FFFE06801F014FAFF21E068FAF788FFBC
:107F10006088ADF800000099E068FAF767FFA08874
:107F2000ADF800000099E068FBF7D7F86078012809
:107F30007ED00228E8687CD05FF00A01EEF7BFFC33
:107F40000146E068FBF702F86078012872D0022849
:107F5000E86870D05FF00A01EEF7B1FC0146E06816
:107F6000FAF7D2FFE068183001F0E2F960780128F2
:107F7000E8687DD05FF00801EEF7A1FC0146E068FB
:107F80001830FBF77CF8E068FF211830FAF748FF5B
:107F9000E088ADF80000E06800991830FAF726FF95
:107FA0002089ADF80000E06800991830FAF73CFF2E
:107FB0000221E868EEF783FC0146E0681830FAF722
:107FC0004AFFE06801211830FAF73DFFA088ADF8BC
:107FD0000000E06800991830FBF77FF8607801280E
:107FE0007ED00228E8687CD05FF01001EEF767FCD5
:107FF0000146E0681830FAF770FF6078012871D008
:108000000228E8686FD00A21EEF759FC0146E068C3
:108010001830FAF79BFF6078012865D00228E868DD
:108020007ED00A21EEF74BFC0146E068183003E0F1
:1080300083E085E086E088E0FAF766FF1220F9F732
:108040008DFB0146E0681830FAF719FF0121E86856
:10805000EEF735FC0146E0681830FAF71BFFE068E0
:10806000A03001F065F9DFF84081A8F1280800E0B0
:108070006DE0E0684646D8F83810A030FAF716FFF1
:108080000321E868EEF71BFC0146E068A030FAF730
:1080900020FF0321E868EEF712FC0146E068A030FB
:1080A000FAF713FFE0687F21A030FAF70AFFE068D3
:1080B000A83001F03DF9708FADF80000E06800993C
:1080C000A830FAF7F3FE0321E868EEF7F8FB014663
:1080D000E068A830FAF7FDFEE0687F21A83004E0F0
:1080E00037E039E03AE03CE03DE0FAF7EAFEE068EC
:1080F000203001F01DF96078012839D00228E868A5
:1081000039D00821EEF7DBFB0146E0682030FAF7B2
:10811000B6FFE068FF212030FAF782FE208900E0F8
:1081200024E0ADF80000E06800992030FAF75EFE28
:1081300095F82000C00720D06FE00E21E868FDE62A
:108140000C21FBE60E21E86806E70C2104E70C2170
:1081500012E71821E86849E7142147E70E21E8688B
:1081600052E70C2150E70E21E8685BE70C2159E744
:108170001021E868C6E70C21C4E71220F9F7EEFAEF
:108180000146E0682030FAF77EFF0020EEF7AAFCF7
:1081900000EB40004FF4A079A0265030484517DB93
:1081A0000020EEF79FFC0DE05C520020C400002090
:1081B0001A171500302B280037322F005F3A0108BC
:1081C0005CD7020800EB4000503090FBF6F000E076
:1081D000012001B2E0682030FAF76CFFE0687F21EF
:1081E0002030FAF75FFF0020EEF77CFC502707EB0A
:1081F0008000484507DB0020EEF774FC07EB8000A9
:1082000090FBF6F000E0012001B2E868EEF757FBC2
:108210000146E0682030FAF741FFA088ADF8000081
:10822000E06800992030FAF758FF607801287DD087
:108230000228E8687BD01021EEF741FB0146E06898
:108240002030FAF770FE6078012871D00228E868C3
:108250006FD00A21EEF733FB0146E0682030FAF7D1
:108260007DFE0521E868EEF72AFB0146E068203034
:10827000FAF74AFE0521E868EEF721FB0146E068BF
:108280002030FAF763FEFF49FD4808600831FE48D8
:108290000860E068583001F04BF8E068F949583060
:1082A000FAF7E1FDE06823215830FAF7E0FDE068D5
:1082B000603001F03DF8F349E06808316030FAF7CA
:1082C000D2FDE0687F216030FAF7D1FDE068C03070
:1082D00001F02EF8E0680121C030FAF7C0FDE06837
:1082E0000121C030FAF7AFFDE068803001F020F8DE
:1082F000607801287ED00228E8687CD05FF0100109
:10830000EEF7DDFA0146E0688030FAF7E6FD6078C6
:10831000012871D00228E8686FD01021EEF7CFFA5B
:108320000146E0688030FAF711FE03E0ECE3ECE38D
:10833000ECE3ECE3607801287ED00228E8687CD08A
:108340005FF01001EEF7BBFA0146E0688030FAF703
:10835000DBFDE068783000F0EBFF607801286DD03D
:108360000228E8686BD00A21EEF7A9FA0146E06816
:108370007830FAF7B2FD607801287CD00228E868EE
:108380007AD00A21EEF79BFA0146E0687830FAF7D6
:10839000BFFDE068883000F0CBFF0A21E868EEF707
:1083A0008EFA0146E0688830FAF7D0FD0A21E868C5
:1083B000EEF785FA0146E0688830FAF7A5FDE06837
:1083C000903000F0B5FF1421E868EEF778FA014626
:1083D000E0689030FAF790FEE068983000F0A8FF6F
:1083E000E06802219830FAF774FEE068683000F027
:1083F0009FFF03E0FEE3FEE3FEE3FEE3E06800210F
:108400006830FAF76AFDE06800216830FAF79EFDEF
:10841000E06800216830FAF777FDE068703000F01E
:1084200087FF607801287CD00228E8687AD0022192
:10843000EEF745FA014603E0FEE3FEE3FEE3FEE36A
:10844000E0687030FAF749FD607801286BD00228A7
:10845000E86869D05FF00201EEF731FA0146E068A2
:108460007030FAF773FD607801287DD00228E86843
:108470007BD0022101E0E6E3E6E3EEF720FA0146D5
:10848000E0687030FAF740FDE068283000F050FFF7
:10849000E0684646D8F838102830FAF7A7FCEDF720
:1084A0008BFF0146E0682830FAF717FEE068FF21ED
:1084B0002830FAF7B5FCE068303000F039FFE068AA
:1084C000B16B3030FAF792FCE068B16B3030FAF7FC
:1084D00004FEE06833213030FAF7A2FCE06838305F
:1084E00000F026FF708FADF80000E068009938308A
:1084F000FAF77CFCEDF760FF0146E0683830FAF7E8
:10850000ECFDE068FF213830FAF78AFCE068403083
:1085100000F00EFF708FADF80000E0680099403069
:1085200003E0FDE3FDE3FDE3FDE3FAF75FFC708F9D
:10853000ADF80000E06800994030FAF7CEFDE06841
:1085400033214030FAF76CFCE068483000F0F0FE70
:108550002089ADF80000E06800994830FAF746FC41
:10856000E068FF21483001E0FDE3FEE3FAF758FC44
:10857000A088ADF80000E06800994830FAF7ADFD3A
:10858000E068503000F0D4FEE088ADF80000E0680C
:1085900000995030FAF72AFCE068FF215030FAF7D2
:1085A0003FFCA088ADF80000E06800995030FAF771
:1085B00094FDE068B03000F0BBFEE06857465146DD
:1085C000B030FAF75CFDE068B83000F0B1FEE0686A
:1085D0000021B830FAF753FDE068C83000F0A8FE7B
:1085E0000321E868EEF76BF90146E068C830FAF756
:1085F0008BFD0321E868EEF762F90146E068C830B8
:10860000FAF77EFDE068F03000F092FEE068B16BB2
:10861000F030FAF7EBFBE068FF21F030FAF700FCEE
:108620000621E868EEF74BF90146E068F030FAF70A
:1086300054FCE0683946F030FAF721FDE068E0309C
:1086400000F076FEE068C821E030FAF7B8FBE06899
:10865000E83000F06DFEE0687821E830FAF7AFFB13
:10866000E06800F5807000F063FE2089ADF800003E
:10867000E068009900F58070FAF7A5FB0F2105E08E
:10868000078E0008D4000020351C0108E868EEF7CA
:1086900016F90146E06800F58070FAF7A3FBE06880
:1086A000012100F58070FAF799FBE06800F584700D
:1086B00000F03EFEE068B16B00F58470FAF783FBD2
:1086C000E06800F5987000F033FEE0684FF48271C6
:1086D00000F59870FAF7E2FBE06800F59C7000F096
:1086E00027FE0321E868EEF7EAF80146E06800F5A6
:1086F0009C70FAF7F2FB0221E868EEF7E0F8014619
:10870000E06800F59C70FAF7A6FBE068B16B00F535
:108710009C70FAF789FBE088ADF80000E0680099EA
:1087200000F59C70FAF762FBE068FF2100F59C7091
:10873000FAF776FB60780128E8687CD05FF00801E2
:10874000EEF7BDF800EBD0704110E06800F59C70CA
:10875000FAF795FCE06800F5A07000F0E9FDE0682C
:10876000FCA100F5A070FAF757FBEDF725FE0146D6
:10877000E06800F5A070FAF7B0FCE068696900F500
:10878000A070FAF7B5FCE06800F5A47000F0D0FD29
:108790000421E868EEF793F8404201B2E06800F582
:1087A000A470FAF79AFBEDF707FE0146E06800F5C2
:1087B000A470FAF71BFBE06800F5A87000F0B8FDA4
:1087C000E068012100F5A870FAF764FBA088ADF815
:1087D0000000E068009900F5A870FAF750FBE06827
:1087E00000F5947000F0A4FDE068002100F594709D
:1087F000FAF729FB0A21E868EEF761F80146E0681C
:1088000000F59470FAF780FB2089ADF80000E0686D
:10881000009900F59470FAF732FBE06800F5887073
:1088200000F086FD0321E868EEF749F80146E068AC
:1088300000F5887000E019E3FAF72CFB0321E868E3
:10884000EEF73DF80146E06800F58870FAF717FC8E
:108850000821E868EEF733F80146E06800F5887013
:10886000FAF72CFC0221E868EEF729F80146E068E7
:1088700000F58870FAF748FBE06800F58C7000F0AE
:1088800057FDE068394600F58C70FAF7F8FB0821CF
:10889000E868EEF714F80146E06800F58C70FAF726
:1088A0000DFCE068B16B00F58C70FAF79FFAE06898
:1088B000FF2100F58C70FAF7B3FAE06800F59070CC
:1088C00000F036FD0121E868EDF7F9FF0146E068A8
:1088D00000F59070FAF7DEFAA088ADF80000E068C5
:1088E000009900F59070FAF7CAFA0221E868EDF7EE
:1088F000E6FF0146E06800F59070FAF7EEFA122004
:10890000F8F72CFF0146E06800F59070FAF7E5FBF8
:10891000E06800F5D07000F00BFDE068002100F584
:10892000D070FAF7DAFAE068002100F5D070FAF7B3
:10893000EFFAE068002100F5D070FAF7A0FBE068DC
:10894000012100F5D070FAF78AFAE068002100F5FD
:10895000D070FAF77CFAE06800F5EC7000F0E8FC03
:1089600060780128E8687CD05FF00801EDF7A7FF88
:108970000146E06800F5EC70FAF781FBE068012140
:1089800000F5EC70FAF76BFAE068FF2100F5EC7087
:10899000FAF746FAE088ADF80000E068009900F5C3
:1089A000EC70FAF723FAA088ADF80000E0680099AF
:1089B00000F5EC70FAF791FBE06800F5D47000F078
:1089C000B7FC607801287DD00228E8687BD00A21B6
:1089D000EDF775FF0146E06800F5D470FAF7A3FAE9
:1089E0006078012870D00228E8686ED05FF00A0134
:1089F000EDF765FF0146E06800F5D470FAF7AEFACE
:108A0000607801287ED00228E8687CD05FF00A01F7
:108A1000EDF755FF0146E06800F5D470FAF778FAF3
:108A20000121E868EDF74BFF0146E06800F5D470DE
:108A3000FAF711FAE068192100F5D470FAF7FFF996
:108A4000A088ADF80000E068009900F5D470FAF74E
:108A5000EBF9E068002100F5D470FAF7F8F9E06866
:108A600000E005E200F5D87000F062FCE06800214B
:108A700000F5D870FAF731FAE068002100F5D870F7
:108A8000FAF746FA0121E868EDF719FF0146E068B8
:108A900000F5D870FAF7DFF9E068192100F5D87011
:108AA000FAF7CDF9A088ADF80000E068009900F56C
:108AB000D870FAF7B9F9E068082100F5D870FAF72C
:108AC000C6F903E0D6E1D8E1D9E1DBE1E06800F5E1
:108AD000DC7000F02DFCE068002100F5DC70FAF796
:108AE000FCF9E068002100F5DC70FAF711FAE068A3
:108AF00000F5E47000F01CFC607801287ED00228AC
:108B0000E86805E0C0E1C2E174E177E178E17BE18A
:108B100075D00A21EDF7D3FE0146E06800F5E47058
:108B2000FAF701FA607801286AD00228E86868D06C
:108B30005FF00201EDF7C3FE0146E06800F5E47066
:108B4000FAF70CFA607801287AD00228E86878D021
:108B50000A2101E0EF808C00EDF7B1FE0146E068EC
:108B600000F5E470FAF7D4F9E06800F5E87000F079
:108B7000DFFB6078012865D00228E8687DD00221FB
:108B8000EDF79DFE0146E06800F5E870FAF7CBF9D5
:108B90006078012872D00228E86870D05FF0020186
:108BA000EDF78DFE0146E06800F5E870FAF7D6F9BA
:108BB000E068002100F5E870FAF774FAE068002137
:108BC00000F5E870FAF72CF9A088ADF80000E0682D
:108BD000009900F5E870FAF780FAE06800F5E070B7
:108BE00000F0A6FBE068002100F5E070FAF79BF9C1
:108BF000002107E00AE10DE10EE111E149E14BE15D
:108C00004CE14EE1E06800F5E070FAF781F9E068C8
:108C100000F5F07000F08CFBE068332100F5F07097
:108C2000FAF7FEF81220F8F799FD0146E06800F522
:108C3000F070FAF7DBF808E0F4E0F7E0F8E0FBE0CA
:108C400031E133E134E1F9E0FCE0E06800F5F47093
:108C500000F06EFBE068002100F5F470FAF7E0F830
:108C6000607801287ED00228E8687DD05FF002019C
:108C7000EDF725FE0146E06802E01CE11DE11FE181
:108C800000F5F470FAF76AF9E06800F5B07000F0EA
:108C90004FFB0521E868EDF712FE0146E06800F59C
:108CA000B070FAF7F7F8A088ADF80000E068009916
:108CB00000F5B070FAF7E3F81421E868EDF7FFFD6E
:108CC0000146E06800F5B070FAF7F8F90F21E8689E
:108CD000EDF7F5FD0146E06800F5B070FAF72EF902
:108CE000E06800F5B47000F023FBE068394600F559
:108CF000B470FAF7C4F9A088ADF80000E0680099F4
:108D000000F5B470FAF772F8E068FF2100F5B4706E
:108D1000FAF786F80F21E868EDF7D1FD014603E088
:108D200092E095E096E099E0E06800F5B470FAF71B
:108D3000C5F9E06800F5AC7000F0FAFA0121E868C6
:108D4000EDF7BDFD0146E06800F5AC70FAF783F879
:108D50002089ADF80000E068009900F5AC70FAF7E2
:108D600063F803E0AEE07BE0B0E07DE0E068032183
:108D700000F5AC70FAF76BF8E06800F5B87000F039
:108D8000D7FAA088ADF80000E068009900F5B87047
:108D9000FAF74AF80221E868EDF791FD0146E0682C
:108DA00000F5B870FAF757F80121E868EDF787FD8C
:108DB000404201B2E06800F5B870FAF7BFF8E06829
:108DC000042100F5B870FAF742F8E0684FF4C87172
:108DD00000F5B870F9F7F3FFE06800F5BC7000F03B
:108DE000A7FA95F82000C00772D002211220F8F7E8
:108DF00083FC71E01821E868FFF71EBA1421FBE735
:108E00000E21E868FFF726BA0C21FBE71821E86875
:108E1000FFF776BA1421FBE71821E868FFF77EBA5E
:108E20001421FBE71821E868FFF78CBA1421FBE74F
:108E30000E21E868FFF798BA0C21FBE70E21E868DD
:108E4000FFF7A0BA0C21FBE70821E868FFF7F0BAAA
:108E50000621FBE70821E868FFF7FEBA0621FBE7D9
:108E60000821E868FFF706BB0621FBE70C2167E451
:108E70000C217BE50E21E868AAE50C21A8E50E216E
:108E8000E868B5E50C21B3E50E21E868C0E50C21E2
:108E9000BEE50E21E8683DE60C213BE60821E868C6
:108EA00048E6062146E60E21E86852E60C2150E627
:108EB0000821E86864E6062162E60821E8686FE6B2
:108EC00006216DE60821E868D2E601E00621CFE63A
:108ED00001211220F8F728FC0146E06800F5BC707B
:108EE000FAF7FBF8E06800F5C07000F021FA60784E
:108EF00001287DD00228E8687BD00A21EDF7DFFC4D
:108F00000146E06800F5C070F9F7E7FF60780128D6
:108F100070D00228E8686ED05FF00A01EDF7CFFC50
:108F200000EBD0704110E06800F5C070F9F7F0FF79
:108F3000E06800F5C47000F0FBF90121E868EDF786
:108F4000BEFC0146E06800F5C470F9F784FF208993
:108F5000ADF80000E068009900F5C470F9F764FF0F
:108F6000E088ADF80000E068009900F5C470F9F7FA
:108F70003DFFE068332100F5C470F9F751FFE06868
:108F800000F5C87000F0D4F9607801287DD002287F
:108F9000E8687BD05FF00A01EDF791FC0146E068DC
:108FA00000F5C870F9F7BFFF607801286FD002287C
:108FB000E8686DD05FF00A01EDF781FC0146E068DA
:108FC00000F5C870F9F7C6FF607801287DD0022847
:108FD000E8687BD05FF00201EDF771FC0146E068C4
:108FE00000F5C870F9F78CFF607801286FD003E0B6
:108FF0005BE160E161E163E10228E86868D00A2191
:10900000EDF75DFC0146E06800F5C870F9F780FFF8
:10901000E06800F5CC7000F08BF90A21E868EDF704
:109020004EFC0146E06800F5CC70F9F7DBFEE06825
:1090300000F5FC7000F07CF90421E868EDF73FFCD6
:109040000146E06800F5FC70F9F747FFE06800F5BD
:10905000F87000F06DF9E06842F2640100F5F87014
:10906000F9F720FFE06800F5007000F061F91220C8
:10907000F8F774FB0146E06800F50070F9F7B6FEFA
:10908000E0687F2100F5007003E01BE11EE11FE1B5
:1090900021E1F9F7C5FEE06800F5027000F048F93B
:1090A000E068002100F50270FAF704F86078032800
:1090B0007ED00128E8687CD05FF00801EDF7FFFB67
:1090C0000146E06800F5027003E006E108E109E10D
:1090D0000DE1F9F7D4FFE06800F50E7000F028F913
:1090E000E068B16B00F50E70F9F79EFE0221E868AA
:1090F000EDF7E5FB400001B2E06800F50E70F9F70E
:10910000AAFEE068012100F50E70F9F7A0FEE06804
:1091100000F50C7000F00CF90221E868EDF7CFFBC8
:10912000404201B2E06800F50C70F9F7CEFEE0684D
:1091300000F5047000F0FCF8607801287ED0022869
:10914000E8687CD05FF01001EDF7B9FB0146E068FC
:1091500000F50470F9F7E7FEE068002100F50470FF
:10916000F9F7FCFEE068002100F50470F9F7D0FE85
:10917000E068012100F50470F9F771FEE06800F580
:10918000067000F0D5F80121E868EDF798FB01467C
:10919000E06800F50670F9F75EFE2089ADF8000082
:1091A000E068009900F50670F9F73EFE012101E044
:1091B0009FE0A6E0E06800F50670F9F748FE6078E9
:1091C000012875D00228E86873D00A21EDF777FBF3
:1091D0000146E06800F50670F9F77FFE6078012827
:1091E00068D00228E86870D05FF00A01EDF767FBED
:1091F0000146E06800F50670F9F786FEE06800F5C4
:10920000087000F095F8607801286ED00228E868B0
:109210006CD01021EDF753FB0146E06800F50870B3
:10922000F9F772FFE06800F5107000F081F8E0686F
:10923000FF2100F51070F9F7F3FD01E063E065E050
:10924000EDF7BAF80146E06800F51070F9F7CEFDC9
:109250001220F8F783FA0146E06800F51070F9F77C
:10926000D0FDE068394600F51070F9F708FF0F21CE
:10927000E868EDF724FB0146E06800F51070F9F7A7
:1092800019FFEDF799F80146E06800F51070F9F75D
:10929000FAFE0521E868EDF712FB0146E068BDE83B
:1092A000FC4700F51070F9F701BF0E21E86825E6CC
:1092B0002EE030E031E00C2120E60E21E8682DE6BA
:1092C0000C212BE60E21E86866E629E00C2163E616
:1092D0000E21E86870E60C216EE60821E8687BE65E
:1092E000062179E60E21E8688AE61BE01DE00C21E4
:1092F00086E60821E868EDF7E2FA00EBD07040104E
:10930000DEE60C21DAE61821E8681DE714211BE7E8
:109310000E21E8685AE70C2158E70E21E86865E756
:109320000C2163E71821E86874E7142172E7000054
:109330000349097809B1F9F72EBDF9F722BC0000FD
:10934000C40000202DE9F35F0198F5F7B5FAFE4C53
:1093500000287DD0FD490198F4F7CAFC00284BD0C5
:109360000198F5F7A9FA0546F949F4F7C1FC002878
:109370006FD12846F5F7A0FAF549F4F7B9FC30B1FA
:10938000E168002280310198F4F7D0F9F9E30198FF
:10939000F5F757FA88B90198F5F78EFAED49F4F721
:1093A000A7FC50B1E168002248310198F4F7BEF9FA
:1093B000E16800227031019844E20198F5F741FA22
:1093C00001280CD10198F5F777FAE249F4F790FCFF
:1093D00028B10022E1680198F4F7A8F9D0E70198D4
:1093E000F5F76AFADC49F4F783FC0028C0D1E1689C
:1093F000002218310198C7E7D8490198F4F778FCA2
:10940000002854D0E168002220310198F4F78EF949
:10941000E168002228310198F4F788F9E168002218
:10942000D0310198F4F782F9E1682022583101988F
:10943000F4F77CF9E1682022D8310198F4F776F945
:10944000E1680422A0310198F4F770F9202201E0CC
:10945000FEE39CE0E1680198C831F4F767F9E16840
:10946000012238310198F4F761F9E1688022603116
:109470000198F4F75BF90198F5F71EFAB849F4F78B
:1094800037FC38B90198F5F717FAB649F4F730FC0C
:1094900000287CD0E168002201F5E8710198F4F71A
:1094A00045F9E168202201F5F071019884E7AE49A1
:1094B0000198F4F71DFC28B1E168002201F5A871BC
:1094C000019879E7A9490198F4F712FC4FF4A02814
:1094D00008F1010908F1040A002870D00198F5F795
:1094E000EBF9A349F4F704FC20B3E168002201F58D
:1094F000FC710198F4F71AF9E168002288310198AB
:10950000F4F714F9E168424620310198F4F70EF9B6
:10951000E168984A58310198F4F708F9954AE168EA
:10952000603260310198F4F701F9E1684A46283168
:109530000198FDE30198F5F7BFF98549F4F7D8FBE9
:1095400030B3E168002250310198F4F7EFF8E16898
:109550000422A0310198F4F7E9F8E168042201F54A
:109560000C710198F4F7E2F8E168824A58310198E9
:10957000F4F7DCF8E1684D464A4630310198F4F7DB
:10958000D5F8E1682A4601F50E71019801E0F5E38E
:1095900016E0F4F7CBF8E16855465246A031019841
:1095A000F4F7C4F8734AE168183AA8310198F4F75F
:1095B000BDF8E1682A4601F50C710198FCE662E00D
:1095C0000198F5F779F96449F4F792FB0028E1680E
:1095D00001984FF0000222D001F5C071F4F7A6F80F
:1095E000E1680422A0310198F4F7A0F8E1680822AC
:1095F000A8310198F4F79AF8E168424601F5C47180
:109600000198F4F793F8E1685A4A58310198F4F751
:109610008DF8584AE16860326031019825E01831D0
:10962000F4F784F8E1680422A0310198F4F77EF899
:10963000E1680822A8310198F4F778F8E168424619
:1096400020310198F4F772F84A4AE16860326031DB
:109650000198F4F76BF8E168464A58310198F4F73D
:1096600065F8E1684A4628310198F4F75FF8E16847
:109670005246A0310198F4F759F83E4AE168183A89
:10968000A831019898E63C490198F4F731FB4FF472
:10969000003510B3E168002230310198F4F746F844
:1096A000E1680022B0310198F4F740F8E168042243
:1096B000A0310198F4F73AF8E1680822A83101983E
:1096C000F4F734F8E1682A4628310198F4F72EF8C7
:1096D000E1682A46B0310198B4E028490198F4F7CE
:1096E00007FB4FF4403668B3E1680022303101983F
:1096F000F4F71CF8E1680022B0310198F4F716F88D
:10970000E1680422A0310198F4F710F8E16808221A
:10971000A8310198F4F70AF8E1682A46283101983F
:10972000F4F704F8E1682A46B0310198F3F7FEFF38
:10973000E1683246F0310198F3F7F8FF104DE16827
:109740002A461FE027E00000C4000020F8D50208E8
:10975000A8DD0208FCDD020874D702089016030891
:10976000E4DC0208C8DC020854170308AC1603083E
:109770001CDD02082000050074160308A817030862
:1097800020000300C8310198F3F7D0FFE1683246AA
:10979000D0310198F5E0FB490198F4F7A9FAE8B354
:1097A000E168002218310198F3F7C0FFE168002258
:1097B00068310198F3F7BAFFE1680022B8310198E7
:1097C000F3F7B4FFE1680422A0310198F3F7AEFF8C
:1097D000E1680822A8310198F3F7A8FFE1684FF487
:1097E000803208310198F3F7A1FFE168E64A1031B1
:1097F0000198F3F79BFFE1684546424650310198D6
:10980000F3F794FFE1682A4601F5AC710198F3F78C
:109810008DFFE1682A468031019800E013E0F3F7FC
:1098200085FFE168D94A58310198F3F77FFFE16875
:10983000524628310198F3F779FFD44AE168183A83
:109840003831019828E2D2490198F4F751FAD14F02
:10985000DFF840B37F3FE8B3E16800228831019828
:10986000F3F764FFE1680422A0310198F3F75EFF8B
:10987000E1685A4660310198F3F758FFE1682A46DB
:1098800001F59C710198F3F751FFE1683A462831E0
:109890000198F3F74BFFE1683A4601F5A071019892
:1098A000F3F744FFBB4EE168603E32465831019801
:1098B000F3F73CFFE1683246C8310198F3F736FF11
:1098C000E1683246D8310198F3F730FFE1682A4663
:1098D000D03100E001E00198E8E3AF490198F4F7E6
:1098E00007FAE8B3E168002248310198F3F71EFF58
:1098F000E1680022B0310198F3F718FFE168002217
:10990000E8310198F3F712FFE16880226031019895
:10991000F3F70CFFE1680422A0310198F3F706FF8A
:10992000E1683A4628310198F3F700FFE1682A46DA
:10993000B0310198F3F7FAFEE1685A4660310198B8
:10994000F3F7F4FEE1683246F0310198F3F7EEFEEA
:10995000E168324650310198F3F7E8FE324600E004
:1099600016E0E168019801F5A471F3F7DFFEE16804
:109970008A4A60310198F3F7D9FEE1683A46D83156
:109980000198F3F7D3FEE1682A46D83101988DE3B8
:1099900083490198F4F7ACF94FF4E02BD8B3E168B0
:1099A000002218310198F3F7C1FEE16800227831F6
:1099B0000198F3F7BBFEE168002201F5947101986C
:1099C000F3F7B4FEE1684FF4803208310198F3F701
:1099D000ADFEE1686C4A10310198F3F7A7FEE1682B
:1099E000424601F588710198F3F7A0FEE1682A4626
:1099F00001F58C710198F3F799FEE1684FF4C022EC
:109A000001F590710198F3F791FEE1685A4601F56E
:109A1000887101984AE3FFE762490198F4F768F911
:109A20004FF4802728B3E168002218310198F3F73A
:109A30007DFEE1680022E0310198F3F777FEE168EE
:109A4000002290310198F3F771FEE168002298310D
:109A50000198F3F76BFEE1680422A0310198F3F757
:109A600065FEE1680822A8310198F3F75FFE3A46E7
:109A70001CE24D490198F4F73BF940B3E16800223C
:109A800018310198F3F752FEE1680022783101980D
:109A9000F3F74CFEE1680022D0310198F3F746FE5F
:109AA000E1682022D8310198F3F740FEE1682022D6
:109AB00058310198F3F73AFEE1680422A031019889
:109AC000F3F734FEE1680822A831019859E73749D5
:109AD0000198F4F70DF9A0B3E1680022183101985C
:109AE000F3F724FEE1680022C0310198F3F71EFE6F
:109AF000E168002290310198F3F718FEE168002236
:109B000001F598710198F3F711FEE1684FF4803286
:109B100008310198F3F70AFEE1681B4A10310198F9
:109B2000F3F704FEE1683A4650310198F3F7FEFD81
:109B3000E1681F4A28310198F3F7F8FD1C4A1F32EB
:109B400069E1FFE71B490198F4F7D2F8A0B3E16897
:109B5000002201F580710198F3F7E8FDE1682A46DB
:109B600001F580710198F3F7E1FDE1682A4601F5FE
:109B700084710198F3F7DAFDE1683246F03101981B
:109B800094E246E2E01703084000010020000500CF
:109B9000C816030880000200C417030880000300F1
:109BA000C8D7020870170308E41603080017030853
:109BB0000100040058160308FFE7F9490198F4F77B
:109BC00097F898B1E168002201F580710198F3F7E8
:109BD000ADFDE1682A4601F580710198F3F7A6FD15
:109BE000E1682A4601F5847101985FE2ED49019828
:109BF000F4F77EF888B1E168002218310198F3F794
:109C000095FDE1680022B0310198F3F78FFDE1681E
:109C10002A4601F5B471019848E2E3490198F4F746
:109C200067F8D0B3E168002218310198F3F77EFDA0
:109C3000E168002278310198F3F778FDE16880222D
:109C400060310198F3F772FDE1680422A03100E071
:109C5000A1E10198F3F76AFDE1680822A8310198B3
:109C6000F3F764FDE1684FF4803208310198F3F7AF
:109C70005DFDE168CD4A10310198F3F757FDE168C9
:109C8000CB4A01F5B8710198F3F750FDE1684FF444
:109C9000002201F5BC71019808E2FFE7C54901986F
:109CA000F4F726F820B1E168002218310198C4E1E8
:109CB000C1490198F4F71CF828B1E168002201F5C8
:109CC000C8710198F2E1BD490198F4F711F8002834
:109CD000F3D1BB490198F4F70BF850B30022E168C7
:109CE0000198F3F723FD6078E168012847D07031CF
:109CF00000220198F3F71AFDE1680422A0310198CF
:109D0000F3F714FDE1680822A8310198F3F70EFD7E
:109D1000E1684546424620310198F3F707FDE168C6
:109D2000A84A60310198F3F701FD2A46E16801E095
:109D300016E026E050310198F3F7F8FCE1682A4676
:109D400001F502710198F3F7F1FC9E4AE168603A6F
:109D500058310198F3F7EAFCE1684A464831019826
:109D6000F3F7E4FCE168524630310198F3F7DEFC8A
:109D7000944AE168783A4031019897E19BE1783163
:109D8000B6E791490198F3F7B3FF60B1E1680022AB
:109D900018310198F3F7CAFCE168002201F504715B
:109DA0000198FFF7F1BA89490198F3F7A1FF58B17B
:109DB000E168002248310198F3F7B8FCE16800221D
:109DC00001F50871019871E181490198F3F790FF5D
:109DD00028B3E168002250310198F3F7A7FCE1684D
:109DE000002201F506710198F3F7A0FCE168042256
:109DF00028310198F3F79AFCE168042201F5087113
:109E00000198F3F793FCE168202201F508710198AD
:109E1000F3F78CFC2022E1680198583146E16D4946
:109E20000198F3F765FF58B1E168002218310198F5
:109E3000F3F77CFCE168002201F5D071019835E16F
:109E400065490198F3F754FF28B1E168002201F554
:109E5000D8710198A5E761490198F3F749FF28B146
:109E6000E168002201F5DC7101989AE75C490198EC
:109E7000F3F73EFFF0B1E168002201F5D4710198DB
:109E8000F3F754FCE168202201F5F0710198F3F733
:109E90004DFCE168212230310198F3F747FCE1687D
:109EA000012230310198F3F741FC0422E168019866
:109EB0002831FBE04B490198F3F71AFF20B94A49D2
:109EC0000198F3F715FF28B1E168002201F5E4716C
:109ED0000198EBE045490198F3F70AFF28B1E168E2
:109EE000002201F5E07101985BE741490198F3F721
:109EF000FFFE28B1E168002201F5EC710198D5E080
:109F00003C490198F3F7F4FE28B1E168002201F51D
:109F1000F4710198CAE038490198F3F7E9FE58B1A5
:109F2000E168002218310198F3F700FCE168002293
:109F300001F5F8710198B9E030490198F3F7D8FEBE
:109F400028B1E168002201F500710198AEE02C49CA
:109F50000198F3F7CDFEC8B1E168002218310198ED
:109F6000F3F7E4FBE168002278310198F3F7DEFBB8
:109F7000E1680422A0310198F3F7D8FBE1680822D8
:109F8000A8310198F3F7D2FB5A468FE71D49019893
:109F9000F3F7AEFE18B10022E168019801E733E063
:109FA0008CDD020800DD0208FC17030840000100F8
:109FB0000200070074D7020890D70208ACD7020845
:109FC00000D8020880000500B0DB0208E8DB0208C8
:109FD000CCDB020804DC020890DC0208ACDC0208DE
:109FE0003CDC0208E4DC0208C8DC020820DC0208D1
:109FF00058DC020874DC02081CDD020854DD02088B
:10A0000070DD0208C4DD02082C490198F3F770FEE8
:10A0100058B1E1684FF4803208310198F3F786FBBC
:10A02000E168274A1031019840E026490198F3F78A
:10A030005FFE48B10022E1680198F3F777FBE16821
:10A0400000226831019831E01F490198F3F750FE72
:10A0500020B1E1680022C031019827E01B49019836
:10A06000F3F746FEB8B1E168002201F5CC71019822
:10A07000F3F75CFBE168002280310198F3F756FBAF
:10A08000E168324650310198F3F750FBE1683246FF
:10A09000803101980AE00E490198F3F729FE002863
:10A0A00009D0E1680198002201F5107102B0BDE805
:10A0B000F05FF3F73BBBBDE8FC9F0000E0DD02086A
:10A0C00040000100A8DD0208FCDD0208E4D7020818
:10A0D00094DB02082DE9F84F0546EFF7B7FD04467B
:10A0E0002846EFF7F1FD05460A2C4DD1F1F78AF924
:10A0F00010B10079012847D02846F4F749FB0646FD
:10A100002846F4F72BFB044669462846F4F73AFC48
:10A11000BDF9002006EBD67002EB600090FBF6F074
:10A120007043BDF9021007B204EBD47001EB60007C
:10A1300090FBF4F060430F260FFA80F800241AE039
:10A1400021462846F4F7A6FA8146F5F7C0FC824678
:10A150004846F5F7D8FC0146BA450BD1414509D12F
:10A16000C5F8249099F8246000221C212846EFF7B6
:10A17000AFFD05E0641C2846F4F79EFAA042DFD844
:10A1800031462846F7F787F8BDE8F88FC143491CE8
:10A190000840B0FA80F0C0F11F00704718B1B0FA63
:10A1A00080F0C0F12000401E704700001CB50C4636
:10A1B00001A96846D9F74AFE0A4960B1BDF8000016
:10A1C0002080BDF8040060800122A273BDF8002049
:10A1D0000A8048801CBD0888208048886080002054
:10A1E000A0731CBD50000020FEB5002504460422CB
:10A1F00006680BE0F06802EBC503C058830104D584
:10A20000A36820F07F40984206D06D1C708CC0F38C
:10A210000510A842EED8FEBDA388442B5BD00EDC0F
:10A22000332B4BD006DC202B55D0222B53D0302B98
:10A2300013D150E0342B41D0362B0ED14BE0622BA2
:10A240003FD006DC472B46D0552B44D0572B04D1AA
:10A2500034E0672B32D0682B30D059B3FF292BD094
:10A26000D4E90302121A4A4300EB22200090F0685E
:10A27000012701AA50F835001946F8F7DDFB50B167
:10A28000DDE90001884206D1BDF80000BDF80410E8
:10A29000884200D10027F068A188009A50F8350064
:10A2A000F8F768FE002FB6D0A288A1682068F6F7FC
:10A2B0001BFCFEBDE068D9E72069D7E7FF29FBDA80
:10A2C000F8E7E0680028F7D02269002ACED080297C
:10A2D000CCDB0092CBE7002901DCA0892AE0FF2932
:10A2E00001DB208A26E0228AC8B291B20A02A7893D
:10A2F00042EA11218AB2B9B20F0247EA1121001DC8
:10A3000089B2C70841EA01400C4942EA02420840CA
:10A310000A40121A7A4300EB5210084040EA1040FB
:10A3200080B2010241EA1020ADF8080080B202902C
:10A33000BDF80800ADF8000099E700001FF8E0073D
:10A340002DE9F04104682648A6882568DBF79FFBC5
:10A3500010E0A1420BD008682268904207D18868BB
:10A36000A268904203D18888A288904236D01C48C7
:10A37000DBF79FFB0100ECD1698C00270420C1F3BF
:10A38000051129E0EA6800EBC703D258930122D5F2
:10A39000A36822F07F429A421DD121461048DBF784
:10A3A00011FC2046F2F71EFDE868314600EBC704B9
:10A3B0002068F8F791FCE86850F83700F8F7E4FBFC
:10A3C00000280BD06068216820F07F422846BDE855
:10A3D000F041F6F760BC7F1CB942D3D8BDE8F081EC
:10A3E000D452002070B50468A068A28800F47F06EB
:10A3F00031462068F5F792F9E060A5880020A0803A
:10A4000023462A463146206800F00CF8A580A16852
:10A410002068E7F7B9FBA1880068E268BDE87040F2
:10A42000F8F7A8BD2DE9FF5F07469A460E460025BE
:10A430002548DBF745FB04464FF470284FF004092C
:10A440003CE054453CD021461F48DBF736FB8346B1
:10A450002068B84231D1A068B04201D046452CD125
:10A46000A1880298814203D0A0F57F41FF3924D111
:10A47000002511E0F86809EBC50141588A010AD5A9
:10A48000464503D021F07F41B14204D150F8350058
:10A49000A188F8F721FC6D1C788CC0F30510A84248
:10A4A000E8D800212046E9F745FA21460648DBF7BF
:10A4B00089FB2046F2F796FC01255C46002CC0D1B2
:10A4C00004B02846BDE8F09FD45200202DE9F84F93
:10A4D00092468B46044600216E22F5F71FF906B21C
:10A4E000204600216D22F5F719F905B216B9B5F528
:10A4F000807F62D0204600216F22F5F70FF9ADF87A
:10A500000000204600217022F5F708F9ADF802009E
:10A51000BDF900006427C0F341314FF4FA684FF4ED
:10A520007A79012915D120F4C040404511DC04F1AD
:10A530001400EAF74EF80146BDF9000020F4C040CF
:10A54000484501DDC0F57A70414391FBF7F0ADF865
:10A550000000BDF90200C0F34131012911D120F4FE
:10A56000C04040450DDC618BE28A891A491C09B262
:10A57000484501DDC0F57A70414391FBF7F0ADF835
:10A580000200A08ABDF80010BAF1000F0844ADF82F
:10A590000000E08ABDF802100844ADF8020006D0C1
:10A5A000704206B24FF4803090FBF5F005B26B4676
:10A5B0002A4631465846F7F7E9F8BDE8F88FF0B576
:10A5C000D0E90646059D4FF480772EB9BC4203D1F1
:10A5D00008021860100239E0B0F928C0A1EB0C01A4
:10A5E000B0F92AC0A2EB0C029EB1BC421AD1446958
:10A5F00006694C4306FB1244066A06EBA4041C6081
:10A6000003694B434169406A01FB023100EBA10041
:10A610001CE0066A01FB04611960416A806902FB63
:10A62000001013E0466907694E4307FB1266664354
:10A63000046A04EBA6241C6003694B43416901FBD7
:10A6400002318269406A514300EBA1202860F0BDCD
:10A6500000880988401A70472DE9F04186B0064607
:10A66000F0F7D0FE050072D03046EFF72DFB044620
:10A6700090F8540080076AD52846F0F704FF0228B6
:10A6800065D02846F0F7FFFE042860D06946606A6E
:10A69000F4F798F803A92846F0F7CAFE04A928465B
:10A6A000F0F7F6FEBDF90C10002950DBBDF90E00E5
:10A6B00000284CDBBDF80020891AADF80810BDF861
:10A6C0000210401AADF80A003046EFF7BFFA06460E
:10A6D000606AF5F7F6F90146606ABDF908200027BF
:10A6E0000546002A01DA01200EE08A4202DB47F625
:10A6F000FF77F8E702A9F1F765FA87B202A9606A65
:10A70000F1F784FC80F0010094F860104FF6FF78B8
:10A710008A0723D550EAC1724FF4407001D1012E4F
:10A7200008D0C9071ED0022E12D0032E12D0082E38
:10A7300010D019E0C4E9167894F8601041F00102D5
:10A74000014684F860202046F3F78AFB06E03FE0EC
:10A75000E76503E001462046F2F79CFF94F86000AD
:10A76000C00701D1012E33D139462046F9F710FB3D
:10A7700094F86000C0072BD0D4E91610814208D9A4
:10A78000EA6B824202D12A6C8A4218D0E863A06D3B
:10A7900011E008D2EA6B8A4202D12A6C82420ED0C2
:10A7A000E963E06D07E0E96B4046814202D1296C24
:10A7B000814204D0E86328642046F5F7B9FC032EF3
:10A7C00001D0082E04D114F8600F20F00100207091
:10A7D00006B0BDE8F081D0E9013201699A60D0E9A4
:10A7E00001235A604A68824201D182684A6000228D
:10A7F00002610868401E086008687047034B0360E8
:10A8000003F15C000860802010607047181B012075
:10A81000044B036003F15C0008604FF4807010602B
:10A8200070470000741D012000F108014FF0FF3255
:10A83000C0E90112C160016100210160704700217F
:10A840000161704730B50B685A1C02D000F1080254
:10A8500002E0026904E02246546825689D42FAD964
:10A8600053684B6099608A60516008610168491CB7
:10A87000016030BD42684A6093688B60936859609C
:10A88000916008610168491C01607047502080F3A5
:10A890001188BFF34F8FBFF36F8F0A494868401C80
:10A8A000486001280CD10848006810F0FF0F07D05D
:10A8B000502080F31188BFF34F8FBFF36F8FFEE7F7
:10A8C00070470000EC02002004ED00E008494868F1
:10A8D00028B1401E486001D180F311887047502094
:10A8E00080F31188BFF34F8FBFF36F8FFEE7000037
:10A8F000EC02002070B500282AD0164DA0F1080403
:10A9000060686969084207D1502080F31188BFF35D
:10A910004F8FBFF36F8FFEE722683AB1502080F36C
:10A920001188BFF34F8FBFF36F8FFEE788436060DE
:10A9300000F0C0F960686968084468602046FBF769
:10A94000D9FB2869401C2861BDE8704001F004B8BB
:10A9500070BD0000CC0200204FF0E020002101611A
:10A96000816105494FF47A720968B1FBF2F1491E21
:10A9700041610721016170471000002010B5D5F733
:10A9800073FC114910280ED300F1E02090F8F00379
:10A990000A78904207D2502080F31188BFF34F8F7E
:10A9A000BFF36F8FFEE709480068896800F4E06034
:10A9B000884207D9502080F31188BFF34F8FBFF32F
:10A9C0006F8FFEE710BD0000EC0200200CED00E0F0
:10A9D00010B5084B002200BF53F832401CB1521C86
:10A9E000082AF9D310BD43F8321003EBC2014860C6
:10A9F00010BD0000FC14012070B515460E4604463B
:10AA0000FFF744FF94F944100020491C01D184F859
:10AA1000440094F94510491C01D184F84500FFF722
:10AA200055FFA06B28B92A46314604F1240000F0F6
:10AA300099F82046BDE87040FBF70ABD10B502004A
:10AA400014D00F48006B38B1502080F31188BFF349
:10AA50004F8FBFF36F8FFEE700F02CF900211046F7
:10AA6000FBF756F900F078FF002807D105494FF0B1
:10AA700080500860BFF34F8FBFF36F8F10BD000091
:10AA80007802002004ED00E070B50546FFF7FEFEF9
:10AA90001E4C05B92568281DFFF79DFEA86A18B150
:10AAA00005F11800FFF797FE606A401C606220689D
:10AAB000854207D1291D1648FFF7DCFE6068401C5F
:10AAC000606007E0A068401EA0602846FBF72BFAF4
:10AAD000FBF73EFCFFF7FAFE6069002814D02068FF
:10AAE000854211D1206B38B1502080F31188BFF31B
:10AAF0004F8FBFF36F8FFEE706494FF0805008601D
:10AB0000BFF34F8FBFF36F8F70BD0000780200203E
:10AB1000D819012004ED00E002490A6A0260C96800
:10AB2000416070477802002001490120C8617047E8
:10AB30007802002010B50C4650B109490968183157
:10AB4000FFF780FE2046BDE810400121FBF7E0B88A
:10AB5000502080F31188BFF34F8FBFF36F8FFEE754
:10AB60007802002070B514460D4668B10A4909689C
:10AB70001831FFF77FFE0CB14FF0FF352146284614
:10AB8000BDE87040FBF7C4B8502080F31188BFF3D4
:10AB90004F8FBFF36F8FFEE77802002070B504007F
:10ABA0003ED0226DA2B1E06C884200D30146E06A3B
:10ABB000884235D0012A33D11A4D2A6894420FD1E8
:10ABC000502080F31188BFF34F8FBFF36F8FFEE7E4
:10ABD000502080F31188BFF34F8FBFF36F8FFEE7D4
:10ABE000E162A269002A02DBC1F13801A1610E4EC7
:10ABF00000EB8000616906EB8000814210D1201DCE
:10AC0000FFF7E9FDE06A2969884200D9286100EB75
:10AC1000800006EB8000211DBDE87040FFF72ABED2
:10AC200070BD0000780200203C15012030B587B0CF
:10AC30000024039405AA04A903A80494FFF7DEFDE9
:10AC4000DDE903010094CDE90110002315A11748A7
:10AC5000059A00F02AFD164D0028E8621FD000F08A
:10AC6000DDFE012809D0401C19D1502080F3118845
:10AC7000BFF34F8FBFF36F8FFEE7502080F3118833
:10AC8000BFF34F8FBFF36F8F4FF0FF30A8620120EB
:10AC90006861EC6007B0BDE8304000F003B907B070
:10ACA00030BD000049444C4500000000A95F020887
:10ACB000780200200248016B491C016370470000C4
:10ACC00078020020164810B5016B11B10121C16155
:10ACD00010BD0021C1610169124A01E0B9B1491EEC
:10ACE00001EB810352F82330002BF7D001EB8103F5
:10ACF00002EB830202F1080453685B685360A342CD
:10AD000001D15B685360DA680260016110BD5020B8
:10AD100080F31188BFF34F8FBFF36F8FFEE7000002
:10AD2000780200203C15012070B5EEF7CDFF0546F6
:10AD3000F3F7C2FDEAF7ACFB044601212846F3F71E
:10AD4000A9FC054694F902000549228801EB800020
:10AD500004A150F8043C2846BDE87040F1F73DBD21
:10AD600000010020256420257300000070B5EEF777
:10AD7000ABFF0646F3F7A0FDEAF78AFB0446002185
:10AD80003046F3F787FC0546EEF726FD0178C278DA
:10AD9000303901EB4103C3EBC11102EBC101427831
:10ADA000642312FB03F2807800EB800002EB40008A
:10ADB00001442088A1F5A051D039081A81B2284653
:10ADC000EEF711FF01213046F3F764FC024694F9D7
:10ADD0000200BDE87040401E81B21046EEF703BF8E
:10ADE000F8B50446B0F92E0010F5004F59D0B4F96B
:10ADF0002C30658D99B2A94202D201F5B4710BB223
:10AE000094F83410C1F34101D1B301290DD00229C6
:10AE100047D10095B4F93220B4F93010F1F738FF7A
:10AE200005B22046A28DA9B237E0E91801EBD17135
:10AE3000B4F93070B4F9322041F34F06B91801EB80
:10AE4000D17141F34F0188420CDA0A462B4639464C
:10AE50000096F1F71DFF05B2A9B22046E9F7E0FA26
:10AE6000B1B209E000933346F1F712FF05B2B1B277
:10AE70002046E9F7D5FAA9B22046E9F795FA0EE09F
:10AE8000FFE70093B4F93220B4F930102B46F1F704
:10AE9000FFFE05B2AAB22046618DE9F701FAA4F8D7
:10AEA0004050F8BD1CB537480168374A914207D178
:10AEB000502080F31188BFF34F8FBFF36F8FFEE7F1
:10AEC00000683149491E884207D1502080F311881B
:10AED000BFF34F8FBFF36F8FFEE72C4908780190C7
:10AEE000FF20087008788DF800009DF800009DF89C
:10AEF000002000F0F000904207D0502080F311882D
:10AF0000BFF34F8FBFF36F8FFEE79DF80000204C1B
:10AF100000F0500020700720A06005E09DF80020A0
:10AF200052008DF80020401E9DF800201206F5D436
:10AF3000A060032807D0502080F31188BFF34F8F03
:10AF4000BFF36F8FFEE74FF44070A0600198087068
:10AF50000C482030016841F470010160016841F043
:10AF600070410160FFF7F8FC00206060D5F744F9FC
:10AF70000848016841F040410160D5F729F90020F7
:10AF80001CBD000000ED00E071C20F4100E400E0D4
:10AF9000EC02002034EF00E010B5502080F311885F
:10AFA000BFF34F8FBFF36F8F00F0BEFB18B10449A2
:10AFB0004FF080500860002080F3118810BD000021
:10AFC00004ED00E010B502460021012000F005F874
:10AFD0000446FBF719F8204610BDF8B517460E4693
:10AFE000050013D005FB06F05030FBF767FA0400AC
:10AFF0000AD0002084F8460004F150023B46314656
:10B0000028460094FBF70CF82046F8BD502080F34A
:10B010001188BFF34F8FBFF36F8FFEE738B5049DE4
:10B0200018B153B1CAB181B120E0502080F311882A
:10B03000BFF34F8FBFF36F8FFEE7502080F311886F
:10B04000BFF34F8FBFF36F8FFEE7502080F311885F
:10B05000BFF34F8FBFF36F8FFEE739B1502080F3FE
:10B060001188BFF34F8FBFF36F8FFEE750241C464C
:10B07000012384F846302B460094FAF7D1FF20468E
:10B0800038BD000070B50D46040025D0FFF7FEFB6B
:10B09000D4E90F20216802FB0011A1600021A16307
:10B0A000216861600A46D4E90F01401E00FB0121BE
:10B0B000E16021464FF0FF3001F8440F487004F181
:10B0C00010008DB1FFF7B0FB04F12400FFF7ACFBDB
:10B0D000FFF7FCFB012070BD502080F31188BFF307
:10B0E0004F8FBFF36F8FFEE721690029F0D000F08A
:10B0F000FBFB0028ECD004494FF080500860BFF300
:10B100004F8FBFF36F8FE3E704ED00E02DE9FF47BA
:10B1100082B01D468A464FF00008040003D0BAF101
:10B12000000F08D011E0502080F31188BFF34F8F3B
:10B13000BFF36F8FFEE7206C38B1502080F3118889
:10B14000BFF34F8FBFF36F8FFEE7022D0AD1E06B85
:10B15000012807D0502080F31188BFF34F8FBFF331
:10B160006F8FFEE700F0CCFA3F4F4FF000094FF031
:10B17000805648B9049838B1502080F31188BFF345
:10B180004F8FBFF36F8FFEE7FFF780FBA06BE16B84
:10B19000884207D3022D05D00498D0B1B8F1000F32
:10B1A0001AD01EE02A4651462046FAF786FE616A0A
:10B1B00019B104F1240000F097FB20B13E60BFF309
:10B1C0004F8FBFF36F8FFFF781FB012006B0BDE803
:10B1D000F087FFF77BFB22E06846FFF79DFC4FF00E
:10B1E0000108FFF773FBFFF765FDFFF74FFB94F9CD
:10B1F0004400401C01D184F8449094F94500401C5F
:10B2000001D184F84590FFF761FB04A9684600F07E
:10B21000E5F930B12046FBF71BF900F09DFB00205B
:10B22000D4E7FFF733FBA06BE16B884213D1FFF744
:10B230004DFB04F110000499FFF77CFC2046FBF75E
:10B2400007F900F089FB00289ED13E60BFF34F8FC5
:10B25000BFF36F8F98E7FFF739FB2046FBF7F8F84D
:10B2600000F07AFB90E7000004ED00E02DE9F047E4
:10B270001F4690468946040003D0B9F1000F08D05C
:10B2800011E0502080F31188BFF34F8FBFF36F8F11
:10B29000FEE7206C38B1502080F31188BFF34F8F48
:10B2A000BFF36F8FFEE7022F0AD1E06B012807D0B2
:10B2B000502080F31188BFF34F8FBFF36F8FFEE7ED
:10B2C000FFF75CFB5020EFF3118680F31188BFF38A
:10B2D0004F8FBFF36F8FA06BE16B884206D3022FB5
:10B2E00004D0002086F31188BDE8F08794F945501A
:10B2F000A06B3A4649462046FAF7DFFD681C04D0A9
:10B300006D1C84F845500120ECE7606A0028FAD0F3
:10B3100004F1240000F0E8FA0028F4D0B8F1000F9E
:10B32000F1D00121C8F80010EDE700002DE9F74742
:10B33000002683B08A46040003D0BAF1000F08D07B
:10B3400011E0502080F31188BFF34F8FBFF36F8F50
:10B35000FEE7206C38B1502080F31188BFF34F8F87
:10B36000BFF36F8FFEE700F0CBF9DFF8F4804FF00A
:10B3700000094FF0805748B9059838B1502080F344
:10B380001188BFF34F8FBFF36F8FFEE7FFF77EFA91
:10B39000A56BC5B151462046FAF77CFD6D1EA5632D
:10B3A000206950B104F1100000F09EFA28B1C8F8ED
:10B3B0000070BFF34F8FBFF36F8FFFF787FA012045
:10B3C00006B0BDE8F087059808B11EB106E0FFF7AA
:10B3D0007DFA27E06846FFF79FFB0126FFF776FA24
:10B3E000FFF768FCFFF752FA94F94400401C01D1C2
:10B3F00084F8449094F94500401C01D184F84590AC
:10B40000FFF764FA05A9684600F0E8F8002820462E
:10B410000AD0FBF71DF800F09FFA2046FAF7ACFEC1
:10B420000028B3D00020CBE7FAF7A6FE90B104F1D4
:10B4300024000599FFF77EFB2046FBF709F800F092
:10B440008BFA0028A2D1C8F80070BFF34F8FBFF36A
:10B450006F8F9BE72046FAF7FBFF00F07DFA95E738
:10B4600004ED00E02DE9F343002683B004003546E7
:10B4700009D0206C78B1502080F31188BFF34F8F32
:10B48000BFF36F8FFEE7502080F31188BFF34F8F1B
:10B49000BFF36F8FFEE700F033F9DFF83C814FF028
:10B4A00000094FF0805748B9049838B1502080F314
:10B4B0001188BFF34F8FBFF36F8FFEE7FFF7E6F9F9
:10B4C000A06BC8B1401EA063206810B9FBF764F8F8
:10B4D000A060206950B104F1100000F005FA28B115
:10B4E000C8F80070BFF34F8FBFF36F8FFFF7EEF90F
:10B4F000012005B0BDE8F083049808B166B10FE003
:10B500003DB1502080F31188BFF34F8FBFF36F8F91
:10B51000FEE7FFF7DBF95DE06846FFF7FDFA01267D
:10B52000FFF7D4F9FFF7C6FBFFF7B0F994F9440031
:10B53000401C01D184F8449094F94500401C01D18D
:10B5400084F84590FFF7C2F904A9684600F046F870
:10B550000028204612D0FAF77BFF00F0FDF92046C4
:10B56000FAF70AFE0028A9D09DB3FFF78FF9606AA9
:10B5700050B3206B0068C0F1380126E0FAF7FCFDFB
:10B58000E0B1206838B9FFF781F9A06800F070F9E0
:10B590000546FFF79BF904F124000499FFF7CAFA66
:10B5A0002046FAF755FF00F0D7F9002886D1C8F8F1
:10B5B0000070BFF34F8FBFF36F8F7FE72046FAF71E
:10B5C00047FF00F0C9F979E70021A068FFF7E6FA24
:10B5D0009FE7FFE700208CE704ED00E02DE9F04154
:10B5E0000C46050011D0C4B1FFF750F9174BDA68CB
:10B5F0006E682068911B471C17D02F681B6A9F42FA
:10B6000019D0964217D8012410E0502080F31188F9
:10B61000BFF34F8FBFF36F8FFEE7502080F3118889
:10B62000BFF34F8FBFF36F8FFEE70024FFF74EF994
:10B630002046BDE8F081884205D9401A206028469E
:10B64000FFF76AFAF1E700202060DCE778020020CB
:10B650002DE9FF5F8346DDE90E87994616468A4647
:10B660009000FAF72BFF05001CD05C20FAF726FFAC
:10B67000040014D00020256384F85900CDE902406D
:10B68000CDE900874B46324651465846FAF7DAFC78
:10B690002046FAF76BFB012004B0BDE8F09F284676
:10B6A000FFF728F94FF0FF30F6E7F0B585B0DDE998
:10B6B0000B640A9DA6B1DCB15C27009726630226C5
:10B6C00084F85960002604AFCDE90246CDE9005761
:10B6D000FAF7B8FC2046FAF749FB049805B0F0BD2C
:10B6E000502080F31188BFF34F8FBFF36F8FFEE7B9
:10B6F000502080F31188BFF34F8FBFF36F8FFEE7A9
:10B700000548416919B1006B18B10020704701204C
:10B710007047022070470000780200200148C0688E
:10B7200070470000780200202DE9F0412E4C0027E0
:10B73000206B28B1A069401CA0613846BDE8F081AB
:10B74000E668761CE66013D1606B006838B1502063
:10B7500080F31188BFF34F8FBFF36F8FFEE7606BED
:10B76000A16B6163A063206A401C2062FAF7F0FDC0
:10B77000A06ADFF87880864209D3606B0068A0B1C8
:10B78000606BC068C5686868864211D2A062206894
:10B79000C06A00EB800158F82100012800D9012778
:10B7A000E0690028C9D00127C7E74FF0FF30EDE777
:10B7B000281DFFF710F8A86A18B105F11800FFF767
:10B7C0000AF8E86A2169884200D9206100EB80010B
:10B7D00008EB8100291DFFF74DF8E86A2168C96A66
:10B7E0008842CAD30127C8E7780200203C1501200F
:10B7F00070B504004FF0000133D01B4D286884421F
:10B8000007D0502080F31188BFF34F8FBFF36F8FA5
:10B81000FEE7206D38B1401E2065E36CE26A9A4273
:10B820001FD040B11DE0502080F31188BFF34F8F2F
:10B83000BFF36F8FFEE7201DFEF7CDFFE06CE062E7
:10B84000C0F13800A061E06A2969884200D9286106
:10B85000064900EB800001EB8000211DFFF70AF88C
:10B860000121084670BD0000780200203C1501202F
:10B8700070B504004FF000002BD0194DE16A2A6822
:10B88000D26A914226D2A069002804DB2868C06AE7
:10B89000C0F13800A061134E01EB8101606906EB35
:10B8A0008101884211D1201DFEF795FF2868C06AEA
:10B8B000E0622969884200D9286100EB800006EB2C
:10B8C0008000211DFEF7D6FF02E02868C06AE06212
:10B8D000012070BDE16C2A68D26A9142F8D370BD34
:10B8E000780200203C15012070B5C068C46854B1CE
:10B8F00004F118000646FEF76EFF144D286B50B198
:10B900003146134815E0502080F31188BFF34F8F64
:10B91000BFF36F8FFEE7201DFEF75DFFE06A296928
:10B92000884200D928610B4900EB800001EB8000C0
:10B93000211DFEF79FFFE06A2968C96A884202D983
:10B940000120E86170BD002070BD00007802002079
:10B95000C41901203C1501202DE9F0472C4D00248D
:10B960002746286B38B1FEF791FF286B401E2863ED
:10B97000286B40B146E0502080F31188BFF34F8F11
:10B98000BFF36F8FFEE7A968224E0120D1B3A6F561
:10B99000916980463068E0B1F068C46804F118002D
:10B9A000FEF719FF201DFEF716FFE06A296988429D
:10B9B00000D9286100EB800109EB8100211DFEF711
:10B9C00059FFE06A2968C96A8842E3D3C5F81C8038
:10B9D000E0E70CB1FAF7BCFCAC694CB14FEA0806E1
:10B9E000FFF7A2FE00B1EE61641EF9D10020A8614C
:10B9F000E86938B10849012738070860BFF34F8F5D
:10BA0000BFF36F8FFEF762FF3846BDE8F087000096
:10BA100078020020C419012004ED00E010B586B0C2
:10BA2000FAF70CFA114C2068B8B10020039004908A
:10BA300005AA04A903A8FEF7EBFEDDE90321022015
:10BA40008DE8070000230AA10B48059AFFF72DFE99
:10BA5000606010B106B0012010BD502080F3118845
:10BA6000BFF34F8FBFF36F8FFEE70000B4020020DB
:10BA7000546D7220537663002D6402082DE9FF4156
:10BA80001E46134602000A9D4FF0000016D0144CCB
:10BA90002768002F0FD0CDE900130292062917DA8C
:10BAA000FFF72EFE02284FF000030FD00022694658
:10BAB0002068FFF72BFB04B0BDE8F081502080F335
:10BAC0001188BFF34F8FBFF36F8FFEE72A46EEE773
:10BAD0000023324669463846FFF7C8FBEBE7000013
:10BAE000B40200202DE9F0410446EEF7EDF80746D8
:10BAF0002046EEF7EBF806463846EDF775FE0446AD
:10BB00003046E9F7C5FC05683846EDF765FE017873
:10BB1000C278303901EB4103C3EBC11102EBC10123
:10BB20004278642312FB03F2807800EB800002EB82
:10BB300040000844A0F5A050D038001B81B245F366
:10BB400007423046BDE8F041E9F7A4BC181A0308E3
:10BB500000000000000000000000000000000000E5
:10BB600000020000180000000000000000000000BB
:10BB7000000610160006101600000000000000006D
:10BB80000102030406070809000000000102030483
:10BB900002BEEB300001FFB0001EFFFFF10009FF05
:10BBA00020005FF44FF6003FF900007FB00BF80073
:10BBB000CFE100007FB00AF805FF6000006FE11ED2
:10BBC000F60EFD0000001FFFFFF28FF300000004DF
:10BBD000EFFE52FFA2BEEA100001100BFF3FFFFF75
:10BBE000D00000004FF76FF45FF4000000DFE08F3B
:10BBF000B00DF7000007FF509FA00BF700001FFBE0
:10BC0000008FA00CF700009FF2006FE01FF400030C
:10BC1000FF90001FFFFFE0000CFE100002BEEA10C4
:10BC20004BBBBBBA6FFFFFFF6FFFFFFF0DDDC0FF18
:10BC3000FE0FFFE0FFFE0007CFFD8100001DFFFFAC
:10BC4000FFE2000BFFFFFFFFD003FFFD54BFFF60CB
:10BC50008FFF2000FFFB0BFFC0000AFFE0DFFA00B0
:10BC6000008FFF0EFF900007FFF1EFF900007FFF4C
:10BC70001DFFA00008FFF0BFFC0000AFFE08FFF2B0
:10BC8000000EFFB03FFFD44BFFF600BFFFFFFFFDEC
:10BC90000001DFFFFFFE2000007CFFD8100000073E
:10BCA000FFF06EFFFFAFFFFFFBFFFFFFBFBCFFF525
:10BCB000109FFF0009FFF0009FFF0009FFF0009FA9
:10BCC000FF0009FFF0009FFF0009FFF0009FFF0049
:10BCD00009FFF0009FFF005ADFFD92004EFFFFFFBB
:10BCE000FF607FFFEFFFFFF37B51002CFFF90000A7
:10BCF0000001FFFB00000000FFF900000005FFF459
:10BD00000000001EFFB0000000CFFF2000000BFF6E
:10BD1000F5000001CFFF6000002DFFF5000004FFDB
:10BD2000FF4000007FFFFFDDDDDBCFFFFFFFFFFDFA
:10BD3000CFFFFFFFFFFD017CEFFD81000DFFFFFF47
:10BD4000FE300DFDCCEFFFD00300000BFFF1000033
:10BD50000007FFF00000015EFF90008FFFFFF90079
:10BD6000008FFFFFE600003667BFFF80000000067F
:10BD7000FFF200000000FFF610000000FFF76C511A
:10BD80000009FFF46FFFEEFFFFD05FFFFFFFFD2014
:10BD9000049CFFEC60000000002FFFF60000000094
:10BDA000BFFFF600000005FFFFF60000000EFFFFDA
:10BDB000F60000008FF9EFF6000002FFE1EFF60059
:10BDC000000CFF60EFF600006FFC00EFF60001EFE3
:10BDD000F200EFF60009FF8000EFF6003FFFBAAA7D
:10BDE000FFFCA26FFFFFFFFFFFF36FFFFFFFFFFFEF
:10BDF000F300000000FFF60000000000FFF6000066
:10BE0000000000FFF60009FFFFFFFFE00AFFFFFF51
:10BE1000FFE00AFFFDDDDDC00BFF900000000BFF1F
:10BE2000900000000CFFFEFEA3000CFFFFFFFF6070
:10BE30000B84215EFFF200000002FFF8000000000A
:10BE4000BFFB00000000BFFB00000001FFF96A51CA
:10BE5000004DFFF47FFFFFFFFFC07FFFFFFFFD10DE
:10BE600016ADEFEC600000007CEFED900002DFFF0C
:10BE7000FFFE0001EFFFFEDEE000AFFF600000000C
:10BE80002FFF6034200007FFFBFFFFD300BFFFFF41
:10BE9000FFFFF20CFFFC206FFF90DFFF20009FFDF3
:10BEA0000DFFE00005FFF0BFFD00004FFF08FFF1B0
:10BEB0000007FFE03FFF9002EFFA00CFFFECFFFF2B
:10BEC0002002EFFFFFFF5000018DFFEA2000BFFFBF
:10BED000FFFFFFFF2BFFFFFFFFFFF2BFFFFFFFFF93
:10BEE000FD00000000AFFF200000005FFF600000C9
:10BEF000001EFFB00000000AFFF200000002FFF980
:10BF000000000000AFFF200000002FFFC000000075
:10BF100007FFF700000000DFFF100000002FFFC048
:10BF200000000006FFF9000000009FFF6000000015
:10BF30000DFFF3000000003ADFFEB500006FFFFFC9
:10BF4000FFFA001FFFFBBEFFF405FFF2000DFF80AC
:10BF50005FFD0000AFF600EFF7105FFF1003EFFF8B
:10BF6000FFFE300004FFFFFF400008FFFFEFFF90DF
:10BF700005FFF5003EFF70CFF800006FFF0FFF8058
:10BF80000005FFF1EFFE1000CFFF08FFFFCBFFFF22
:10BF9000A00BFFFFFFFFC10005AEFFEB5000001834
:10BFA000DFFD910003EFFFFFFF301EFFEAAFFFE070
:10BFB0007FFE1003FFF5BFF80000BFFACFF70000C7
:10BFC000AFFDAFFA0000DFFE6FFF7119FFFF0DFF3D
:10BFD000FFFFFFFF01BFFFFCBFFE000134109FFB0E
:10BFE00000000000EFF70100000AFFF207FCAAEFD3
:10BFF000FF9007FFFFFFFB0003ADEFEB50002FFFAB
:10C00000D2FFFD2FFFD1DDDB0000000000000000AB
:10C010000000000001DDDB2FFFD2FFFD2FFFD0006D
:10C0200000015ADEFEC95000006FFFFFFFFFF30062
:10C030000BFFFFFFFFFFF3009FFFFB400014820395
:10C04000FFFF70000000000AFFFB00000000000E70
:10C05000FFF500000000000FFFF200000000000FDD
:10C06000FFF200000000000EFFF500000000000BD2
:10C07000FFFC000000000005FFFF90000000000032
:10C08000BFFFFD620025B3000CFFFFFFFFFFF300C1
:10C09000007FFFFFFFFFF30000016ADEFFDA5000C0
:10C0A000000007FFA00AFF7000000000000007FF6B
:10C0B000A00AFF7000000008FF9007FFA00AFF70B1
:10C0C00009FF8005FFC007FFA00AFF700CFF5003A7
:10C0D000FFE007FFA00AFF700EFF3001FFF007FF2F
:10C0E000A00AFF701FFF1000EFF307FFA00AFF7008
:10C0F0003FFE0000CFF507FFA00AFF705FFC0000C5
:10C100009FF807FFA00AFF708FF900007FFA07FF72
:10C11000A00AFF70AFF700005FFC07FFA00AFF70E6
:10C12000DFF500002FFF07FFA00AFF70FFF20000FD
:10C130000FFF17FFA00AFF71FFF000000DFF47FF80
:10C14000A00AFF74FFD0000009CC57FFA00AFF75BA
:10C15000CC900000000007FFA00AFF700000000064
:10C16000000007FFA00AFF7000000001111117FF77
:10C17000A11AFF711111100FFFFFFFFFFFFFFFFF5B
:10C18000FFFFF00FFFFFFFFFFFFFFFFFFFFFF00FBD
:10C19000FFFFFFFFFFFFFFFFFFFFF00004FFF100C5
:10C1A00000001FFF40000000CFF80000009FFC00CF
:10C1B000003FFFFFFFFFFFFFFFFFFFF33FFFFFFF1A
:10C1C000FFFFFFFFFFFFF33FFFFFFFFFFFFFFFFF4B
:10C1D000FFF3022222222AFFA222222220000000B4
:10C1E0000009FF90000000000000000009FF90001F
:10C1F0000000000000000009FF9000000000EFFFB9
:10C20000FFFFFFFFFFFFFFFFFEFFFFFFFFFFFFFF3F
:10C21000FFFFFFFFFFFFFFFFFFFFFFFFFFFFFF220B
:10C22000222223EFFFFE3222222200000008FFFF1D
:10C23000FF800000000000005FFFAAFFF500000083
:10C24000000007FFFE11EFFF7000000003CFFFF3B7
:10C25000003FFFFC300005CFFFFE300004EFFFFC85
:10C2600050DFFFFFC10000002CFFFFFDDFFFD50006
:10C27000000000006DFFFDDFB400000000000000C2
:10C280004BFD400000000000000000000400000022
:10C2900004FFB0000000000000EFFFFFFFFFFFFF02
:10C2A000FFFFFFFA0EFFFFFFFFFFFFFFFFFFFFA0F3
:10C2B000EFFFFFFFFFFFFFFFFFFFFA012222CFF991
:10C2C0002222222222221000003FFF200029970074
:10C2D000000000000DFFB00004FFC00000000009D6
:10C2E000FFF200004FFC0000000008FFF700000410
:10C2F000FFC000000008FFFC06FFFFFFFFFFFFF08C
:10C300000BFFFFA06FFFFFFFFFFFFF00FFFFFA061D
:10C31000FFFFFFFFFFFFF00FFEFFA0000005FFC0C3
:10C32000000000E57FFA0000004FFC00000001075C
:10C33000FFA0000004FFC0000000007FFA00000022
:10C340004FFC0000000007FFA0000004FFC0000039
:10C3500000007FFA0111115FFC1111100007FFA20C
:10C36000FFFFFFFFFFFFFFA0007FFA2FFFFFFFFF90
:10C37000FFFFFA0007FFA2FFFFFFFFFFFFFFA00B79
:10C38000FFFFFFFFFFFFFFFFFF700BFFFFFFFFFF40
:10C39000FFFFFFFF700BFFFFFFFFFFFFFFFFFF70BF
:10C3A000023333333DFFA333333310000000000C5E
:10C3B000FF8000000000000000000CFF8000000073
:10C3C00000000000000CFF800000000000000000E2
:10C3D0000CFF8000000000000000000CFF80000047
:10C3E0000000000000000CFF8000000000000000C2
:10C3F000000CFF8000000000000000000CFF800027
:10C40000000000000000000CFF80000000000000A1
:10C4100000000CFF8000000000000000000CFF8006
:10C4200000000000000000000CFF8000000000EF92
:10C43000FFFFFFFFFFFFFFFFFFFAEFFFFFFFFFFF21
:10C44000FFFFFFFFFAEFFFFFFFFFFFFFFFFFFFFA16
:10C45000222222222222222222222100EFFFFFFF7B
:10C46000FFFFFFFFFFFFE00EFFFFFFFFFFFFFFFFEC
:10C47000FFFE00EFFEEEFFFEEEEEEFFFEED00EFF52
:10C48000200EFF100004FFC00000EFFA99FFFA9998
:10C4900099BFFE99700EFFFFFFFFFFFFFFFFFFFC3C
:10C4A00000EFFFFFFFFFFFFFFFFFFFC00EFF200EAB
:10C4B000FF200004FFC00000EFF200EFFCBBBBCF89
:10C4C000FC00000EFF200EFFFFFFFFFFC00000EF8B
:10C4D000F200EFFFFFFFFFFC00000FFF10033333FC
:10C4E000333333200000FFF16FFFFFFFFFFFFFF446
:10C4F000000FFF01FFFFFFFFFFFFFD0001FFF00640
:10C50000FFFD7777EFFF40003FFE000AFFFB13CFF0
:10C51000FF700005FFC00009FFFFFFFF7000008FE4
:10C52000FA00004DFFFFFFB300000BFF86ADFFFFD9
:10C53000FFFFFFFFC950FFF5DFFFFFE945AFFFFF3A
:10C54000FB4FFF1DFEB7300000048BEFB000002151
:10C5500000000000000000120000000000000000C9
:10C5600000000000000DFF400000BFF600000000CA
:10C5700005FFE04EEEEFFFFEEEE60001EFF805FFEF
:10C58000FFFFFFFFFF7001CFFE105FFFFFFFFFFF08
:10C59000F703DFFF50000000BFF6000000DFFFE8F8
:10C5A0008600000BFF6000000EFFADFF8EEEEEFF79
:10C5B000FFEEEEE3EF74FFF3FFFFFFFFFFFFFF3936
:10C5C00020CFFC0FFFFFFFFFFFFFF3007FFF4000C6
:10C5D0000000007BB700006FFFE0012222222AFF4B
:10C5E000A2109FFFFE009FFFFFFFFFFFFB0EFFFF5C
:10C5F000E009FFFFFFFFFFFFB0EFFFFE009FFFFF1F
:10C60000FFFFFFFB0EC5FFE0001111111AFF9100A3
:10C61000403FFE001EFF30009FF9000003FFE000D6
:10C62000AFFA0009FF9000003FFE0004FFF0009FFA
:10C63000F9000003FFE0000EFF67FFFF9000003FDE
:10C64000FE00008FFC7FFFF9000003FFE000017790
:10C6500077FFFF9000005FFA0000000CFF50000021
:10C66000005FFA00BFFFFFFFFFFFF4005FFA00BFAB
:10C67000FFFFFFFFFFF4ACDFFEC47BFFFBBBBFFF90
:10C68000B2EFFFFFF600FFF0004FFA00EFFFFFF6FA
:10C6900000BFF500BFF500126FFB20FFFFFFFFFF9B
:10C6A000FFF8005FFA00FFFFFFFFFFFFF8005FFAEF
:10C6B00000BBBCFFFCBBBBB5005FFC740006FFD039
:10C6C000000000018FFFF6000CFF70000000BFFFAC
:10C6D000FFF8FFFFFFFFFFFFFBEFFFFFE6FFFFFF9E
:10C6E000FFFFFFFBEFFFFB01BCFFFBBBBFFFC7630F
:10C6F0005FFA0008FF90003FFE00005FFA001FFF96
:10C70000FA31DFF500005FFA0019EFFFFFFFA0002C
:10C71000005FFA000006EFFFFFE9303EFFFA00ACD1
:10C72000EFFFFFFFFFF64FFFFA00EFFFFFB339FF08
:10C73000F64FFFFA00EFDA72000006D6022221005F
:10C7400010000000000000009FF80000000DFF70C6
:10C7500000000009FF800EFFFFFFFFFFFFD0009FDA
:10C76000F800EFFFFFFFFFFFFD0AFFFFFF0EFFBB1B
:10C77000BBBBBCFFD0AFFFFFF0EFF20000004FFDEE
:10C780000AFFFFFF0EFF23400604FFD0009FF800C2
:10C79000225BF800EE83210009FF8007DFFF800E97
:10C7A000FFFB60009FF803FFFFE4009FFFFF1009FD
:10C7B000FFCC7FFD60000028DFF137DFFFF672005D
:10C7C00000000000271EFFFFFF48CCCCCCCCCCCC17
:10C7D00000EFFFFD71AFFFFFFFFFFFF00EDDFF80F9
:10C7E0000AFFFFFFFFFFFF00109FF80024446FFFC8
:10C7F0004444400009FF80000003FFE00000000007
:10C800009FF80000003FFE0000000009FF800000CC
:10C8100003FFE00000003EFFF809FFFFFFFFFFFFFE
:10C82000FF24FFFF809FFFFFFFFFFFFFF24FFFF896
:10C8300009FFFFFFFFFFFFFF2001200000000000B5
:10C84000000000000004FEA620CFFFFFFFFFFFFB5B
:10C850000004FFFFF0CFFFFFFFFFFFFB0004FFFF1F
:10C86000F0CFF96666669FFB000038CFF0CFF84442
:10C8700044448FFB0000000150CFFFFFFFFFFFFB90
:10C880000004200000CFFFFFFFFFFFFB000CFFB7FD
:10C8900040CFF50000006FFB000CFFFFF1CFFFFF62
:10C8A000FFFFFFFB0008EFFFF1CFFFFFFFFFFFFBE4
:10C8B00000000158C123333333333332000000000A
:10C8C00003CCCCCCCCCCCCCC300003FFF3FFFFFFAF
:10C8D000FFFFFFFF400006FFD4FFFFFFFFFFFFFF4A
:10C8E000400009FFA4FF82EF55FF28FF40000CFF26
:10C8F00074FF70EF33FF07FF40001FFF44FF70EF2E
:10C9000033FF07FF40005FFF04FF70EF33FF07FFB7
:10C910004000AFFB04FF70EF33FF07FF4000FFF75D
:10C920004FFFFFFFFFFFFFFFF105FFF14FFFFFFF8D
:10C93000FFFFFFFFF10BFFB04FFFFFFFFFFFFFFF08
:10C94000F10333200000000000000000000100009F
:10C950000000000000000000007EA5102FFFFFFF78
:10C96000FFFFFF5007FFFF22FFFFFFFFFFFFF50064
:10C970007FFFF32FFFBBBBBBBEFF500059EF32FF61
:10C98000E0000000BFF5000000312FFFFFFFFFFFB8
:10C99000FF5005200002FFFFFFFFFFFFF500EFEA59
:10C9A000602FFF4444444CFF500EFFFF42FFFAAAA1
:10C9B000AAAAEFF5009EFFF42FFFFFFFFFFFFF5035
:10C9C00000037B32FFFFFFFFFFFFF5000033300065
:10C9D00000786068810000000FFF4BB60EFD0DFF70
:10C9E00023BB4002FFF1FFA0EFD0DFF27FF3004F47
:10C9F000FD0EFD0EFD0DFF29FF1008FFA0BFF0EF9B
:10CA0000D0DFF2CFE000BFF808FF2EFD0DFF2EFBB8
:10CA1000000EFF405FF5EFD0DFF3FF9003FFF1233F
:10CA2000443EFE3DFF4443207FFD0BFFFFFFFFFF21
:10CA3000FFFFFC0CFF80BFFFFFFFFFFFFFFFC1FFF9
:10CA4000F40BFFFFFFFFFFFFFFFC00FFF05FFC00A8
:10CA50005FFFFFFFFFF200FFF05FFC009FFFFFFFA3
:10CA6000FFF200FFF05FFC00DFFFFFFFFFF200FFBF
:10CA7000F05FFC02FFF51111111000FFF05FFC07E1
:10CA8000FFF00000000000FFF05FFC0EFFA1FFF2CE
:10CA9000000000FFF05FFC5FFF40BFF8000000FFF8
:10CAA000F05FFCDFFC005FFD00000077705FFD8839
:10CAB00083000FFF30000000005FFC00000009EE63
:10CAC0008000000000266500000000000000004F0C
:10CAD000FFFFFFFFFFFFFFFFFA00004FFFFFFFFF19
:10CAE000FFFFFFFFFB00004FFFFFFFFFFFFFFFFF08
:10CAF000FB00004FFC11EFF11AFF516FFB00004FDC
:10CB0000FC00EFF00AFF406FFB00004FFC00EFF06D
:10CB10000AFF406FFB00015FFC11EFF11AFF516F3C
:10CB2000FB101FFFFFFFFFFFFFFFFFFFFFF71FFFD0
:10CB3000FFFFFFFFFFFFFFFFFFF71FFFFFFFFFFFED
:10CB4000FFFFFFFFFFF7EFFFFFFFFFFFFFFFFFFF0D
:10CB5000FAEFFFFFFFFFFFFFFFFFFFFACDDDDDDD97
:10CB6000DDDDDDDDDDDDD80022209CC901BCC70292
:10CB7000220002FFE02EFF8CFFC02FFE0002FFE02C
:10CB800004FFFFFF102FFE0002FFE00CFFEFFF800D
:10CB90002FFE0002FFE0CFFE25FFF82FFE0002FF70
:10CBA000F9AAA999AAAAAFFE0002FFFFFFFFFFFFA3
:10CBB000FFFFFE0002FFFFFFFFFFFFFFFFFE000081
:10CBC0000000000BFF70000000004BBBBBBBBEFFB2
:10CBD000DBBBBBBBB16FFFFFFFFFFFFFFFFFFFF240
:10CBE0006FFFFFFFFFFFFFFFFFFFF26FFB000AFF7A
:10CBF00080233200FFF26FFB003FFD002FFC00FF9F
:10CC0000F26FFB3BEFFDBBBFFF40FFF26FFB4FFF3F
:10CC1000FFFFFFFFC0FFF26FFB4FFFFFFFFFFFF4BF
:10CC2000FFF26FFB00000000000000FFF2001EFF9B
:10CC3000FFFFE008FFFFFFFA01CFFFFFFFE07FFFEC
:10CC4000FFFFFA7EFFFFFFFEECFFFFFFFEE9EFFFB5
:10CC50005BFF607FFFA5FFB000EFC305FFC07FE66D
:10CC600000FFF1008400012225DF80001221000274
:10CC7000FFFFFFFFFFFFFFFFFF0002FFFFFFFFFFC0
:10CC8000FFFFFFFF0002BBBBBBBDFFEBBBBBBB009D
:10CC90000000000007FFB000000000EFFFFFFFFFF3
:10CCA000FFFFFFFFFFFAEFFFFFFFFFFFFFFFFFFFA9
:10CCB000FABCCCCCCCCCCCCCCEFFECC80000000075
:10CCC00000000009FF70002FFFFFFFFFFFFFFFFFC5
:10CCD000FFE02FFFFFFFFFFFFFFFFFFFF02CCCCC9B
:10CCE000CCCCCCCCCEFFECB00006CA8643100009F9
:10CCF000FF70000007FFFFFFF31DDFFF7000000261
:10CD00007ACFFFF31FFFFF70000000000014611FC7
:10CD1000FFFF700000000000000000000001110093
:10CD20000007FF8000000FFF20AFB00000EFF10010
:10CD30000000FFF207FF00006FF80000001FFF3245
:10CD40005BC4000DFF10007EFFFFFFFFFFB005FF7B
:10CD500091AB88FFFFFFFFFFFB00CFF28FF68FFF45
:10CD6000FFFFEDCB703FFD2FFE02322FFF200000B2
:10CD70000BFFFFFF800000FFF2000220BFFFFFF16A
:10CD800000245FFFDDFFFB005EFFF9008FFFFFFF68
:10CD9000FFFFB0006FFF2008FFFFFFFFFFFB000C4D
:10CDA000FFB0008FFFFFFD86531003FFF622023114
:10CDB00009FFB0005900AFFFFFF300006FFF02BF93
:10CDC000B01FFFFFFF300002FFFAFFFB07FFFFFF6E
:10CDD000F200000DFFFFFE400000000000004AFFCF
:10CDE000FFF800000124578249EFFFFFFB0000DF3E
:10CDF000FFFFFF5FFFFFC9FFF6000EFFFFFFF5FF1C
:10CE0000D82008FFF400CCA98653072000000BFFB0
:10CE1000F300009FF5001FFFFFFFFFF7000001FF79
:10CE2000E0004FFFFFFFFFF4000007FF70007FFBF3
:10CE30008888FFF100000EFF0000AFF85557FFE0B3
:10CE400000005FF89FF3DFFFFFFFFFB00000CFF2AD
:10CE5000FFC1FFFFFFFFFF800003FFC7FF6022222B
:10CE6000222CFF60000BFFFFFF4FFFFFFFFFFFFFC4
:10CE7000400AFFFFF93FFFFFFFFFFFFF40004DFFAC
:10CE8000F22AAAADFFFAAAAA20000AFFC00048DFD2
:10CE9000FFF3002320001FFF501FFFFFFFF700FFDD
:10CEA000A0007FFF221FFFFABFFB05FF5000DFFF3E
:10CEB000FF2C8404BFFFBBFE0004FFFFFF026AEFEC
:10CEC000FFFFFFF9000AFFFFFF2FFFFFFFFFFFB08B
:10CED00000000000001FFFB61FFFBFF70000013574
:10CEE00068263038CFFF2DFF100CFFFFFF39CFFF32
:10CEF000FFFF25FF700DFFFFFF4FFFFEAEFF20EF8E
:10CF0000C00BCA87541EA7300DFF30AFF0000000E1
:10CF10000000000000000000002FFFFFFFFFFFFFE8
:10CF2000FFFFFFF22FFFFFFFFFFFFFFFFFFFF22FCB
:10CF3000FFFFFFFFFFFFFFFFFFF22FFE1111111197
:10CF4000111111EFF22FFE67600577700377EFF292
:10CF50002FFEBFF10FFFF50BFDEFF22FFE6FF55F18
:10CF6000FFFA0FF8EFF22FFE1FFAAFECFE5FF3EFC0
:10CF7000F22FFE0BFFEF97FFDFE0EFF22FFE06FF31
:10CF8000FF42FFFF80EFF22FFE01FFFE00CFFF30D8
:10CF9000EFF22FFE00CFFA008FFE00EFF22FFE001F
:10CFA000FFFC00CFFF10EFF22FFE05FFFF21FFFF78
:10CFB00060EFF22FFE0BFFFF76FFFFB0EFF22FFEC8
:10CFC0000FFCFFCCFFCFF1EFF22FFE5FF6AFFFFBC0
:10CFD0006FF6EFF22FFEAFF15FFFF61FFBEFF22FC0
:10CFE000FFFFC00FFFF10CFFFFF22FFFFF700AFFE2
:10CFF000B006FFFFF22FFE00000000000000EFF27D
:10D0000000007FFB01FFFFFFFFFF9000001EFF50AD
:10D010001FFFFFFFFFF900000BFFE001FFFFFFFF15
:10D02000FF90000AFFF700011111111110002CFFF1
:10D03000FD00000000000000000DFFFF6551000032
:10D040000000000000EFFF6FFF2222222222222296
:10D050000EFE3AFFD0FFFFFFFFFFFFF0DB14FFF7EC
:10D060000FFFFFFFFFFFFF0301EFFE00FFFFFFFFCA
:10D07000FFFFF001DFFF5000000003FFE00004EFBE
:10D08000FFF0000000003FFE0000EFFFFF00000087
:10D090000003FFE0000EFFFFF0000000003FFE0075
:10D0A00000EB5FFF0000000003FFE0000302FFF061
:10D0B000000000003FFE0000002FFF000000000302
:10D0C000FFE0000002FFF0000000225FFE00000011
:10D0D0002FFF0000001FFFFFE0000002FFF0000034
:10D0E00001FFFFFE0000002FFF0000001FFFFFE018
:10D0F000000000FFF300000CFF500000000000BF24
:10D10000F800111CFF6111111100007FFD00FFFFED
:10D11000FFFFFFFFFF20002FFF30FFFFFFFFFFFF9C
:10D12000FF20000DFF80FFFFFFFFFFFFFF20000239
:10D130003320000CFF50000EFF2002222220000CA2
:10D14000FF40000EFF201FFFFFD0000CFF40000E2D
:10D15000FF201FFFFFD0000EFF30000EFF201FFF3B
:10D16000FFD0000FFF00000EFF200008FFC0005F8F
:10D17000FD00000EFF200009FFB000CFF700000EF9
:10D18000FF20000AFF9009FFF100000EFF20000CB5
:10D19000FF72CFFF7000011EFF20000EFF58FFFB43
:10D1A0000000AFFFFF20001FFF28FFA00000AFFF1F
:10D1B000FF20004FFF08D50000009FFFFF20008FD9
:10D1C000FFA7210000000000000000CFFFFFFFFFCD
:10D1D000FFFFFFFFFFF001FFFFFFFFFFFFFFFFFF6C
:10D1E000FFF005FFD17BDFFFFFFFFFFFFFF00244F1
:10D1F0002000000000000000000000EFF5001FFF0D
:10D20000FFFFFFFFFC00008FFA001FFFFFFFFFFF83
:10D21000FC00003FFF101EEEEEEEEEEEEB00000D08
:10D22000FF6000000000000000000005AA70000080
:10D230000000000000000000000277777777777722
:10D24000777002222224FFFFFFFFFFFFFFF01FFF86
:10D25000FFD4FFFFFFFFFFFFFFF01FFFFFD4EEEE45
:10D26000FFFEEEEEEEE01FFFFFD00002FFE1000048
:10D2700000000004FFC0000CFF6000333000000518
:10D28000FFB0005FFC0000DFF2000007FF9000EF3E
:10D29000F300006FF9000009FF708DFFFDDDDDDF99
:10D2A000FE00000BFF50AFFFFFFFFFFFFF50000E1F
:10D2B000FF20AFFFFFFFFFFFFFB0002FFF00133382
:10D2C000333333333320006FFFEA64333333333384
:10D2D000333000AFFFFFFFFFFFFFFFFFFFF400FF52
:10D2E000FEFFFFFFFFFFFFFFFFF405FFE038ACCDBF
:10D2F000DDDDDDDDDDD300110000000000000000F9
:10D30000000000000000000001110000000000EF1C
:10D31000F5000000CFF800000000009FFA00CFFFEA
:10D32000FFFFFFFFFF30004FFF00DFFFFFFFFFFFAA
:10D33000FF40000EFF40CFFFFFFFFFFFFF3000095F
:10D34000FFA0006FFD00000000000000000000CF03
:10D35000F7FFF20000000555554002FFF1FFF20013
:10D3600000001FFFFFD04BFFD7FFF87775001FFFAE
:10D37000FFD0AFFFFFFFFFFFFC000CCDFFD0AFFFE2
:10D38000FFFFFFFFFC000004FFC0477777FFF8773F
:10D3900075000006FFB0000000FFF200000000076B
:10D3A000FF92AAAAAAFFFBAAAA700009FF83FFFFA7
:10D3B000FFFFFFFFFFB0000CFF63FFFFFFFFFFFF5A
:10D3C000FFB0000EFF30444444FFF6444430002FC9
:10D3D000FF00000000FFF2000000006FFFC85332A2
:10D3E00022CDD422222000BFFFFFFFFFFFFFFFFF5F
:10D3F000FFF000FFFEFFFFFFFFFFFFFFFFF005FF55
:10D40000E038ACCDDDDDDDDDDDD000110000000059
:10D41000000000000000000000000000000000000C
:10D4200000004006000000000000F0131210010090
:10D430009000900A080301069C00E0070504010023
:10D44000A600300E0D1001000E01300E0710030073
:10D450004601300E0C100100A601300E0C10010028
:10D460000602300E0E1000007602300E0C10010085
:10D47000D602300E0D1001003E03300E0D100100DB
:10D48000A603300E0D1001000E04300E0C1001002A
:10D490006E04B009050D02008F047010101000001A
:10D4A0000F050018181500FE0B060018161601FDD2
:10D4B000FD060018171500FEEF070018161401FEF0
:10D4C000CB080018171600FDC8090018171601FE32
:10D4D000C50A0018161601FDB70B0018171501FE36
:10D4E000A90C0018181700FDBD0D0018171600FE36
:10D4F000BA0E0018181500FEB60F0018161501FE1A
:10D500009D100018161501FE84110018171600FE54
:10D5100081120018181600FD89130018161501FE57
:10D5200070140018171501FE62150018181600FD7A
:10D530006A160018181600FD72170018181700FD5B
:10D54000000005000D000E00100011001200130075
:10D550001400150016001700180019001A00230007
:10D56000FA4D53510857C55D865E655F85638763D5
:10D57000096E5F6EB1769B79297B9F7EF87E317F45
:10D580002C88998FB08FBE8F20000000BF8F0100C4
:10D5900040D5020800000000240003000406040C2B
:10D5A000040E0604060F0C040C0F0F060F0CCAF431
:10D5B000F8E9E1D2F1E5F8009CD50208AED5020801
:10D5C0000900000090BB020818D4020888D50208A0
:10D5D000B8D502081000010844000020519E01083F
:10D5E000759D01081700030000FE0100C4D5020864
:10D5F0000000000000000000000000000DDF010836
:10D60000F1DF0108000000002DE301088200820024
:10D610004A020000000001E001E0000000FF0055A8
:10D62000AAFF00112233445566778899AABBCCDD46
:10D63000EEFF000102030405060708090A0B0C0DA2
:10D640000E0F101112131415161718191A1B1C1D82
:10D650001E1F202122232425262728292A2B2C2D72
:10D660002E2F303132333435363738393A3B3C3D62
:10D670003E3F404142434445464748494A4B4C4D52
:10D680004E4F505152535455565758595A5B5C5D42
:10D690005E5F606162636465666768696A6B6C6D32
:10D6A0006E6F707172737475767778797A7B7C7D22
:10D6B0007E7F808182838485868788898A8B8C8D12
:10D6C0008E8F909192939495969798999A9B9C9D02
:10D6D0009E9FA0A1A2A3A4A5A6A7A8A9AAABACADF2
:10D6E000AEAFB0B1B2B3B4B5B6B7B8B9BABBBCBDE2
:10D6F000BEBFC0C1C2C3C4C5C6C7C8C9CACBCCCDD2
:10D70000CECFD0D1D2D3D4D5D6D7D8D9DADBDCDDC1
:10D71000DEDFE0E1E2E3E4E5E6E7E8E9EAEBECEDB1
:10D72000EEEFF0F1F2F3F4F5F6F7F8F9FAFBFCFDA1
:10D73000FEFF808080818182828384858687898ABA
:10D740008C8D8F91939597999B9EA0A2A5A7AAAD2A
:10D75000AFB2B500FF1FFF1F01E001E02100200074
:10D7600069006A006C006B006D006E00630062006F
:10D7700000000000F8D502089553010800000000E1
:10D780000000000000000000C300C300041C0000F3
:10D79000F8D50208A95202080000000000000000AD
:10D7A0000000000064202B0000000000F8D50208F3
:10D7B0008553020800000000000000000000000087
:10D7C0006420D12700000000F8D50208DB550108CD
:10D7D0003556010800000000995601086420040134
:10D7E000C0080000F8D50208ED6301080000000041
:10D7F0000000000039640108040104010104000074
:10D80000AC1603081DB7010800000000000000006E
:10D81000000000006420322001040000401D0308C5
:10D82000941D0308AC1D03086C1D0308981D030814
:10D83000A01D0308B41D0308A41D0308781D0308D8
:10D840008C1D0308901D0308C81D0308381D03081C
:10D85000541D03085C1D03089C1D0308681D030874
:10D86000701D0308741D03084C1A03087C1D03086F
:10D87000801D0308541A0308D01D0308381D03082F
:10D88000581D0308481D0308B81D0308B01D0308F0
:10D89000641D0308A81D0308601D0308881D0308F4
:10D8A000841D03084C1D0308441D0308501D030874
:10D8B000381D0308CC1D0308C01D03083C1D0308C8
:10D8C000C41D0308BC1D0308D41D0308250304045C
:10D8D0000404040404040404040404040404040408
:10D8E00004040701260303040304030403040304DC
:10D8F00003040304030403040701010501050104F3
:10D9000001040104010401040104010401050105ED
:10D91000010522030201060002012203401D030843
:10D92000181E0308301E0308E81D03081C1E030808
:10D93000241E0308381E0308281E0308F81D0308C8
:10D94000101E0308141E0308C81D0308381D030811
:10D95000401E0308D81D0308201E0308E41D030809
:10D96000EC1D0308F01D0308F41D0308FC1D03084B
:10D97000001E0308041E0308D01D0308381D0308F9
:10D98000581D0308481D03083C1E0308341E0308E5
:10D99000E01D03082C1E0308DC1D03080C1E0308F1
:10D9A000081E03084C1D0308441D0308501D0308EE
:10D9B000381D0308CC1D0308C01D03083C1D0308C7
:10D9C000C41D0308BC1D0308D41D0308250304045B
:10D9D0000404040404040404040404040404040407
:10D9E00004040701260303040304030403040304DB
:10D9F00003040304030403040701010501050104F2
:10DA000001040104010401040104010401050105EC
:10DA1000010522030201060002012203781E030809
:10DA20007C1E0308801E0308841E0308881E03084A
:10DA30008C1E0308901E0308941E0308981E0308FA
:10DA4000741E0308C81D0308381D0308401E030880
:10DA50006C1E0308581E0308701E0308681E030886
:10DA6000A41E0308541E0308441E0308AC1E03082A
:10DA70004C1E0308A01E0308A81E0308381D030837
:10DA8000B81E0308B01E0308501E0308601E0308DA
:10DA9000641E0308C01E0308C41E0308B41E030846
:10DAA000BC1E03089C1E0308481E03085C1E0308D6
:10DAB000381D0308CC1D0308C01D03083C1D0308C6
:10DAC000C41D0308BC1D0308D41D03080104010480
:10DAD000010401040104010401040104010401041E
:10DAE00002012203010401040104010401040104F0
:10DAF00001040104010401040104010401040104FE
:10DB000001040104010401040104010401040104ED
:10DB1000010422030201060002012203781E030809
:10DB20007C1E0308801E0308CC1D0308381D030853
:10DB3000841E0308881E03088C1E0308BC1D0308EE
:10DB4000381D0308901E0308941E0308981E03083E
:10DB5000C81D0308381D0308C81E0308741E0308E7
:10DB60004C1D0308C01D0308C41D0308D41D030871
:10DB70000100010001002203010001000100220355
:10DB8000010001000100020001000100010001008C
:10DB900001000000F8D50208A5C801080000000037
:10DBA00000000000C1C801081A001A00800200002D
:10DBB000F8D502080000000000000000000000008E
:10DBC00000000000C30004010000000090160308DC
:10DBD0000000000000000000000000000000000045
:10DBE00000000000000000003817030800000000DB
:10DBF0000000000000000000000000000000000025
:10DC000000000000F8D502087DD10108E1D201082A
:10DC10000000000000000000C300040140060000F6
:10DC2000F8D50208E9D201081DD301080000000060
:10DC3000000000006420D12780020000F8D502080F
:10DC4000BDD201080000000000000000000000003C
:10DC50006420D12700000000F8D50208A5D30108F0
:10DC60000000000000000000000000006420D12738
:10DC700000000000F8D502080000000000000000CD
:10DC80000000000000000000D127D12700000000A4
:10DC9000F8D50208000000000000000000000000AD
:10DCA000000000000000000000000000F8D502089D
:10DCB0000000000000000000000000000000000064
:10DCC0000000000000000000F8D50208000000007D
:10DCD0000000000000000000000000000000000044
:10DCE00000000000F8D5020800000000000000005D
:10DCF0000000000000000000000000000000000024
:10DD0000F8D50208F3D401080FD50108000000007F
:10DD100029D5010800000000C0030000F8D5020862
:10DD200000000000000000000000000000000000F3
:10DD30000401D12780030000F8D50208000000008C
:10DD40000000000000000000000000006420D12757
:10DD500040020000F8D502080000000000000000AA
:10DD60000000000000000000642064204002000069
:10DD7000FC17030845260208000000000000000010
:10DD8000C926020882000000810700005816030817
:10DD9000BD29020800000000000000000000000093
:10DDA0000000000000000000F8D50208513502080C
:10DDB0009136020800000000ED360208642064205D
:10DDC00000030000F8D50208054102080000000029
:10DDD00000000000000000000000000080020000C1
:10DDE000F8D50208414102080000000000000000D0
:10DDF000000000000000000080020000F8D50208CA
:10DE0000714A02080000000000000000000000004D
:10DE100064206420400200000EA0D90D90C80C8040
:10DE2000B70A60110B80D91F0991F0881F0880F094
:10DE300088000000000D203C00000F0069002FFF4B
:10DE4000FFFFF7015C11A610006900C30000880005
:10DE5000D2009FFFFFFFF012C523E22000D203C0D3
:10DE60000000F004B0000000700000000E00000090
:10DE700000E0000019EFEA300CD6E6A702F40E002D
:10DE8000001F80E000006FEF50000016FFE500006B
:10DE90000E0AF00100E05F13F85E6EB005CFFE9150
:10DEA00000000E0000000070000008DD3000A70038
:10DEB0004B02D004C0007700D01D20004B03D0A738
:10DEC000000007DC34C4CC3000001D2D22D000003F
:10DED000A63B00B30005C03A00A3001D200D00D0F2
:10DEE00000A60004CC40004DFC300000F718C00034
:10DEF00001F205D00000BB6E4000005FF300000798
:10DF0000E6DB03802F301DBAA05F0001DF401FB4A5
:10DF100048FEC003BFFC40B200000000001F01F03B
:10DF20001F00F0000003F10B900F404F007D009B9D
:10DF300000AA00AA009B007D004F000F400B900339
:10DF4000F15E000E6008C004F001F300F500E60089
:10DF5000E600F501F304F008C00E605E00009300D7
:10DF600088A6C209FE404DDDB14293500052000028
:10DF70000450000008A0000008A0001FFFFFF303EA
:10DF800039B3300008A0000008A0000103F61E60AD
:10DF9000E12C00000003FFF90333100003F52E40CD
:10DFA00000000E400004E000009A00000E40000453
:10DFB000F000009A00000E400003F000009A0000FC
:10DFC0000E500003F000009A00000E500003F00015
:10DFD00000004CFE70004FB68F900DB0005F32F421
:10DFE0000000E74F20000CA4F20000CA2F40000EF2
:10DFF00070DB0005F204FB68F90004CFE700EFFBDB
:10E0000044CB00AB00AB00AB00AB00AB00AB00AB54
:10E0100000AB07DFEA108E857EC0010006F100002C
:10E0200006F000000D900000CC00001CC00001DBD9
:10E0300000001DE544427FFFFFF97FFFFFF024440D
:10E040005F900000BC000009E100003FD810000410
:10E050006DD0000002F4100002F4BD757DD019DF10
:10E06000EA1000000DA0000000AC00000007E10075
:10E0700000004F40100002F600F5001DA000F50062
:10E080007FFFFFFFF3133333F730000000F500008C
:10E090000000F50009FFFFF00AB444400C800000C6
:10E0A0000E7000000FFFFC4003345CF2000000F72C
:10E0B000100000F78E856CF108DFFB30002AEFD5E9
:10E0C000003FD657400CC0000002F40000004F5B38
:10E0D000FFA104FE845DD03F80003F30E80003F2E2
:10E0E00006F845DC0005DFE9109FFFFFFD9D444475
:10E0F000E99C0004F200000BB000002F400000ADCE
:10E10000000001F6000008E000000E8000006F1023
:10E1100000019EFE9100BE636EC00F60006F00CCD8
:10E12000202BC002EFFFE200DC424CD05F20001F3A
:10E1300055F20002F50ED535DE001AEFEA1003BFE6
:10E14000EA202FA44BE18E0000E99D0000DD4F7115
:10E1500029FF07FFFC9E000210AC000002F60765D5
:10E160008FB00AEFD7002E53F50000000000003FEB
:10E1700052E42E53F50000000000002E52F60D214F
:10E18000D001000000003100006CF2018ED6000FBB
:10E19000C300000AFB40000017EE70000005C3003A
:10E1A0000000001FFFFFF3033333300000000000C6
:10E1B0000000001FFFFFF303333330040000000EA4
:10E1C000D71000005CF92000002AF20003AFB1066E
:10E1D000DE82001C6000000000000007DFEA109EE5
:10E1E000746EC0010006F0000009C000008E20001F
:10E1F00006F2000008700000000000000B80000024
:10E200000C900000006CEFDA4000003DA41016D91D
:10E210000001E509EE98CA900A80BD43AFC0D30F54
:10E2200013F2000CC0693C06D00007C03B4B06D07F
:10E230000007C02C3C03F2000CC04A0F10BD439EE7
:10E24000E3C50A8009EE91CF9001E50000000000CF
:10E25000003DA41028000000007CEFD91000000051
:10E260000CF1000000003FD700000000B96E000074
:10E270000002F20E50000009A007D000001F30007D
:10E28000F400007FFFFFFB0000E733334F2005F071
:10E2900000000C900C90000006F18FFFFEC408E314
:10E2A000334BF28E00001F58E00018F18FFFFFF88B
:10E2B00008E33337F68E000009C8E000009D8E3376
:10E2C000347F78FFFFFD700007CFFB4000CF966AD8
:10E2D000F50AE20000301F600000004F200000003F
:10E2E0004F200000001F600000000AE20000300123
:10E2F000CF966AF50007DFFB408FFFFEA4008E4437
:10E3000046CF708E000007F38E000000DA8E00000A
:10E31000009D8E0000009D8E000000DA8E00000738
:10E32000F38E4446BF708FFFFEA4008FFFFFF68E72
:10E330004444418E0000008E0000008FFFFFC08E1D
:10E340003333208E0000008E0000008E4444428F44
:10E35000FFFFF98FFFFFF68E4444418E0000008ED0
:10E360000000008E0000008FFFFFC08E3333208E30
:10E370000000008E0000008E0000000007CFFC505F
:10E3800000CF966AF60AE20000201F600000004FEE
:10E39000200000004F200000B91F600000B90AE310
:10E3A0000000B900CF966AF80007DFFC608E00001D
:10E3B00008E8E000008E8E000008E8E000008E8F84
:10E3C000FFFFFFE8E333339E8E000008E8E0000023
:10E3D0008E8E000008E8E000008E8E8E8E8E8E8E6F
:10E3E0008E8E8E8E02FFFFC00444BC000009C00068
:10E3F000009C000009C000009C000009C02000BA79
:10E400000EB58F603CFE808E00004F508E0004F6EB
:10E41000008E003F70008E03F800008E2EC00000BA
:10E420008EECF600008FB07F30008E000AE1008E87
:10E430000000CC008E00001EA08E0000008E0000A8
:10E44000008E0000008E0000008E0000008E000094
:10E45000008E0000008E0000008E4444408FFFFFBD
:10E46000F28E00000008E8F7000002FE8FF10000C5
:10E47000BFE8DCA0004F9E8D2F300D87E8D09C06B2
:10E48000E07E8D01E7E507E8D006FC007E8D000AFE
:10E490002007E8D00000007E8E100008E8FC000095
:10E4A0008E8FF90008E8E6F6008E8E09F308E8E0A2
:10E4B0000CE18E8E001EB8E8E0003FEE8E00006F8B
:10E4C000E8E00000AE0007CFEB500000CF966BF9FC
:10E4D000000AE200005F601F6000000AD04F2000C9
:10E4E0000006F04F20000006F01F6000000AD00A6E
:10E4F000E200005F6000CF966BFA000007DFEB5090
:10E50000008FFFFD7008E4458FB08E00005F38E09B
:10E510000001F58E00003F48E0014DD08FFFFFB2B3
:10E5200008E33310008E00000008E0000000000740
:10E53000CFEB500000CF966BF9000AE200005F605D
:10E540001F6000000AD04F20000006F04F2000009E
:10E5500005F01F6000000AD00AE200005F6001DFE2
:10E56000855AFA000008DFFC5000000001EC2194FD
:10E570000000001BFFC10000000012008FFFFD70B3
:10E5800008E4458FB08E00005F38E00001F58E0092
:10E59000003F38E0014DD08FFFFFC208E333DA00BF
:10E5A0008E0002F608E00005F3019EFDA200CE6495
:10E5B0006B702F40000001F800000006FD95000080
:10E5C000016AEE500000009F00200005F13FA547C2
:10E5D000EB004BEFE910FFFFFFFF2444BD44400078
:10E5E00009C00000009C00000009C00000009C0061
:10E5F000000009C00000009C00000009C0000000ED
:10E600009C00009C00000BA9C00000BA9C00000BFD
:10E61000A9C00000BA9C00000BA9C00000BA8E007F
:10E62000000D94F40003F50CF868FD0009EFE91003
:10E630000CB000000AC05F200001F500E900008E68
:10E640000008F0000E70001F6005F10000AD00C969
:10E65000000003F43F3000000CBAC00000005FF57A
:10E6600000000000EE00006F10000DB00002F21F6D
:10E6700060003FF10008D00BB0008BE6000D700683
:10E68000F000E69B002F2001F503F14F108D0000F4
:10E69000CA09B00E60D800006F0E6009B2F3000026
:10E6A0001F9F1004F9D000000CFB0000EF80000059
:10E6B00007F600009F30003F50000DA008F2009DBB
:10E6C0000000CC04F300002F9E70000006FC000048
:10E6D0000009FE1000004F4DB00001E802F7000BEA
:10E6E000D0007F207F20000BD00CB000009C002FBA
:10E6F00050002F30009E000C900000E805F1000053
:10E7000005F3E60000000CFD000000003F400000A3
:10E710000002F3000000002F3000000002F30000B0
:10E720004FFFFFFF9144444AF3000003F60000014D
:10E73000EA000000CC0000009E1000006F400000C6
:10E740003F7000001ED4444436FFFFFFFC8FF68D5F
:10E75000318D008D008D008D008D008D008D008D20
:10E76000008D008D008D318FF65D000000F20000FD
:10E770000B8000006D000001F200000B8000006DB6
:10E78000000001F200000B7000006D000001F200BB
:10E79000000B7000006D000001F2BFF325F302F3DF
:10E7A00002F302F302F302F302F302F302F302F3C1
:10E7B00002F325F3BFF300AD00001EC4000885A0DE
:10E7C00000E20E105B00970B5002E0EEEEEEE00B65
:10E7D000C00009B004CFEA100B745DB0000004F073
:10E7E00004CEEEF21F8214F24F1004F21F703DF2BD
:10E7F00004DFD7F2BA000000BA000000BA0000003F
:10E80000BA8EFC30BFD54BF3BE1000CABA00007EF2
:10E81000BA00007EBE1000CABFD55BF3B98EFC30D3
:10E82000007DFD6009F748F42F5000205F000000D4
:10E830005F0000002F50002009F748F4007DFD60C4
:10E840000000001F40000001F40000001F4008EF1E
:10E85000C4F40AF748FF42F50007F45F00002F45B3
:10E86000F00001F42F50006F40AE637EF4008EFC88
:10E870004F40008EFC400AD538F42F20008C5FEE0C
:10E88000EEFF5F2111112F70001009F846E4007DA2
:10E89000FE80009EE305F44108C000CFFFF029D3BD
:10E8A0002008D00008D00008D00008D00008D00010
:10E8B00008D000007EFC4E60AF747FF62F50005FE2
:10E8C00065F00000F65F00000F62F60006F609F73B
:10E8D00047FF5007EFC4F50000003F20CB646EB047
:10E8E00003AEFD8000BA000000BA000000BA0000CC
:10E8F00000BA8EFB20BFC56DD0BE0003F2BA000087
:10E90000F4BA0000F5BA0000F5BA0000F5BA00004C
:10E91000F5BAA800BABABABABABABABA000AB00016
:10E920009900000000AB000AB000AB000AB000ABD9
:10E93000000AB000AB000AB000AA064E71DFA0BA10
:10E94000000000BA000000BA000000BA001CC0BA03
:10E9500001CC00BA1CD100BBCF6000BFDBE100BD21
:10E9600011DC00BA003F70BA0007F3BABABABABAFB
:10E97000BABABABABABAB99EFA15DFD40BFB45EDEA
:10E98000E64AF2BE0006F6000E7BA0004F2000C94A
:10E99000BA0003F1000C9BA0003F1000C9BA0003AD
:10E9A000F1000C9BA0003F1000C9B99EFB20BFB432
:10E9B0005DD0BE0003F2BA0000F4BA0000F5BA0060
:10E9C00000F5BA0000F5BA0000F5007DFD60009F7B
:10E9D000748F702F50007F05F00001F35F00002F4F
:10E9E00032F50007F009F748F70007DFD600B98EC7
:10E9F000FC30BFC43AF3BE1000CABA00007EBA00B1
:10EA0000007EBE1000CABFD55BF3BA7EFC30BA00F0
:10EA10000000BA000000BA000000008EFC3F40AFCA
:10EA2000748EF42F50007F45F00001F45F00002F3A
:10EA300042F50007F40AF748FF4008EFC4F400006D
:10EA4000001F40000001F40000001F40B98E4BFD84
:10EA500071BE100BB000BA000BA000BA000BA000F2
:10EA600005DFEA13F735A06F000001EE9610016A8A
:10EA7000EF300000D96C646F62AEFD7008D0000802
:10EA8000D000CFFFF029D32008D00008D00008D054
:10EA90000008D00005F551009FE3C80002F3C8004C
:10EAA00002F3C80002F3C80002F3C90003F3AB008D
:10EAB00007F35F837EF306DFC5F30D90000AA06EB7
:10EAC0000001F300F5007D0009C00E60003F24F056
:10EAD0000000C8B9000006FF3000000FC000C800E9
:10EAE00006F1000D56D000CF6003F01F302F9C00C0
:10EAF0009A00B807B2F10E4005E0D60C74E0000FA2
:10EB00006F007C990000AFA001FF400005F4000BEE
:10EB1000E0004F3007E109D02F4000D9D900003F75
:10EB2000D000004FE10001E7BB000BB01E707E106B
:10EB300005F30D90000AA06F0001F300F6007D00C0
:10EB400009C00D60002F34F00000C9A9000005FFC6
:10EB50002000000EC0000000E5000094AD00001B86
:10EB6000FC2000005FFFFFA13337F40001E7000045
:10EB7000CB00008E10004F40001EA33326FFFFFC89
:10EB8000006EA00F9201F4001F4001F4003F303FDF
:10EB9000C0006F3001F4001F4001F4001F4000FA74
:10EBA0002005EA8B8B8B8B8B8B8B8B8B8B8B8B8B47
:10EBB0008BBE5002AE0005F0005F0005F0004F1064
:10EBC00000DF104F5005F0005F0005F0005F002AE5
:10EBD000E00BE40007EC40B41E25DFC0010000009C
:10EBE00004CC302B01C05700932B01C005CC30065C
:10EBF000A10FF60BE2000000000000000000000082
:10EC000000027BFB000000049DFFFFD00003AFFF6C
:10EC1000FFFFFD0000AFFFFFFFDFD0000AFFFFB6E0
:10EC200010ED0000AF9400000ED0000AF1000000CB
:10EC3000ED0000AF1000000ED0000AF1000045FD0D
:10EC40000000AF1001EFFFD0179DF1005FFFFC0E39
:10EC5000FFFF1000AFFD31FFFFE00000010003BD2A
:10EC6000A3000000000050188888888405FABFDDE2
:10EC7000DDDDFDAFE47F100000CA4EE04F10000064
:10EC8000C80EFEEF100000CFEFE03FEEEEEEF80E04
:10EC9000F68F766666EB6FF8AF100000CC8FE03F22
:10ECA000100000C80EFCDF655555EECFC25FFFFFB8
:10ECB000FFF92C57750577777775FFFF1FFFFFFF6B
:10ECC000FFFFFF2FFFFFFFFFEFFF0EFFFFFFFE0124
:10ECD000100011111110EFFE0EFFFFFFFEFFFF2FBE
:10ECE000FFFFFFFFFFFF1FFFFFFFFF688707888809
:10ECF000888668870788888886FFFF1FFFFFFFFFD9
:10ED0000FFFF2FFFFFFFFFDFFD0DFFFFFFFD0000F7
:10ED1000000000015000000000001DF8000000008D
:10ED200001DFFD000000001DFFE22D600001DFFE9D
:10ED300020DFF7001DFFE2008FFF71DFFE200008DB
:10ED4000FFFEFFE20000008FFFFE2000000008FF32
:10ED5000E200000000007D20000000000000000034
:10ED60007F60000BE2EFF600BFF84FFF6BFFD104AE
:10ED7000FFFFFD10005FFFE10000BFFFF6000BFF8B
:10ED8000DFFF60BFFD14FFF5CFD1004FF617100075
:10ED9000036000000011000000000000FF00000000
:10EDA000006F21FF12F70006FF61FF16FF601FF9D9
:10EDB00001FF109FF16FE001FF100EF6AF8001FF21
:10EDC0001008FACF6001FF1006FCAF8000AA00080F
:10EDD000FB7FD00000000DF71FF80000008FF10747
:10EDE000FF91002AFF70009FFFEEFFF9000005CFA2
:10EDF000FFFD500000000244200000000000000061
:10EE0000000000000AFFA0000000000CFFC000008E
:10EE100003D6DFFFFD6D300EFFFFFFFFFFE05FFF5A
:10EE2000FFAAFFFFF51AFFF4004FFFA103FFD00078
:10EE30000DFF3004FFF0000FFF404FFFFB22BFFF2C
:10EE4000F42FFFFFFFFFFFF209FEFFFFFFEF90002F
:10EE5000505EFFE5050000000CFFC000000000044C
:10EE60007740000000000003100341000000009FF5
:10EE7000F50DF50000001BFDFF8DF5000002DFB170
:10EE80002DFFF500004FF83EC2BFF50007FF55FF0C
:10EE9000FE39FE409FE38FFFFFF56FF6AC2AFFFFC0
:10EEA000FFFF73E6005FFFFFFFFFF100006FFFD77A
:10EEB0007FFFF200006FFF900DFFF200006FFF90E8
:10EEC0000DFFF200004FFF700BFFE1000000003368
:10EED00000000000000BFFB0000000000CFFC000AD
:10EEE0000000000CFFC0000000000CFFC00000008C
:10EEF000000CFFC00000008FFFFFFFF800002EFF96
:10EF0000FFFFE2000002EFFFFE200000002DFFE205
:10EF10000000799982DE289997FFFFFB22BFFFFF4F
:10EF2000FFFFFFFFFFFFFFFFFFFFFFFAB3CFACCCF8
:10EF3000CCCCCCCCCA0006BBBBBBBA3000004FFF68
:10EF4000FFFFFFE10000EF30000006FB0009F800C2
:10EF5000000000CF504FD0000000002FE1DF8442BE
:10EF60000000344BF9FFFFFD0001FFFFFBFFFFFF37
:10EF7000988BFFFFFCFFFFFFFFFFFFFFFCFFFFFF82
:10EF8000FFFFFFFFFB9FFFFFFFFFFFFFF6000000FB
:10EF90000000003300018DFFC600EF004EFFFFFFB1
:10EFA000E4DF04FFB3004CFFFF0EF90000008FFF09
:10EFB0006FC00001FFFFFF8E500001DEEEED00008C
:10EFC000000000000022222200000021FFFFFF10AD
:10EFD0000008F8FFFBBC10001EF4FFFC100001DF6E
:10EFE000C0FEEFE8448EFE10FE1AFFFFFFC100FDD9
:10EFF0000028BB940000000002700002EF0002EF46
:10F00000FDFFFFFFFFFFFFFFFFFFFFFFFFFFFFFF12
:10F01000FFFF3447FFF00005FF000005C0000000BF
:10F020000000027000000002EF00000002EFF0009C
:10F030000DFFFFFF0220FFFFFFF08E1FFFFFFF000D
:10F04000E7FFFFFFF03F5FFFFFFF08903447FFF04F
:10F0500000000005FF0000000005C00000000000E7
:10F0600000000000000000077000000002700005B2
:10F07000FA0000002EF000814F600002EFF001DD89
:10F0800007F0DFFFFFF0321E80F6FFFFFFF08E2754
:10F09000E0B9FFFFFFF00E73F19BFFFFFFF03F545D
:10F0A000F09AFFFFFFF0890AC0D83447FFF0007FD5
:10F0B00043F300005FF002F60CB0000005C0000052
:10F0C000BF10000000000009E30000000000000283
:10F0D000100037888888888873EFFFFFFFFFFFFEE6
:10F0E000FE32DFFFFFFFFFF9007FFFFDFFFFFD1096
:10F0F000CFFFA07FFFFFFFFFFA0007FFFFF35FA036
:10F100000000CFFF3003000000CFFC000000000033
:10F11000CFFFCCCCCCCCCCFFAFFFFFFFFFFFF90083
:10F12000002000000001FA00000006FF1000000DA2
:10F13000FF7000006FFFF10001EFFFFA000BFFFF0F
:10F14000FF605FFFFFFFE0CFFFFFFFF6FEBFFFFFA7
:10F15000F9FD4FFFFFF9BF49FFFFF53FE52EFFD057
:10F1600006FFFFFD200028BA600004300000311FB8
:10F17000E00006F91FE0007FFA1FE009FFFA1FE038
:10F18000AFFFFA1FEBFFFFFA1FFFFFFFFA1FFFFFA2
:10F19000FFFA1FE6FFFFFA1FE05FFFFA1FE004FF20
:10F1A000FA1FE0003EFA0FD00002D7000000000076
:10F1B0000200000000000CFB2000000000FFFF9098
:10F1C0000000000FFFFFE6000000FFFFFFFC300023
:10F1D0000FFFFFFFFF9100FFFFFFFFFFE60FFFFFA5
:10F1E000FFFFFFF2FFFFFFFFFFFD0FFFFFFFFFF835
:10F1F00000FFFFFFFFB2000FFFFFFD400000FFFF19
:10F20000F70000000FFFA1000000006A40000000AE
:10F2100000001444200144420DFFFF10DFFFF1FF06
:10F22000FFF30FFFFF3FFFFF40FFFFF4FFFFF40F6F
:10F23000FFFF4FFFFF40FFFFF4FFFFF40FFFFF4F03
:10F24000FFFF40FFFFF4FFFFF40FFFFF4FFFFF4002
:10F25000FFFFF4FFFFF40FFFFF4FFFFF30FFFFF34F
:10F260009FFFC009FFFC001444444444420DFFFFCB
:10F27000FFFFFFF1FFFFFFFFFFFF3FFFFFFFFFFF6C
:10F28000F4FFFFFFFFFFFF4FFFFFFFFFFFF4FFFF54
:10F29000FFFFFFFF4FFFFFFFFFFFF4FFFFFFFFFF39
:10F2A000FF4FFFFFFFFFFFF4FFFFFFFFFFFF4FFFD9
:10F2B000FFFFFFFFF39FFFFFFFFFFC0002100000B6
:10F2C000420FE20003FB0FFE3004FB0FFFF404FBD0
:10F2D0000FFFFF54FB0FFFFFFAFB0FFFFFFFFB0FBA
:10F2E000FFFFFFFB0FFFFFD6FB0FFFFD14FB0FFF20
:10F2F000C104FB0FFB0004FB0CA00003FA0000009C
:10F30000000000000012000000000003FF60000089
:10F3100000002EFFF500000001EFFFFF4000001D80
:10F32000FFFFFFF30000CFFFFFFFFE200AFFFFFFFC
:10F33000FFFFE00EFFFFFFFFFFF2039999999999F4
:10F3400050058888888888700FFFFFFFFFFFF30F44
:10F35000FFFFFFFFFFF40BFFFFFFFFFFD1000000E7
:10F36000000000003F9000003FFC00003FFD100047
:10F370003FFD10003FFD10001FFD100000CFF40006
:10F380000000CFF4000000CFF4000000CFF4000034
:10F3900000CFE0000000A4000000000000CD10003D
:10F3A000001FFD1000003FFD1000003FFD10000099
:10F3B0003FFD1000003FFD000008FF900008FF9097
:10F3C0000008FF900008FF900002FF9000000780F7
:10F3D000000000000004500000000002FF60000078
:10F3E00000003FF70000000003FF70000000003F36
:10F3F000F7000006999AFFC99980FFFFFFFFFFFF02
:10F400003DFFFFFFFFFFF201113FF7111000000366
:10F41000FF70000000003FF70000000003FF7000D5
:10F420000000000CD30000006999999999980FFF8A
:10F43000FFFFFFFFF3DFFFFFFFFFFF2000000000E3
:10F44000000000000156640000000003BFFEEFF959
:10F450001000007FFA1003DFE40008FFA009B41ECB
:10F46000FF504FFF200BFF26FFE1EFFF09CFFF63A7
:10F47000FFFABFFF09FFFF54FFF61EFF51DFFB0934
:10F48000FFB003EFE204305FFC10002CFF956AFF31
:10F490009000000049DFFD92000000000000000025
:10F4A000000000CD20000000000000008FF50014D7
:10F4B000664000000004EFACFFEFFF910000001C6D
:10F4C000FFA1004DFE300000009FF5AB31EFF400CE
:10F4D00007B105FFFFE17FFE100FFE302DFFF54F56
:10F4E000FF900CFFE000AFF65FFF6002FFF4000644
:10F4F000FFEFFB00004FFD10003EFFC0000002DFE9
:10F50000E85401BFE300000005AEFF6007FF6000A4
:10F510000000000000004EF60000000000000001A6
:10F52000A10000000000000000000000003ED0002C
:10F5300000000000000CFF80000000000006FFFF3C
:10F54000200000000000EFFFFB00000000008FFC27
:10F55000CFF4000000002FFB00FFD00000000BFFE5
:10F56000C00FFF70000004FFFD01FFFF100000DF6F
:10F57000FFE02FFFFA00007FFFFF9BFFFFF3001F5C
:10F58000FFFFB00EFFFFC00AFFFFFE24FFFFFF607A
:10F59000FFFFFFFFFFFFFFFA06CCCCCCCCCCCCCBDF
:10F5A000300000000000360000000000007F80DD19
:10F5B000DB00008DEFF8FFFFB007FFFFFD556FF494
:10F5C0006FF8AFE2000574FF907E2000003FFA0064
:10F5D00000000002EFB2504A00012EFD1DF48FB072
:10F5E000FFFFD10BFFFFFBFFFE2000CFFFFB12212F
:10F5F0000000029FC000000000005B00000007A0A8
:10F600000000000008FFB000000008FFFFB000008D
:10F6100008FF95FFB00008FF9005FFB007FF9000BE
:10F6200005FFB09F90000005FD00400000000310A2
:10F630004C20000000B60BFE200000CFF02EFE2074
:10F6400000CFF4002EFE20CFF400002EFECFF400F9
:10F6500000002EFFF4000000002EF4000000000067
:10F660001300000000083000000000000000BFF39D
:10F6700008BBBBBB90000BFFFF39FFFFFFF1008F02
:10F68000CFCFF000000AF100382F948000000AF17B
:10F6900000002F900000000AF100002F90000003EE
:10F6A0000AF130002F9000001FCBF8F8002FEBBBC1
:10F6B000BB39FFFFE2001FFFFFFFB09FFD200000EE
:10F6C0000000000008D10037888700000000EFFF2D
:10F6D000FFA0000000FFFFFFFDCCCCB6FFFFFFFF47
:10F6E000FFFFFFFFFFFFFFFFFFFFFFFFFFFFFFFF2A
:10F6F000FFFFFFFFFFFFFFFFFFFFFFFFFFFFFFFF1A
:10F70000FFFFFFFFFFFFFFFFFFFFFFFFFFAFFFFF59
:10F71000FFFFFFF900000000000000000001DD1005
:10F72000000000001DFFD100000001DFFFFD100000
:10F73000001DFFFFFFD100009FFFFFFFF900000148
:10F740001CFFC1100000000CFFC0000000000CFFF7
:10F75000C0000000000CFFC0000079993BFFB39986
:10F7600097FFFFB2442BFFFFFFFFFEDDEFFFFFFF20
:10F77000FFFFFFFAB3CFACCCCCCCCCCCCA0000009E
:10F7800000000200000000000004FFC700000000AD
:10F7900000AFFFF0000000001FFFFD0000000006AA
:10F7A000FFFFC00000000008FFF700000000000C91
:10F7B000FF300000000004FFC00000000001EFF374
:10F7C00000004A3002DFF80005DFFE15EFFB000005
:10F7D000EFFFFFFFFA00000BFFFFFFF70000007FC5
:10F7E000FFFFA200000002BA8500000000000486AE
:10F7F0000000001006FFFA0002DFD1EF3CF101DF4C
:10F80000FA0EE0AF21DFFA009FEFF6DFFA00008D7D
:10F81000FFFFFB00000006FFFD00000048EFFFF6C1
:10F8200000006FFFFBFFF6000EF3CF23FFF600EEA4
:10F830000AF204FFF609FEFC0004FFF108DA1000EA
:10F8400002620000000000000000006FFFF9870066
:10F850000008FFFF98F708A68FFFF95990FFA8FF4F
:10F86000FFFCCC0FFA8FFFFFFFF1FFA8FFFFFFFFA8
:10F870001FFA8FFFFFFFF1FFA8FFFFFFFF1FFA8FA7
:10F88000FFFFFFF1FFA8FFFFFFFF1FFA7FFFFFFF52
:10F89000F0FFE3122222210FFFFFFFF90000ACCCA2
:10F8A000CCCB5000004999999995000EFFFFFFFFBE
:10F8B000F600FD2222224FF60FC0000001FFF3FCEC
:10F8C0000000001FFF6FC0000002FFF6FFFFFFFFF8
:10F8D000FFFF6FFFFFDCFFFFF6FFFFB005FFFF6FCD
:10F8E000FFF6000FFFF6FFFFC006FFFF6FFFFFED03
:10F8F000FFFFF69FFFFFFFFFFD10CDDDDDDDDDDD4E
:10F900002FFFFFFFFFFFF31222222222220000001E
:10F91000000000000000000000000FFFFFFFFFFFDD
:10F92000F3DEEEEEEEEEEE20000000000000000040
:10F93000000000000DEEEEEEEEEEE2FFFFFFFFFF37
:10F94000FF3000000000000037888888888873EF47
:10F95000FFFFFFFFFFFEEFFFFFFFFFFFFE1CFFFFAC
:10F96000FFFFFFC1D28FFFFFFFF82DFF64EFFFFE07
:10F9700045FFFFFA2BFFB2AFFFFFFFD3553DFFFF5F
:10F98000FFFFFFBBFFFFFFFFFFFFFFFFFFFFAFFF1B
:10F99000FFFFFFFFF9000000000001FFFFF000047F
:10F9A000FFFFD00006FFFF800008FFFF30000AFFC6
:10F9B000FFAAA60CFFFFFFF80EFFFFFFE10BDDDF44
:10F9C000FF6000004FFD0000007FF3000000BFA0BB
:10F9D000000000FF10000003F800000003C000005A
:10F9E0000000200000000455EFB5520000FFFD1F8D
:10F9F000FFB0000FFFFFFFFC0000FFFF53332000AC
:10FA00000FFF97FFFB5700FFF8AFFFC6F80FFF8A05
:10FA1000FFFC4AA1FFF8AFFFE3220FFF8AFFFFFFC1
:10FA2000F4FFF8AFFFFFFF4FFF8AFFFFFFF43552EF
:10FA3000AFFFFFFF40000AFFFFFFF400007FFFFF62
:10FA4000FE20000001100000000000AF00000000D8
:10FA5000018FFA30000002EFFFFF500000BFFFFFF0
:10FA6000FF10001FFFFFFFF50003FFFFFFFF700007
:10FA70005FFFFFFFF90008FFFFFFFFC000DFFFFF90
:10FA8000FFFF209FFFFFFFFFFD0EFFFFFFFFFFF2C5
:10FA9000022222222221000008FFC00000000009EB
:10FAA000A20000005BBBBBBBBBBBBBA3FFFFFFFF58
:10FAB000FFFFFFFBFC0C30E11D0D11FCFC0B30E0E7
:10FAC0001D0D10FCFFFEFFEFFEFEEFFCFFF15A08DC
:10FAD00070A05FFCFFF37B2992C27FFCFFBFCBBB12
:10FAE000BBBFCBFCFC0B2000000D00FCFFCFCCCC3F
:10FAF000CCCFCCFB9FFFFFFFFFFFFFF60000000015
:10FB000000000200000000000005DFB0000000005F
:10FB100007EFFFD000000018FFFFFF70000029FF73
:10FB2000FFFFFF00003BFFFFFFFFF8000AFFFFFFA2
:10FB3000FFFFF1000FFFFFFFFFFFA000049AAAAF35
:10FB4000FFFF20000000000EFFFB00000000000E81
:10FB5000FFF400000000000EFFC000000000000ED7
:10FB6000FF5000000000000DFD0000000000000438
:10FB7000B300000035555502000FFFFFF2F400FFFF
:10FB8000FFFF2FF40FFFFFF2FFF3FFFFFF32221FF3
:10FB9000FFFFFFFFF7FFFFFFFFFF8FFFFFFFFFF8F4
:10FBA000FFFFFFFFFF8FFFFFFFFFF8FFFFFFFFFFDC
:10FBB0008FFFFFFFFFF8FFFFFFFFFF8FFFFFFFFF3C
:10FBC000F88AAAAAAAAA3000000024553100000031
:10FBD0000003AFFFFFFFC7000002BFFFFEDEFFFF15
:10FBE000F6005FFFB51000038EFFB0DFD30000000A
:10FBF00000008FF5180005AEFEC81004600002DF9B
:10FC0000FFFFFFF80000000CFF95347DFF4000006F
:10FC100002A2000000770000000000029600000031
:10FC2000000000000DFF500000000000000EFF600B
:10FC300000000000000005DA000000005BBBBBBB59
:10FC4000BBBBBBBA20FFFFFFFFFFFFFFFF90FC1213
:10FC500022222222220FF7FC5FFFFFFFFFFF2CFA78
:10FC6000FC5FFFFFFFFFFF21FAFC5FFFFFFFFFFFCD
:10FC700027FAFC2666666666661FFAFEBBBBBBBB40
:10FC8000BBBBBFB1AFFFFFFFFFFFFFFF5000000096
:10FC90000000000000005BBBBBBBBBBBBBBA20FFCE
:10FCA000FFFFFFFFFFFFFF90FC1222222221000F27
:10FCB000F7FC5FFFFFFFF8000CFAFC5FFFFFFFF8A7
:10FCC0000001FAFC5FFFFFFFF80007FAFC266666FA
:10FCD0006663000FFAFEBBBBBBBBBBBBBFB1AFFFD4
:10FCE000FFFFFFFFFFFF50000000000000000000CA
:10FCF0005BBBBBBBBBBBBBBA20FFFFFFFFFFFFFF74
:10FD0000FF90FC1222221000000FF7FC5FFFFFD0D3
:10FD100000000CFAFC5FFFFFD0000001FAFC5FFF5F
:10FD2000FFD0000007FAFC2666665000000FFAFEBE
:10FD3000BBBBBBBBBBBBBFB1AFFFFFFFFFFFFFFF49
:10FD4000500000000000000000005BBBBBBBBBBB61
:10FD5000BBBA20FFFFFFFFFFFFFFFF90FC12220056
:10FD60000000000FF7FC5FFF300000000CFAFC5FA2
:10FD7000FF3000000001FAFC5FFF3000000007FACE
:10FD8000FC2666100000000FFAFEBBBBBBBBBBBB72
:10FD9000BFB1AFFFFFFFFFFFFFFF500000000000FB
:10FDA000000000005BBBBBBBBBBBBBBA20FFFFFFBF
:10FDB000FFFFFFFFFF90FC0000000000000FF7FCBA
:10FDC0000000000000000CFAFC0000000000000130
:10FDD000FAFC00000000000007FAFC000000000030
:10FDE000000FFAFEBBBBBBBBBBBBBFB1AFFFFFFF8E
:10FDF000FFFFFFFF500000000000000000000000B7
:10FE0000000007B20000000000000ADFFA00000056
:10FE1000000000A93DF5000000044002E0001000D1
:10FE20000000AFF80B600000006C30FFFFFFFFFF29
:10FE3000FFFFFFF4AFF9000C5000006D40055000CB
:10FE400004C00000100000000000C43EE8000000F4
:10FE50000000002EEFFA000000000000004FFA0042
:10FE60000000000000000000000000000110000081
:10FE70000007EFFFB30000AFFD8FFF2004FFFD0977
:10FE8000FFB00AFEFD12AFF00EF55D2C0EF30FFF72
:10FE900033129FF50FFFF307FFF60FFFE206FFF6A1
:10FEA0000FFE24137FF50DF57D2C0DF30AFFFD11D8
:10FEB000BFF003FFFE0BFFA0007FFEBFFE1000039C
:10FEC000ACDC810000003443000005667FFFF9666A
:10FED00050FFFFFFFFFFFF356666666666501CCC6D
:10FEE000CCCCCCC402FFFFFFFFFF602FF3FB7F6D84
:10FEF000F602FF2FB7F5DF602FF2FB7F5DF602FF02
:10FF00002FB7F5DF602FF2FB7F5DF602FF2FB7F50D
:10FF1000DF602FF3FB7F6DF601FFFFFFFFFF500750
:10FF2000BCCCCCCC90000000000000012000000000
:10FF3000000004FF500000000002FFFF500000001E
:10FF40000439FFFE00000004FF39FFA0000004FF99
:10FF5000FF39B0000004FFFFFF20000004FFFFFF97
:10FF6000B0000004FFFFFFB0000004FFFFFFB0007F
:10FF70000004FFFFFFB0000000BFFFFFB000000063
:10FF80000DFFFFB000000000FFFFB00000000009FF
:10FF9000A86000000000000000178888888887405B
:10FFA0000002EFFFFFFFFFFFF4003EFFFFCFFFCF98
:10FFB000FFF703EFFFF908F809FFF83EFFFFFE2007
:10FFC000402EFFF8DFFFFFFFE101EFFFF89FFFFF8B
:10FFD000FF80008FFFF809FFFFF902C209FFF80058
:10FFE0009FFFFE4EFE4EFFF80009FFFFFFFFFFFFE1
:10FFF000F700008FFFFFFFFFFFC1000000000000BF
:020000040803EF
:1000000003EFFFFFE203FBFBCEBFA4FF1D03A1FA3A
:10001000FFF1D03A1FAFFFFFFFFFFAFFFFFFFFFF27
:10002000AFFFFFFFFFFAFFFFFFFFFFAFFFFFFFFF85
:10003000FAFFFFFFFFFFAFFFFFFFFFFAFFFFFFFF2A
:10004000FFADFFFFFFFFF829AAAAAAA80000000041
:100050000000000300000000000004F10008200080
:100060000001FF100BF70000002FF10CFF94444437
:1000700045FF1BFFFFFFFFFFFFF18FFFFFFFFFFFAC
:10008000FD007FF70000000000006F60000000002E
:100090000000300000000000000000000000000030
:1000A0000000C003000000000000C003030A0000BD
:1000B0000F008005050500051C00D0090A0A000094
:1000C0004E00B008090F00FE9200D00B0C0A000091
:1000D000CE00A0090A0B00FF0501F0020305000590
:1000E0000D01B004040E01FD2901C004040E00FD41
:1000F0004501A00506060005570120080807000273
:1001000073013003030500FE7B0160050503000356
:1001100083013003030300008801F004070EFFFF92
:10012000B9015009090A0000E6013005040A00007F
:10013000FA011008080A000022020008080A00005C
:100140004A0260090A0A00007C021008080A00003E
:10015000A402A008090A0000D1026008080A0000F1
:10016000F9020009090A00002603A008080A000095
:100170004E033003030800005A033003030B00FD55
:100180006B032008080800018B0320080806000202
:10019000A303200808080001C3030008080A0000A0
:1001A000EB03800E0E0D00FD4604400A0C0AFF0012
:1001B0008204A00A090A0100AF04200A0A0A00000A
:1001C000E104900B0A0A010013056009080A010006
:1001D0003B05E008080A01006305D00A0A0A00008E
:1001E0009505600B090A0100C2055004020A0100CE
:1001F000CC053007070AFF00EF05100A0A0A0100C4
:1002000021065008080A01004906600D0B0A01008A
:100210008006600B090A0100AD06C00B0C0A000045
:10022000E906200A090A01001607C00B0C0D00FDA3
:100230006407300A090A01009107B008090A0000A2
:10024000BE073008090A0000EB07100B090A01007D
:100250001808F0090B0AFF004F08C00F100A000031
:100260009F0870090A0A0000D10810090B0AFF0054
:1002700008093009090A00003509B004040E01FD1F
:100280005109F004070EFFFF8209B004040E00FDBF
:100290009E09300807060102B3090007070100FFA5
:1002A000B709600805020109BC09600808080000D8
:1002B000DC099009080B0100080A00080808000082
:1002C000280A9009090B00005A0A90080808000043
:1002D0007A0AF004060B00009B0AB009090B00FD26
:1002E000CD0A9009080B0100F90AE003020B010096
:1002F000040B0004050EFEFD270BA008080B0100EF
:10030000530BE003020B01005E0BD00E0D08010041
:10031000920B900908080100B20BE00809080000E0
:10032000D60B9009080B01FD020C9009090B00FD8A
:10033000340CC00505080100480C00070708000040
:10034000640CD005060A0000820C80090808010030
:10035000A20CD0070908FF00C60C900C0D08000085
:10036000FA0CC007080800001A0DD007090BFFFDA2
:100370004C0D500707080000680DF004050E00FD45
:100380008B0D3004020E01FD990DF004050E00FDE9
:10039000BC0D200808030003C80DE0050605000693
:1003A000D70D600404030003DD0D000E0F0FFFFEE8
:1003B0004E0E000E0E0B00009B0E000E0E0D00FFE9
:1003C000F60E000E0E0B0000430FA0090A0B0000F2
:1003D0007A0F000E0E0F00FEE30F000E0E0F00FE50
:1003E0004C10C00F100D00FFB410000E0E0F00FED9
:1003F0001D11C00F100B00007511000E0E0F00FE36
:10040000DE110007070C00FF0812800A0B0C00FF2A
:100410004A12C00F100E00FEBA12000E0E0B0000A2
:100420000713A0090A0F00FE5213400C0A0E01FE2A
:100430009813400C0D0F00FEFA13400C0D0D00FF39
:100440004F14400C0D0D00FFA414400C0A0E01FEC9
:10045000EA14400C0E0DFFFF4515C008090D00FF02
:100460008015C008090D00FFBB15400C0D0D00FFE5
:100470001016400C0D0400032A16C00F100B0000CC
:1004800082168011120F00FE0917C00F110FFFFE18
:100490008917000E0E0D00FFE417400C0D08000137
:1004A0001818400C0D0800014C188011120B0000A8
:1004B000AF18000E0E0B0000FC18000E0E0F00FE11
:1004C0006519000E0F0FFFFED619400C0D0D00FF31
:1004D0002B1A400C0D0F00FE8D1A400C0D0D00FF65
:1004E000E21A400C0D0C00FF301B000E0E0B00003A
:1004F0007D1BC0080A0FFFFEC81B400C0D0F00FE3D
:100500002A1C400C0D0F00FE8C1CC00F100B0000AD
:10051000E41C000E100FFFFE5C1D800A0B0F00FE96
:10052000AF1D8011120D00FF241E8011120A000061
:100530007E1E8011120A0000D81E8011120A0000CF
:10054000321F8011120A00008C1F8011120A000055
:10055000E61F8011120C00FF5220400C0C0F00FE11
:10056000AC20400C0D0F00FE0E21000E0F0FFFFE01
:100570007F218011120B0000E221800A0B0F00FE88
:100580003522100E0F0A00000000721F51EF58EFC5
:100590005BEF5CEF5DEF61EF63EF65EF69EF6CEFD1
:1005A00071EF76EF77EF78EF8EEF93EF98EF9BEFA9
:1005B0009CEF9DEFA1EFA2EFA3EFA4EFB7EFB8EF91
:1005C000BEEFC0EFC1EFC4EFC7EFC8EFC9EFCBEF8D
:1005D000E3EFE5EF14F015F017F019F030F037F015
:1005E0003AF043F06CF074F0ABF03BF190F191F124
:1005F00092F193F194F1D7F1E3F13DF254F2AAF4C0
:1006000012F7F2F7200000005F0001000000000078
:100610000000000000000200B0000000F3F76000DE
:1006200088050308000000003E00030000000102EE
:100630000003040502060708090A090A0B0C000D4D
:100640000E0F101112130C141400000015161718B9
:1006500019161A1B1C1D1D1E1F201D1D16212223CD
:1006600003241E2525262728292A2B002C002D2E81
:100670002F303132332D343435302D2D2E2E363768
:100680003839333A3A3B3A3C290000093D09000029
:10069000000000000000000000000000000000005A
:1006A000000000000000000000000000000000004A
:1006B000000000000000000000000000000000003A
:1006C0000000000000000000000000000102000324
:1006D000040502060708090A090A0B0C0D0E0F1083
:1006E000110C1213141515000000161718191719FC
:1006F00019191719191A1919191917191719031B83
:100700001C1D1D1E1F202122230024002526272713
:1007100027002726282926262A2A272A272A2B2C7B
:100720002D2E2E2F2E30000023093109000000004D
:1007300000000000000000000000000000000000B9
:1007400000000000000000000000000000000000A9
:100750000000000000000000000000000000000099
:100760000000000000000000000100000000000088
:100770000001000002000000000200000000000074
:100780000000000000000000000001000000000068
:10079000000000000000000000010A0006FB00004D
:1007A0000000F4F3020B0504F7020B010902070035
:1007B000000000000000000000000D02FE0000002C
:1007C0000000000000000000000400F9000000002C
:1007D00000FC04040000FE00FE0200FE00FEFFFC20
:1007E00000000000FE0000FDFD0000FE00FC000017
:1007F00000000000000000FEFE00FD00FA00E50021
:1008000000FC0004070000FC02020704FC040000D6
:10081000F30000000000000000000000F8000000ED
:100820000000000000000000000000FAFDF500F7E5
:10083000FE00000000000900F9FEFF0100FC0000BE
:10084000FEEF0000000000000000000000EEFE09C6
:10085000000000000000000000000000F7000000A1
:10086000000000000000000700020000FC00000083
:10087000000000000000000000000000000009026D
:100880000100000000000000000000000000000067
:100890000000000000000000000000000000000058
:1008A0000000000000000000F80000000000000050
:1008B0000000000000000000000000000000000236
:1008C000040207FE000004FEF9E102060400FD0038
:1008D000080007000700EB00FD070007FE04020008
:1008E0000001FE0000FC12001200070009030407CB
:1008F000000000F80000000001FE0002FCFDFC0208
:1009000000FE000000F700000000000000000000F2
:1009100000F10000000000000000000000000000E6
:100920000001F400F200000000FE0016FDFD0202CE
:10093000FE00FD020000F4000000000000000000C6
:100940000000EA00020000000000000000000000BB
:1009500000F2000D0000F8000700F1EAF1FC0700CA
:1009600000F10003FB00FD0000000000000000009B
:100970000000000607E50000000000000000000085
:1009800000000B000200000000000202FDFC00FF5E
:10099000FFFE0000FE000000FC00FE00FBFC00FA71
:1009A000F9F9FC00FC00FC00000000FE0000020061
:1009B00002FE000100000002FE000000FE0202FF35
:1009C000000000FC00FF0000000000010003FE002A
:1009D000FD00FC0000FE00070000FE00000000001B
:1009E000FF01FEFE0000FE00FE000000000000000F
:1009F0000000FFFF00FEFD0000000000010000FEFF
:100A000000FEFEFE000000000000000000FF0000ED
:100A10000000FEFD00FD00F9FEF9040000FC0204E8
:100A20000600FAFFFD00FFF502FE02F402000001DD
:100A3000F400F4FEEDFE00F50004060003000000E3
:100A4000000000FCFD00F9000000FE000000FE00B8
:100A500000000000FFFF00FFFD000000000000009C
:100A6000FEFE00FEFDFE0000FE0000000000000093
:100A700000000000FEFE00FD00FE00FC020000FD84
:100A8000010202000000000000FE00000000000261
:100A90000000FE00FEFEFD0000000000000002005D
:100AA000FE00000000FEFD00FC0007FE01F9000052
:100AB00006F5F4F7FC0200FEF1FC00FC00FC03FC70
:100AC000F200FA000001FF02FE000200F9F700F553
:100AD000FBFBFBF9FDFA00FCFA01000100FE00003F
:100AE000000200020000000000000000000000FE04
:100AF00000FF00FFFE00FCFBFBFF00F90000000010
:100B00000000FE0000000001FF00000002000000E5
:100B100000000000000B00000000000002000000C8
:100B2000FE0000000000000000000000FC000200C9
:100B3000000000000000000000000000FE000000B7
:100B4000FC00000000F5F9000000FDF50000FE02C9
:100B500000FA00000000000000000000FC0000FCA3
:100B60000000000000000000000000000200FC0087
:100B7000000000030002FCFC00FEFEFD000000007F
:100B80000000F900FE00FDFE00FBFAF9FE00FC008B
:100B9000F900000000120000010000FD000200F654
:100BA0000000000000EBFC0707FEF70002FD00F567
:100BB000FFFD02F0FE030003F8FDF8F9F70000F373
:100BC000000D0000FF000000FFFFFEFAF900EB003F
:100BD0000000000000000000010000000000000014
:100BE000000000000000000000FE00FFFEFD00000D
:100BF000FC00FE00000000000000000000000000FB
:100C00000000FF00FC000004FF0300FB02FEFFFAEF
:100C1000FE00FDFEFE00FDFC0000FEFFFEFCFD00F0
:100C200000FE0002FE00FB000000FC00FC00FCFCDB
:100C3000020000000000000000FC0200FD00FEFDBC
:100C4000F9FEFEFEFFFEFDFF0000000000FEFEFEBE
:100C50000000000003FE00FE000000FEFDFEFEFDA1
:100C6000FE000209FF00FA00FE0400FEF7FD03008B
:100C700000F5FC02FC0200FEFEF900FD010000FC94
:100C80000000000202FCFC00FCFEFDFEFE00FC0178
:100C9000FCFC070000000000000000000200000053
:100CA0000000000000000000000000000000000044
:100CB00000000000FC000000000000000000000038
:100CC0000000000000000000000000000000000024
:100CD0000000000000000000000000000000000014
:100CE000FE00000000000000000000000000000006
:100CF0000000000000000000000000000000FEFEF8
:100D0000000000000000000000000000FD0000FDE9
:100D10000000FEFE00000000FE00000000FF0000DA
:100D2000000000FE00000000FD00FC000000F900D3
:100D300002FB0400FEF50000FBFE00F7FAFA0000DB
:100D4000F6FEF7F7F500FA00020FFD00FBFEFFFECE
:100D5000FCFAFCF8F7FBFE0000FE00010000F0FECC
:100D60000705FBF80001F900F5FEFE04EBFD0100AC
:100D700000F1FDF4FEF00000F0000D0100FE0000A7
:100D80000000FFFEF7FE00F100000000F900FE0089
:100D9000FFFAF50000FFFDF9FE00FE00000000F67E
:100DA000FEF9F9FEFCFAFEFC00FCFEF9FD00FDFC7C
:100DB000FEFC000100FEF9000400FC00000000033E
:100DC0000002FC0900FEFEFD000000000000F9002A
:100DD000FE00FDFE00FBFAF9FE00FC020900000027
:100DE00000120000010000FD0002000000000000F1
:100DF0000000000000000000FEFC0000000000FFFA
:100E0000000000FEFE0000FCFE0000FC0004FF00ED
:100E100000000000000100000000030402FE00F9D1
:100E2000FC0007F9F9FCFC090402EDFE04FE00FEDB
:100E300002FEF800FE02FDFEF9FE0000070400FAC3
:100E400000F4FD06FDF701FDF9F9FE090200FD00C1
:100E5000FA000207FBF8F7FA070001F0FE02FCFEB9
:100E6000FB00FBF8FDFDFE0000FBFBFE000705FE9E
:100E7000F400F4FD00F8F3FFF9FCF9FA060000FDB8
:100E800000FCFE00FEFC0004F9020000F400FEFB82
:100E9000FCFEF9FAF9FB00F9FEFBFCF9FE0000018B
:100EA0000BFC00F9FE00FEFCFBFAFAF7FDFC040067
:100EB000FD00F5FD0104F9F8FCF907FE01EBFC0467
:100EC000FBFCF800F9F7FDFEFEFEFBF9FF00000752
:100ED00006FEF100F3FB05F7F1FCF8F7F5F9040065
:100EE000000000FD000002FD0402FC040000F9FF08
:100EF00000FF000101FE000000000000FE000000F5
:100F00000002070000FD00000000FEFEFD000000E2
:100F10000102000000000200FE000900040101FDC2
:100F200000040000000200000000000000000000BB
:100F300000070006000000000000000000000000A4
:100F40000000F300FE04000700001603FCFC020290
:100F5000FE01F500000BF30000000000000000009F
:100F60000000F1091F000000000000000000000068
:100F700000F300000000000000000000000000007E
:100F8000000000000000000000000000FC0000FC69
:100F9000FE00000000000000000000000000000053
:100FA00000000000FE00FA0000010000021DFCFE2F
:100FB0000706FA0200000202FD0000000000000027
:100FC00000000000E3060000000000000000000038
:100FD00000000000000000FA000000FA000000001D
:100FE000FBFF000000FB00FD00F50000000000001A
:100FF0000000000000F100000000010000000000FF
:1010000000FE0000FC00FD00FA000000FC02FD00F4
:1010100000FAFEFB0000FA00FE00F500FE0000EE04
:10102000FCF7FEF80000F100FAFF000000000000ED
:101030000000FDFCFEFC00000000FB00FB03FE04C2
:1010400000FEFBFEFCFC00FDFFFE02FAFF000000BC
:10105000ECFEFD00FB00FEF5FE0000FEFE000000C1
:10106000000200FEFCFE0400000000000000000082
:101070000000000000000000000000000000000070
:101080000000000000000000000000000000000060
:10109000000003000000000000FB00FE000000FC58
:1010A00002000000FAFEFC0000FA00FE00F500005D
:1010B0000000EA00FCF8F50000F100FEFD00000071
:1010C0000000000000FEFDFFFD01000004FD000720
:1010D0000BFEFEF9030B0405FA03090306050600DF
:1010E000000000000000000000000E0BFCFE00FEEF
:1010F000120A12000000020000080000FC000000BC
:10110000000000000000FE000000000000000003DE
:1011100000000000EDFDFEF7F50000F1000000000A
:1011200000000000000000000000000000FC0000C3
:1011300000000000000000FE0000000000000000B1
:101140000300000000EDFDFEF7F50000F7000000D1
:10115000000000000000000000000000000000008F
:10116000FE000000FB0200FE020402F90000FE0285
:10117000000200000000FA00FEFEFC00FEF7000E78
:10118000FE00FBFE00FEFC00FEFAFCFD000000FC81
:10119000000000000000000000FE00000000000051
:1011A00000000300000000EDFDFEF7F50000F10077
:1011B00000000000000B0000000000000000000024
:1011C000FC00F9FDFE07FEFEF701FF01FEFA000537
:1011D00000020102FBF7FD00F7FCFAF7F700FCFC48
:1011E000FDFDFEFEFDFE00FEFF030003FE00070006
:1011F0000000000000000000000000FEFEFE0000F5
:10120000FA00FF00FC0000000000000000000000E9
:10121000F30000000000000000000000FEFE00FDE2
:1012200000000000FE0000FCFE0200FCFCFE00FAD4
:10123000FEFBFEFD00FC00000000000000000000BE
:1012400000F100070000FC00000000FD00FE0000AF
:10125000FF0000FE00FB000009FDF9F90202020098
:10126000FA020302070207FEFA0000F70000F9FA8B
:101270000000FC00FDFC00FD00FD00FE0300FEF987
:10128000FE080000FE00FC000003FB0002FE02005E
:1012900000F900FEFF00FE02FE000000F7FDFB006B
:1012A000F90000F50008FE00FC000100FE00FEF958
:1012B00000FE0200000000FE000002FD010000FD33
:1012C000FE00FD0000000000000000000000000023
:1012D00000000000F200050000FE00000000000019
:1012E000FEFE0000000400050000000000F2F30113
:1012F0000A0704F7020900080004000000000000CB
:1013000000000000000C00000000000000000000D1
:101310000000000000000000680703082C06030816
:10132000CA0603083D31000018DE020898000308D1
:10133000040603081813030810000228A401002063
:10134000519E0108759D01081000030000FF010077
:10135000281303080000000000000000F206E8EC7B
:10136000993661D63A9624BE055E05FA04B14D6AF7
:101370008E09CEE7FF47FE00FCC0FAA47AA963F10C
:101380009CF3EA8AE38EECD3FE7AFF5DEA0FF31258
:10139000F476FDDAFF3DAA37BB59CC9BE5FCF73E5E
:1013A0007AB893B9B4FBD63DEF3E5B587C399D5B70
:1013B000C65DEF5E453E65BE965FBEFFE79F2DBEF4
:1013C0004E1E86BFB73FE7BF263B4E9C86FDB75EED
:1013D000E7BF25334DB58658B6FBE79E65CD863011
:1013E000A6B4CF39EFBD9E6CAEB0C714DF79F7DD80
:1013F000D70ADF2EE773F7B8FFDCFF6BFF8EFFB372
:10140000FFD8FFFCFE45FEA9FF10FF76FFDCFD24A0
:10141000FDA9FE70FF16FF9CFB88FC4CFD52FE7779
:10142000FF5C8B6CA44FBD54D679EF5D7C939535F2
:10143000B5F8CEDBEF7EBDF7E71CEF7DF7BEFFDF33
:10144000E1C6D165C145B0E3D8CCC0CBA8AA8869B4
:10145000893578F468D348B159B65175413430D2E2
:101460003A5531F329B2190F1C5C1BBA13380A34F0
:1014700004DC045A03B702B3057804B40411030C66
:10148000044F03CD034B026845083C672BE61AE482
:101490007D886CE754453343C646ADA59CE483A2E2
:1014A000FEC6FE05FD44F3E2FD80FD00FC60FB602E
:1014B000FC60F3E0EB60E280F283E243DA02B9A180
:1014C0006A685A0649A53924536F42CC32292187CC
:1014D00073AE630C4208210400003C027804B3069A
:1014E000EE08280B610D990FD01106143A166C18EE
:1014F0009D1ACB1CF71E212148236C258E27AC2971
:10150000C72BDF2DF32F0332103418361C381C3A4A
:10151000173C0E3EFF3FEC41D443B64593476A4922
:101520003C4B084DCD4E8D504652F953A5554B5767
:10153000EA58825A135C9C5D1F5F9A600D62796362
:10154000DD6439668D67D9681D6A596B8C6CB76D1F
:10155000D96EF36F04710C720B730174EE74D27553
:10156000AD767F7747780679BB79677A0A7BA27B6D
:10157000327CB77C337DA57D0D7E6C7EC07E0B7F7B
:101580004B7F827FAF7FD27FEB7FFA7FFF7F0000B0
:10159000000000000000F03F0000000000002440B8
:1015A00000000000000059400000000000408F4093
:1015B000000000000088C34000000000006AF840FE
:1015C0000000000080842E4100000000D012634122
:1015D0000000000084D797410000000065CDCD4198
:1015E00000000000000404040404040404040400D3
:1015F00000000000060606060606050000000000C2
:1016000000000000000000000000000002000000D8
:1016100000000000000004000002000202000000C0
:1016200000000000020202020002000000020000AE
:101630000000000002000000000101050505010591
:101640000000000000100101000000001002020C68
:101650000C12120000000000F8D50208D73B010868
:101660000000000000000000013E01080000000032
:1016700041040000F8D502082947010891470108F4
:1016800000000000AD47010804010D000006000045
:10169000F8D502086F4A01080000000000000000B1
:1016A00000000000D127D12744020000F8D502082D
:1016B000094B0108454B0108000000005D4B010883
:1016C0000401820085030000F8D50208655A01086C
:1016D0009D5A0108000000006D5C0108D127D12748
:1016E000C4020000F8D502080D960108AD96010865
:1016F00000000000D19601088200D12705040000F7
:10170000F8D50208139C0108459C01080000000060
:101710005D9801080000000080020000F8D5020872
:1017200097A70108C3AF010800000000EDAF010852
:10173000D127D127C0030000F8D50208FDB9010860
:1017400079BA010800000000BDBA0108D127D127ED
:10175000C0040000F8D50208FDCA0108000000001E
:101760000000000011CB0108D127D127C0020000E2
:10177000F8D50208DD1A0208000000000000000091
:10178000551B0208D1278200C50200003817030844
:10179000000000000000000000000000BD1C020866
:1017A00000000000C004000074160308C9200208ED
:1017B00000000000000000002121020800000000DD
:1017C00085070000F8D50208633102088B31020852
:1017D000000000009531020834001E008402000061
:1017E000F8D50208F13202082D330208000000008B
:1017F0008D330208D127D12785030000F8D50208D0
:10180000E5390208FF3B020800000000293C0208FD
:10181000040182004406000000C1814001C08041F3
:1018200001C0804100C1814001C0804100C18140B0
:1018300000C1814001C0804101C0804100C18140A0
:1018400000C1814001C0804100C1814001C0804190
:1018500001C0804100C1814001C0804100C1814080
:1018600000C1814001C0804100C1814001C0804170
:1018700001C0804100C1814000C1814001C0804160
:1018800001C0804100C1814001C0804100C1814050
:1018900000C1814001C0804101C0804100C1814040
:1018A00000C1814001C0804100C1814001C0804130
:1018B00001C0804100C1814000C1814001C0804120
:1018C00001C0804100C1814001C0804100C1814010
:1018D00000C1814001C0804100C1814001C0804100
:1018E00001C0804100C1814001C0804100C18140F0
:1018F00000C1814001C0804101C0804100C18140E0
:1019000000C1814001C0804100C1814001C08041CF
:1019100001C0804100C1814000C0C101C30302C2B7
:10192000C60607C705C5C404CC0C0DCD0FCFCE0E1F
:101930000ACACB0BC90908C8D81819D91BDBDA1A8F
:101940001EDEDF1FDD1D1CDC14D4D515D71716D6FF
:10195000D21213D311D1D010F03031F133F3F2326F
:1019600036F6F737F53534F43CFCFD3DFF3F3EFEDF
:10197000FA3A3BFB39F9F83828E8E929EB2B2AEA4F
:10198000EE2E2FEF2DEDEC2CE42425E527E7E626BF
:1019900022E2E323E12120E0A06061A163A3A2622F
:1019A00066A6A767A56564A46CACAD6DAF6F6EAE9F
:1019B000AA6A6BAB69A9A86878B8B979BB7B7ABA0F
:1019C000BE7E7FBF7DBDBC7CB47475B577B7B6767F
:1019D00072B2B373B17170B05090915193535292EF
:1019E00096565797559594549C5C5D9D5F9F9E5E5F
:1019F0005A9A9B5B99595898884849894B8B8A4ACF
:101A00004E8E8F4F8D4D4C8C44848545874746863E
:101A1000824243834181804064656661756C745481
:101A200061736B005361000057650000546800004B
:101A30004D6F0000467200005375000054750000A1
:101A40004A756E65000000004D6172636800000019
:101A5000417072696C000000446563656D62657277
:101A60000000000053657074656D626572000000CF
:101A70004E6F76656D626572000000004F63746F93
:101A80006265720041756775737400004D6179007D
:101A90004A756C79000000004A616E7561727900C8
:101AA000466562727561727900000000323032332F
:101AB0000A323032320A323032310A323032300AAF
:101AC000323031390A323031380A323031370A3265
:101AD0003031360A323031350A323031340A323060
:101AE00031330A323031320A323031310A32303158
:101AF000300A323030390A323030380A323030373A
:101B00000A323030360A323030350A323030340A58
:101B1000323030330A323030320A323030310A3229
:101B20003030300A313939390A313939380A3139E6
:101B300039370A313939360A313939350A313939C3
:101B4000340A313939330A313939320A31393931C4
:101B50000A313939300A313938390A313938380AD5
:101B6000313938370A313938360A313938350A319E
:101B70003938340A313938330A313938320A31398F
:101B800038310A313938300A313937390A31393781
:101B9000380A313937370A313937360A313937356A
:101BA0000A313937340A313937330A313937320A91
:101BB000313937310A313937300A313936390A315A
:101BC0003936380A313936370A313936360A313939
:101BD00036350A313936340A313936330A31393635
:101BE000320A313936310A313936300A313935392C
:101BF0000A313935380A313935370A313935360A3B
:101C0000313935350A313935340A313935330A310C
:101C10003935320A313935310A313935300A3139FD
:101C200034390A313934380A313934370A313934E0
:101C3000360A313934350A313934340A31393433DA
:101C40000A313934320A313934310A313934300AFF
:101C5000313933390A313933380A313933370A31B6
:101C60003933360A313933350A313933340A3139A7
:101C700033330A313933320A313933310A313933A6
:101C8000300A313932390A313932380A313932378A
:101C90000A313932360A313932350A313932340AA9
:101CA000313932330A313932320A313932310A317B
:101CB0003932300A313931390A313931380A31395A
:101CC00031370A313931360A313931350A31393152
:101CD000340A313931330A313931320A313931314B
:101CE0000A313931300A313930390A313930380A5C
:101CF000313930370A313930360A313930350A3125
:101D00003930340A313930330A313930320A313915
:101D10003031000030310A30320A30330A30340AB0
:101D200030350A30360A30370A30380A30390A314D
:101D3000300A31310A3132000A0000002000000070
:101D4000312300002C0000002D0000002E000000B8
:101D50003A000000414243005F00000061000000C3
:101D600062000000630000006400000065000000E5
:101D70006600000067000000690000006A000000C3
:101D80006B0000006D0000006E0000006F0000009E
:101D9000700000007100000072000000730000007D
:101DA000740000007500000076000000770000005D
:101DB00078000000790000007A000000EF808C00BD
:101DC000EF819300EF819400EF959A00EF849C00DF
:101DD000EFA2A2000000000041000000420000004D
:101DE00043000000440000004500000046000000E1
:101DF0004700000048000000490000004A000000C1
:101E00004B0000004C0000004D0000004E000000A0
:101E10004F00000050000000510000005200000080
:101E20005300000054000000550000005600000060
:101E30005700000058000000590000005A00000040
:101E40006162630021000000220000002300000006
:101E500024000000250000002600000027000000EC
:101E600028000000290000002A0000002B000000CC
:101E70002F000000300000003100000032000000A0
:101E80003300000034000000350000003600000080
:101E90003700000038000000390000003B0000005F
:101EA0003C0000003D0000003E0000003F0000003C
:101EB000400000005B0000005C0000005D000000CE
:101EC0007B0000007D0000002B2F2D0042746E313E
:101ED0000000000042746E320000000042746E3355
:101EE0000000000042746E340000000042746E3541
:101EF00000000000141F030800000020040300007D
:101F00005C0A0008E41F030804030020CC60010001
:101F1000F44400084132018210031224F43CC079D9
:101F2000C404011F29488102272DA93401581E38F5
:101F30001A030830041A3C041A28041A2C041A3410
:101F4000041A24041A98041AA0041A48041A500403
:101F50001A8C041A40041A90041A84041A64041A8D
:101F60007C041A70041A58041E141D0308AC0821BE
:101F700032FF1809FFFF1CD802081CD9041ADA0422
:101F80001ADB0429109904411ACC081ACC241ACC63
:101F9000241A702439109904014F022080C5D4C33B
:101FA000B2A1021B70180E254A020851490208C945
:101FB00048020845041ADD0C1A01041A29041ECC33
:101FC0001E0308D4041ADC041E381D0308E4082A82
:101FD000EC14190C9182A05A4004017E1AAA010146
:041FE00010000000ED
:040000050800019955
:00000001FF
